# Created by Open3D 
# object name: A_plain_15k
# number of vertices: 7506
# number of triangles: 15000
v -0.000781913 0.815894 0.6422
vn 0.0291236 -0.394113 0.9186
v -0.0104175 0.831135 0.644732
vn -0.221556 -0.101175 0.969885
v 0.00389941 0.864088 0.635078
vn 0.0811295 0.326378 0.941751
v -0.0371302 1.03836 0.559101
vn -0.173653 -0.182733 0.967705
v -0.0790382 1.07593 0.559533
vn -0.117498 -0.00993082 0.993023
v -0.0256153 1.09081 0.563029
vn -0.032938 0.0503506 0.998188
v 0.0388821 1.08649 0.562962
vn 0.0304492 0.0842672 0.995978
v 0.0115936 1.03683 0.562358
vn 0.0731634 -0.0556897 0.995764
v -0.0263821 1.18087 0.551811
vn -0.0195943 0.156892 0.987421
v -0.0726476 1.11658 0.556996
vn -0.157126 0.132451 0.978656
v -0.0367815 1.00929 0.549758
vn -0.786532 -0.0985338 0.609638
v 0.0780929 1.07388 0.559436
vn 0.132872 -0.0516112 0.989789
v 0.0764311 1.11627 0.556937
vn 0.188701 0.151272 0.970314
v 0.0367899 1.00929 0.549758
vn 0.548425 -0.207989 0.80992
v 0.0130769 0.799082 0.619422
vn 0.072755 -0.898518 0.432865
v -0.0356743 0.804837 0.621877
vn -0.29273 -0.788285 0.541217
v 0.00367262 0.950612 0.600687
vn 0.188742 0.418068 0.888592
v -0.0495077 0.836278 0.610501
vn -0.789644 0.291047 0.540143
v -0.068493 0.812324 0.585199
vn -0.922847 0.121529 0.365491
v -0.0382712 0.82462 0.629205
vn -0.697588 -0.0644124 0.713598
v -0.0190657 0.846418 0.639087
vn -0.575146 0.335914 0.745901
v -0.0365854 0.888185 0.597418
vn -0.833934 0.274145 0.478956
v -0.0146677 0.877963 0.625209
vn -0.461933 0.364528 0.80854
v 0.04564 0.807967 0.615079
vn 0.564143 -0.544505 0.620692
v 0.0685014 0.812324 0.585199
vn 0.917608 0.19924 0.343946
v 0.0431175 0.831428 0.623232
vn 0.791965 0.188914 0.580606
v 0.0264087 0.819169 0.636673
vn 0.414626 -0.403358 0.815713
v 0.0218856 0.843222 0.638961
vn 0.448129 0.247071 0.859149
v 0.0335 0.880339 0.606426
vn 0.838138 0.275135 0.470983
v 0.0208668 0.875122 0.622925
vn 0.578861 0.347034 0.737894
v -0.000408561 0.781992 0.568546
vn -0.0234546 -0.869334 0.493668
v -0.0302136 0.788433 0.577912
vn -0.0551603 -0.929829 0.363833
v -0.0635955 0.78738 0.572736
vn -0.258945 -0.920262 0.293369
v 0.0636039 0.78738 0.572736
vn 0.252794 -0.909902 0.328899
v -0.0748278 0.814881 0.548536
vn -0.909287 0.193086 0.368667
v -0.0744118 0.794576 0.544953
vn -0.807851 -0.552956 0.203999
v -0.0705489 0.794791 0.57287
vn -0.802569 -0.385181 0.455542
v 0.0199844 0.993838 0.566112
vn 0.601593 0.29689 0.741581
v -0.00358002 1.00483 0.570498
vn -0.223935 0.387884 0.894091
v -0.0185288 0.967676 0.583669
vn -0.632033 0.339606 0.696564
v -0.055279 0.907867 0.551626
vn -0.816857 0.193012 0.543591
v -0.0310118 0.984726 0.558327
vn -0.792863 0.165302 0.586552
v 0.0705573 0.794791 0.57287
vn 0.832736 -0.369511 0.412325
v 0.0748362 0.814881 0.548536
vn 0.903682 0.199528 0.378876
v 0.0552874 0.907867 0.551626
vn 0.817242 0.190494 0.543901
v 0.0442604 0.979447 0.538081
vn 0.818595 0.174502 0.547222
v -0.00855962 0.660534 0.560622
vn 0.0563918 -0.4378 0.897302
v 0.00423122 0.675296 0.562414
vn 0.0540831 0.0803237 0.995301
v 0.00214428 0.702196 0.565748
vn 0.0748526 -0.469272 0.879875
v 0.00880504 0.715345 0.567422
vn 0.0897035 0.0994777 0.990988
v -0.0397983 0.777794 0.552139
vn -0.41467 -0.262846 0.871184
v -0.0122358 0.761916 0.561646
vn -0.0180145 0.060783 0.997988
v 0.00497677 0.687721 0.555534
vn -0.0572518 0.0764457 0.995429
v -0.0399627 0.673109 0.5585
vn -0.203295 0.339494 0.918376
v -0.0431051 0.723003 0.563184
vn -0.241418 -0.0106255 0.970363
v -0.0537314 0.696564 0.548833
vn -0.341041 -0.475554 0.810888
v 0.0266474 0.787775 0.574926
vn 0.0584422 -0.944876 0.322171
v 0.0398067 0.777794 0.552139
vn 0.317138 -0.15974 0.93483
v 0.0545185 0.715558 0.558085
vn 0.402777 -0.191527 0.895035
v -0.197513 1.06806 0.516708
vn -0.57547 0.166609 0.800672
v -0.206476 1.03622 0.505067
vn -0.450525 -0.50898 0.733462
v -0.138902 1.07004 0.548211
vn -0.356503 0.151661 0.921903
v -0.164973 1.04962 0.535375
vn -0.449506 -0.193408 0.872088
v -0.163161 1.19509 0.503614
vn -0.619614 0.267624 0.737873
v -0.210271 1.19653 0.455091
vn -0.752033 0.238772 0.614357
v -0.186412 1.15772 0.492916
vn -0.663852 0.216652 0.715795
v -0.212869 1.09247 0.488573
vn -0.71978 0.249278 0.647902
v -0.232703 1.00058 0.452631
vn -0.615861 -0.491095 0.616069
v -0.231105 1.0342 0.482715
vn -0.748397 -0.319149 0.581417
v -0.250893 1.03491 0.447174
vn -0.9046 0.0196836 0.425807
v -0.222922 1.05445 0.494794
vn -0.808659 0.151408 0.56846
v -0.236812 1.09608 0.451825
vn -0.837874 0.19279 0.510686
v -0.165416 1.11071 0.522665
vn -0.568348 0.223053 0.791977
v -0.132009 1.04493 0.545999
vn -0.245444 -0.616654 0.747994
v -0.090878 1.24487 0.524102
vn -0.270883 0.343561 0.899215
v -0.0555204 1.25022 0.52947
vn -0.146856 0.394621 0.907032
v -0.0367309 1.28764 0.511975
vn -0.105178 0.541981 0.833783
v -0.00079209 1.26462 0.527516
vn -0.00470541 0.438923 0.898512
v 0.0221686 1.23871 0.537614
vn 0.0414934 0.293559 0.95504
v 0.0660848 1.26033 0.523737
vn 0.189861 0.414263 0.890134
v -0.129541 1.23835 0.509846
vn -0.446559 0.350273 0.823343
v -0.13538 1.18972 0.523577
vn -0.469496 0.218177 0.855554
v -0.099842 1.19165 0.538639
vn -0.298098 0.20854 0.931476
v -0.067472 1.18966 0.546054
vn -0.158873 0.225101 0.961295
v -0.147739 1.02822 0.523606
vn -0.126728 -0.811663 0.570212
v -0.122785 1.05633 0.551733
vn -0.179843 -0.163144 0.970072
v -0.0785218 1.0273 0.540599
vn -0.178082 -0.771981 0.610191
v -0.0581071 1.00676 0.526931
vn -0.565669 -0.464696 0.681232
v -0.031423 1.22275 0.542259
vn -0.0615259 0.289373 0.955237
v 0.0632784 1.03827 0.553971
vn 0.211306 -0.568991 0.794732
v 0.0666075 1.21952 0.538944
vn 0.157429 0.281056 0.946691
v 0.0390036 1.18613 0.55027
vn 0.0815251 0.174328 0.981307
v -0.143459 1.26682 0.485764
vn -0.538129 0.442831 0.71716
v -0.11895 1.29507 0.482232
vn -0.410689 0.583925 0.700261
v -0.0766223 1.31584 0.482766
vn -0.205102 0.648851 0.732752
v -0.094971 1.27856 0.50523
vn -0.287985 0.502693 0.815086
v -0.0325973 1.31765 0.490518
vn -0.057916 0.645686 0.761403
v 0.0152651 1.34314 0.46823
vn 0.0646366 0.712652 0.698533
v 0.032874 1.31823 0.489957
vn 0.0645706 0.649198 0.757873
v 0.0341996 1.29262 0.509894
vn 0.0790549 0.561892 0.823425
v -0.0200894 1.35571 0.454111
vn -0.0638364 0.745909 0.662981
v 0.0766306 1.31584 0.482766
vn 0.210979 0.64957 0.730443
v -0.18091 1.24667 0.464496
vn -0.685723 0.344336 0.641261
v -0.196689 1.00125 0.477243
vn -0.26832 -0.707533 0.65376
v -0.205749 0.873272 0.470562
vn -0.649038 -0.186919 0.737436
v -0.194947 0.925898 0.480303
vn -0.526638 0.281103 0.802267
v -0.202749 0.899959 0.477338
vn -0.599233 0.00206096 0.800572
v -0.162668 0.884331 0.502354
vn -0.43595 -0.0635994 0.897721
v -0.146563 0.919043 0.507422
vn -0.351335 0.0866445 0.932232
v -0.091483 0.79766 0.521981
vn -0.469017 0.0159401 0.883045
v -0.080141 0.883897 0.531878
vn -0.432056 0.0353348 0.901154
v -0.0755693 0.92598 0.524579
vn -0.319505 0.304274 0.897404
v -0.0718305 0.980907 0.498214
vn -0.631254 0.199316 0.749527
v -0.10313 1.01304 0.504923
vn -0.257796 -0.800575 0.540945
v 0.0581155 1.00676 0.526931
vn 0.586908 -0.481795 0.650701
v 0.0755777 0.92598 0.524579
vn 0.319505 0.304274 0.897404
v 0.0718389 0.980907 0.498214
vn 0.573391 0.217491 0.789886
v -0.0635524 0.738457 0.550726
vn -0.463151 0.141134 0.87497
v -0.125153 0.787146 0.510364
vn -0.501648 -0.0282119 0.864612
v -0.0811008 0.625443 0.51703
vn -0.47109 -0.225539 0.852764
v -0.0744563 0.710102 0.546142
vn -0.512462 -0.167698 0.842176
v -0.0509637 0.684605 0.544336
vn -0.478627 0.03998 0.877107
v -0.0434077 0.659775 0.556618
vn -0.407586 -0.316212 0.85667
v -0.0868383 0.67226 0.525022
vn -0.602823 0.030439 0.797294
v -0.113698 0.687634 0.505202
vn -0.487319 -0.241278 0.839229
v -0.128548 0.731706 0.511753
vn -0.570797 0.00582866 0.82107
v -0.145586 0.699256 0.494867
vn -0.678793 -0.172611 0.713755
v -0.0798694 0.685589 0.517384
vn -0.514024 0.182501 0.838136
v -0.023584 0.606018 0.530408
vn -0.125112 -0.302408 0.944932
v 0.0144429 0.614704 0.533759
vn 0.128489 -0.286858 0.949317
v -0.000419413 0.552867 0.534354
vn -0.0229902 -0.0805347 0.996487
v -0.0307211 0.589928 0.52746
vn -0.326319 -0.0683959 0.942782
v -0.0946559 0.580378 0.501097
vn -0.428412 -0.0994408 0.898095
v 0.0635607 0.738457 0.550726
vn 0.457144 0.145716 0.877374
v 0.0744202 0.794576 0.544953
vn 0.807851 -0.552956 0.203999
v 0.0341585 0.570727 0.527703
vn 0.255595 -0.0411154 0.965909
v 0.0497669 0.657635 0.553089
vn 0.385109 -0.3016 0.872198
v 0.0384141 0.678359 0.556436
vn 0.245307 0.305071 0.920194
v 0.0400168 0.691252 0.546257
vn 0.399982 0.145878 0.904839
v 0.064478 0.611145 0.520038
vn 0.29225 -0.320965 0.900873
v 0.0946642 0.580378 0.501097
vn 0.459884 -0.10307 0.881977
v 0.060189 0.679009 0.54573
vn 0.539844 0.397674 0.741905
v 0.0866775 0.687659 0.522894
vn 0.359384 -0.573899 0.735855
v 0.0769134 0.686133 0.519888
vn 0.526262 0.329471 0.783898
v -0.115483 1.00325 0.48763
vn -0.213416 -0.392555 0.894625
v -0.159306 0.775728 0.485666
vn -0.698547 -0.12003 0.705425
v -0.128186 0.960523 0.501688
vn -0.303826 0.436595 0.846802
v -0.190798 0.976742 0.460244
vn -0.475941 0.336933 0.812377
v -0.197418 0.982499 0.455203
vn -0.282802 -0.568346 0.772662
v -0.141125 1.01576 0.502455
vn -0.0890648 -0.817986 0.568301
v -0.154682 0.99268 0.477778
vn -0.269375 -0.328837 0.905154
v -0.138594 0.969777 0.484106
vn -0.256851 0.297126 0.919643
v -0.0900875 0.977952 0.490125
vn -0.250646 0.368979 0.895003
v -0.080626 0.999198 0.503136
vn -0.439274 -0.572395 0.692389
v -0.14534 0.642494 0.482316
vn -0.598462 -0.17683 0.781393
v -0.0894511 0.52996 0.499194
vn -0.651639 -0.312796 0.691032
v -0.167163 0.659438 0.459989
vn -0.836421 -0.131648 0.532043
v -0.182799 0.735779 0.44772
vn -0.823742 -0.149132 0.547
v -0.475238 -0.32721 0.458677
vn -0.59829 0.0263581 0.800846
v -0.414352 -0.328729 0.499856
vn -0.518709 0.123264 0.846018
v -0.393874 -0.282979 0.501949
vn -0.428566 0.189241 0.88347
v -0.458074 -0.213116 0.449857
vn -0.508099 0.209908 0.835329
v -0.00157219 0.506851 0.514453
vn -0.0836494 -0.848113 0.523171
v -0.0043637 0.524529 0.526779
vn -0.0342919 -0.444556 0.895094
v -0.0554939 0.528064 0.518418
vn -0.341263 -0.155151 0.927075
v 0.0332506 0.509921 0.513553
vn 0.13655 -0.800316 0.583822
v 0.0555023 0.528064 0.518418
vn 0.33562 -0.204564 0.919518
v -0.063701 0.505848 0.452748
vn -0.333353 -0.936574 -0.108191
v -0.0516745 0.503421 0.485458
vn -0.163854 -0.978985 0.121412
v -0.0592795 0.510899 0.501676
vn -0.328023 -0.805163 0.494078
v -0.0909942 0.519138 0.47408
vn -0.518094 -0.849655 0.098309
v -0.110358 0.535277 0.472507
vn -0.75823 -0.535382 0.372094
v -0.162198 0.611199 0.449073
vn -0.795786 -0.273255 0.540422
v -0.0168433 0.499294 0.486209
vn -0.050601 -0.991146 0.122759
v 0.0315032 0.50074 0.489833
vn 0.11179 -0.983395 0.142959
v 0.00148112 0.497605 0.45495
vn 0.0514314 -0.997559 -0.0472308
v 0.0668027 0.506485 0.467967
vn 0.304996 -0.952353 0.00102117
v 0.0630569 0.510551 0.499383
vn 0.380798 -0.830856 0.405797
v -0.300754 -0.35544 0.540033
vn -0.155984 -0.0330845 0.987205
v -0.279055 -0.309496 0.539771
vn -0.083241 0.112364 0.990174
v -0.306499 -0.280536 0.531091
vn -0.167748 0.190298 0.967289
v -0.341871 -0.350364 0.531481
vn -0.250589 0.0557583 0.966487
v -0.343967 -0.306248 0.526802
vn -0.309451 0.181431 0.933447
v -0.386143 -0.336452 0.514214
vn -0.391334 0.0582115 0.918406
v -0.321242 -0.225144 0.513272
vn -0.209922 0.284665 0.93536
v -0.213121 -0.200664 0.51642
vn -0.0169754 0.32331 0.946141
v -0.243835 -0.262478 0.533888
vn -0.0147596 0.215262 0.976445
v -0.154963 -0.287606 0.534684
vn 0.101774 0.141579 0.984681
v -0.223077 -0.304469 0.541145
vn 0.025639 0.0723621 0.997049
v -0.25658 -0.358851 0.543696
vn -0.0317456 -0.0285116 0.999089
v -0.254685 -0.223565 0.522395
vn -0.106375 0.333788 0.936627
v -0.210178 -0.12919 0.48718
vn -0.0587722 0.421096 0.90511
v -0.40732 -0.2255 0.481224
vn -0.43785 0.231163 0.868821
v -0.307341 -0.112229 0.467937
vn -0.153748 0.451346 0.879004
v -0.342722 -0.184113 0.492683
vn -0.256894 0.354414 0.899109
v -0.363284 -0.225313 0.500872
vn -0.339116 0.262395 0.90341
v -0.419251 -0.177037 0.460973
vn -0.420451 0.305193 0.854446
v -0.287101 -0.161951 0.49481
vn -0.132375 0.390508 0.911032
v -0.360135 -0.144193 0.470967
vn -0.275182 0.417704 0.865909
v -0.171812 -0.149358 0.497255
vn 0.00691217 0.385545 0.922663
v -0.0880039 -0.29286 0.523564
vn 0.249298 0.100676 0.963179
v -0.031301 -0.350882 0.509079
vn 0.265346 0.0262437 0.963796
v -0.0802372 -0.22267 0.510355
vn 0.277238 0.200498 0.939649
v -0.111423 -0.219514 0.516239
vn 0.164007 0.218368 0.961986
v -0.122137 -0.313155 0.532766
vn 0.160732 0.0578602 0.985301
v -0.159363 -0.234733 0.52569
vn 0.0500483 0.233088 0.971167
v -0.173992 -0.352666 0.541104
vn 0.0751344 0.0111983 0.997111
v -0.152753 -0.188394 0.511489
vn 0.0630577 0.328115 0.942531
v -0.064641 -0.179386 0.492923
vn 0.27482 0.344542 0.897644
v -0.0356041 -0.264857 0.503399
vn 0.310403 0.130886 0.941551
v -0.0662097 -0.115601 0.464391
vn 0.282924 0.425694 0.859499
v -0.0993738 -0.12629 0.478926
vn 0.196639 0.427849 0.882201
v -0.10841 -0.174606 0.501861
vn 0.155482 0.351532 0.923174
v -0.136721 -0.125527 0.484451
vn 0.0821825 0.442184 0.893151
v -0.00984436 -0.20568 0.48256
vn 0.167136 0.2225 0.9605
v -0.00296823 -0.32438 0.500724
vn 0.0178732 0.113622 0.993363
v -0.0103491 -0.166816 0.46748
vn 0.256965 0.420077 0.870347
v 0.0306082 -0.21277 0.491619
vn -0.253978 0.238652 0.937305
v 0.0356125 -0.264857 0.503399
vn -0.279803 0.111308 0.953583
v 0.0200123 -0.417534 0.511084
vn -0.124137 0.0906737 0.988114
v 0.0121937 -0.160397 0.464659
vn -0.298452 0.417442 0.858294
v 0.0492407 -0.32935 0.514142
vn -0.270326 0.0435475 0.961783
v 0.0746276 -0.168159 0.491956
vn -0.231521 0.343701 0.910092
v -0.488482 -0.395757 0.439698
vn -0.589145 -0.267813 0.762355
v -0.419122 -0.402413 0.489748
vn -0.534038 -0.279907 0.797782
v -0.411873 -0.372589 0.501021
vn -0.490522 -0.0896236 0.866808
v -0.465632 -0.360815 0.46458
vn -0.605063 -0.111255 0.788366
v -0.104447 -0.614767 0.558354
vn -0.0613156 0.208993 0.975993
v -0.07628 -0.64351 0.56116
vn 0.0328115 0.100498 0.994396
v -0.112632 -0.671855 0.561933
vn -0.142385 0.0252276 0.98949
v -0.0580809 -0.744993 0.567054
vn -0.0087437 0.131319 0.991302
v -0.10399 -0.758422 0.56609
vn -0.162315 0.222198 0.961396
v -0.169924 -0.76318 0.552387
vn -0.311024 0.189008 0.931418
v 0.0922039 -0.718666 0.563157
vn 0.0254027 0.0871886 0.995868
v -0.000342369 -0.836445 0.58529
vn 0.000709321 0.167274 0.98591
v 0.00923989 -0.637237 0.556172
vn 0.00236946 0.0985422 0.99513
v 0.11264 -0.671855 0.561933
vn 0.0508874 0.0500294 0.997451
v 0.0592221 -0.755153 0.569252
vn 0.00698383 0.196924 0.980394
v -0.2021 -0.749981 0.537015
vn -0.445298 0.174565 0.878201
v -0.201272 -0.862852 0.562051
vn -0.45528 0.153514 0.877014
v -0.196314 -0.919532 0.570326
vn -0.389748 0.0321489 0.92036
v -0.20951 -1.00757 0.564611
vn -0.422745 0.0086128 0.906208
v -0.170308 -1.00518 0.580045
vn -0.289507 0.016868 0.957027
v -0.185353 -1.07723 0.576938
vn -0.400223 -0.0133675 0.91632
v -0.23079 -1.1373 0.552458
vn -0.435944 -0.0991698 0.894493
v -0.18813 -1.235 0.556423
vn -0.33465 -0.109554 0.935953
v -0.171155 -1.14394 0.576964
vn -0.299746 -0.121875 0.946202
v -0.155516 -0.824641 0.573457
vn -0.253079 0.214555 0.943354
v -0.0885579 -0.823175 0.585098
vn -0.105306 0.228521 0.967827
v -0.149858 -0.878403 0.583377
vn -0.292403 0.0785739 0.953062
v -0.106553 -0.86039 0.590189
vn -0.129346 0.130745 0.982942
v -0.054733 -0.846196 0.590533
vn 0.0194786 0.18607 0.982343
v -0.0553349 -0.889238 0.595477
vn 0.0283397 0.065145 0.997473
v -0.0921423 -0.902932 0.594956
vn -0.0770313 0.0101315 0.996977
v -0.135341 -0.91347 0.589082
vn -0.198948 0.0185092 0.979835
v -0.118403 -0.982094 0.591237
vn -0.137711 0.0134842 0.990381
v -0.0566828 -0.955738 0.595035
vn -0.00671158 0.00460679 0.999967
v -0.0818123 -1.04855 0.596512
vn -0.0230441 0.0108378 0.999676
v 0.00471117 -0.914408 0.593208
vn 0.00170795 0.0418141 0.999124
v -0.00739008 -1.02369 0.59452
vn -0.00770881 -0.0198592 0.999773
v 0.0696526 -0.845961 0.59045
vn 0.0178669 0.174419 0.984509
v 0.0625242 -0.903116 0.59595
vn 0.00615532 0.0337447 0.999412
v 0.0888568 -1.04118 0.596316
vn 0.0391197 -0.00810165 0.999202
v -0.152931 -1.07907 0.587293
vn -0.23237 -0.0247412 0.972313
v -0.120775 -1.07252 0.593917
vn -0.140303 -0.0200058 0.989906
v -0.0528784 -1.08546 0.595034
vn 0.0608289 -0.0675231 0.995862
v -0.0937961 -1.09843 0.595311
vn -0.019416 -0.089254 0.99582
v -0.115171 -1.16064 0.586866
vn -0.122462 -0.137102 0.982958
v -0.139691 -1.24316 0.569111
vn -0.154283 -0.120027 0.980709
v -0.0362379 -1.2115 0.582463
vn -0.0147116 -0.112436 0.99355
v -0.00299994 -1.14403 0.585988
vn 0.000563329 -0.077162 0.997018
v 0.0415511 -1.20942 0.582386
vn 0.00260835 -0.107879 0.994161
v -0.00799911 -1.22769 0.580136
vn 0.053853 -0.4207 0.9056
v -0.0594435 -1.26319 0.576577
vn 0.00430516 -5.81079e-05 0.999991
v -0.00850876 -1.25264 0.55513
vn 0.338712 -0.370219 0.864993
v 0.0586201 -1.13539 0.591879
vn -0.0325004 -0.0807451 0.996205
v 0.0402456 -1.24006 0.578168
vn -0.210796 -0.381385 0.900061
v 0.00695141 -1.25905 0.553251
vn -0.324905 -0.0907523 0.941382
v -0.314291 -0.43667 0.521427
vn -0.232459 -0.37739 0.896404
v -0.328694 -0.40352 0.528614
vn -0.213972 -0.207833 0.954474
v -0.352307 -0.375465 0.526741
vn -0.335159 -0.11826 0.93471
v -0.373659 -0.4165 0.509324
vn -0.3734 -0.277976 0.885044
v -0.153556 -0.56866 0.53826
vn -0.214274 0.204168 0.955198
v -0.207675 -0.512566 0.515133
vn -0.24863 0.0662592 0.96633
v -0.199416 -0.477296 0.521385
vn -0.086088 -0.222338 0.971161
v -0.15239 -0.496941 0.52376
vn -0.0619321 0.0585003 0.996364
v -0.139688 -0.457694 0.525707
vn 0.041906 -0.127189 0.990993
v -0.168181 -0.393868 0.538252
vn 0.106085 -0.108363 0.988435
v -0.231864 -0.39433 0.540738
vn 0.0112897 -0.134291 0.990878
v -0.264927 -0.487053 0.509731
vn -0.174517 -0.316057 0.932551
v -0.271027 -0.413753 0.535097
vn -0.100387 -0.246323 0.963975
v -0.200987 -0.725635 0.53492
vn -0.438552 0.039593 0.897833
v -0.242445 -0.614543 0.512186
vn -0.444112 0.0277 0.895543
v -0.339095 -0.684516 0.463607
vn -0.455641 0.0296992 0.889668
v -0.296837 -0.778292 0.491039
vn -0.475071 0.149993 0.86707
v -0.173751 -0.656486 0.546538
vn -0.358826 0.0433078 0.932399
v -0.155945 -0.627826 0.550187
vn -0.271791 0.140892 0.951987
v -0.22905 -0.564306 0.512341
vn -0.344398 0.116504 0.931567
v -0.283384 -0.546627 0.491258
vn -0.39826 -0.0823182 0.913572
v -0.315117 -0.497065 0.490839
vn -0.337297 -0.370244 0.865534
v -0.345384 -0.504312 0.47379
vn -0.445323 -0.495479 0.74578
v -0.372394 -0.524637 0.449171
vn -0.498698 -0.177891 0.848325
v -0.372132 -0.450413 0.495159
vn -0.385279 -0.433707 0.814529
v -0.427234 -0.44815 0.463576
vn -0.520172 -0.457909 0.72093
v -0.344755 -0.621294 0.457806
vn -0.475068 0.0253735 0.879583
v -0.0743333 -0.479268 0.521961
vn 0.078196 0.0881396 0.993034
v -0.088098 -0.425825 0.522752
vn 0.177127 -0.0461391 0.983106
v -0.00720733 -0.506031 0.522558
vn 0.00574538 0.199136 0.979955
v -0.0389981 -0.562948 0.54431
vn 0.00508577 0.298182 0.954495
v -0.0949859 -0.51747 0.530932
vn -0.0215743 0.265092 0.963982
v -0.137497 -0.530152 0.531291
vn -0.127597 0.198549 0.97175
v -0.111074 -0.361564 0.531867
vn 0.218034 -0.0196096 0.975744
v 0.00210359 -0.577477 0.546552
vn 0.00310316 0.208218 0.978078
v 0.0949943 -0.51747 0.530932
vn -0.0147031 0.250584 0.967983
v 0.0903146 -0.481482 0.523608
vn -0.0609455 0.0532512 0.99672
v -0.147755 -0.722587 0.554429
vn -0.227001 0.0375651 0.97317
v 0.0839272 -0.411586 0.522826
vn -0.174848 -0.0268866 0.984228
v -0.303367 -0.841738 0.497898
vn -0.516974 0.0938907 0.850836
v -0.231698 -0.930504 0.552196
vn -0.52366 0.0696191 0.849078
v -0.323448 -0.928072 0.492314
vn -0.54165 0.0532172 0.838918
v -0.250912 -0.993409 0.542331
vn -0.505021 0.0238208 0.862778
v -0.308055 -1.03024 0.507215
vn -0.547226 0.0284559 0.836501
v -0.24621 -1.08954 0.547476
vn -0.504636 -0.0104617 0.863269
v -0.333305 -1.11312 0.491096
vn -0.557018 -0.0122673 0.83041
v -0.299257 -1.14889 0.510657
vn -0.49532 -0.0532679 0.867076
v -0.234726 -1.25071 0.536478
vn -0.423388 -0.0201912 0.905724
v -0.177404 -1.26588 0.559346
vn -0.270069 0.0848241 0.959097
v -0.292275 -1.29991 0.507495
vn -0.493283 -0.0125538 0.869778
v -0.449648 -2.21009 0.491076
vn -0.38774 0.147397 0.909908
v -0.146837 -1.37696 0.579634
vn -0.344157 0.02946 0.93845
v -0.222974 -1.35883 0.546475
vn -0.441165 0.00745616 0.897395
v -0.231647 -1.42471 0.539438
vn -0.445673 -0.0280942 0.894755
v -0.106463 -1.49293 0.58465
vn -0.257184 -0.0958906 0.961593
v -0.127181 -1.28056 0.5719
vn -0.153361 0.128417 0.979791
v -0.166036 -1.46252 0.567575
vn -0.369107 -0.0653274 0.927088
v -0.0845981 -1.36749 0.591876
vn -0.152494 0.0933424 0.983887
v -0.114903 -1.40199 0.588661
vn -0.257237 -0.0334673 0.965769
v -0.020283 -1.30868 0.590344
vn -0.0476295 0.25957 0.964549
v -0.138462 -1.52905 0.570823
vn -0.316481 -0.0781809 0.945372
v -0.0307113 -1.33566 0.594817
vn -0.0922444 0.136155 0.986384
v -0.0742634 -1.44468 0.5957
vn -0.0927952 -0.035137 0.995065
v -0.00576172 -1.26624 0.557161
vn 0.196083 0.664759 0.720865
v 0.00618297 -1.28579 0.581703
vn -0.00994365 0.457317 0.889248
v 0.017938 -1.32198 0.593048
vn 0.049125 0.183721 0.98175
v 0.000383762 -1.38451 0.600046
vn -0.0276671 0.031037 0.999135
v 0.0392601 -1.42005 0.599557
vn 0.0812805 -0.0198235 0.996494
v 0.0224861 -1.45974 0.597754
vn 0.0236866 -0.100721 0.994633
v -0.0317303 -1.26808 0.572096
vn 0.174424 0.524639 0.833265
v -0.0329127 -1.49872 0.593083
vn -0.00993771 -0.135316 0.990753
v 0.0415309 -1.26706 0.575052
vn -0.141569 0.121592 0.982432
v 0.0978363 -1.26901 0.573993
vn 0.123788 0.0406254 0.991477
v 0.0684055 -1.33006 0.589317
vn 0.133491 0.156884 0.978554
v 0.0609901 -1.37659 0.596268
vn 0.121774 0.0701064 0.990079
v 0.101775 -1.44888 0.590495
vn 0.196883 -0.0751647 0.977541
v -0.0617443 -1.50846 0.590271
vn -0.176352 -0.115659 0.977509
v -0.203904 -1.64652 0.540286
vn -0.284373 -0.0632622 0.956624
v -0.0546444 -1.68399 0.5669
vn -0.0454046 -0.0492175 0.997756
v -0.0319009 -1.61287 0.574856
vn -0.0233706 -0.132724 0.990877
v -0.0993803 -1.65064 0.565964
vn -0.0402243 -0.133474 0.990236
v -0.126419 -1.72011 0.556563
vn -0.193597 -0.0579214 0.97937
v 0.0400043 -1.63687 0.57155
vn 0.0309092 -0.137665 0.989996
v 0.0578559 -1.69201 0.566009
vn 0.0339476 -0.0493909 0.998202
v 0.0755109 -1.50559 0.588698
vn 0.117112 -0.127185 0.984941
v -0.0564709 -1.8381 0.562621
vn -0.0846834 -0.00668489 0.996385
v -0.101449 -1.84898 0.556912
vn -0.196053 -0.0246267 0.980284
v 0.00299167 -1.7961 0.564652
vn 0.0167158 -0.00442315 0.99985
v 0.00197967 -1.94173 0.567945
vn -0.0181835 0.0042035 0.999826
v 0.067777 -1.85314 0.56174
vn 0.0794003 -0.0096398 0.996796
v -0.0610217 -1.98064 0.563421
vn -0.152415 -0.0199268 0.988116
v -0.0190428 -2.0071 0.565101
vn -0.0282143 -0.0983869 0.994748
v -0.0169783 -2.07753 0.554972
vn -0.0357476 -0.193194 0.980509
v -0.0787406 -2.03265 0.555629
vn -0.169275 -0.12408 0.977727
v 0.0449405 -1.98765 0.564559
vn 0.0981324 -0.0231574 0.994904
v 0.0441501 -2.04037 0.559549
vn 0.0722386 -0.138587 0.987712
v -0.267047 -1.62825 0.519107
vn -0.367376 -0.00309804 0.930067
v -0.24811 -1.55543 0.525474
vn -0.405174 -0.0325298 0.913661
v -0.344442 -1.5877 0.487479
vn -0.410562 0.0376869 0.911054
v -0.206172 -1.76377 0.53173
vn -0.333342 -0.07729 0.939633
v -0.369506 -1.29567 0.462481
vn -0.541232 -0.0278673 0.840411
v -0.404393 -1.36328 0.437065
vn -0.531412 0.0375027 0.846283
v -0.317038 -1.47273 0.494268
vn -0.462373 0.0248444 0.886338
v -0.364901 -1.61224 0.478469
vn -0.451635 0.0061541 0.892182
v -0.342575 -1.65964 0.488833
vn -0.388522 -0.0409265 0.92053
v -0.356759 -1.69307 0.477333
vn -0.467053 -0.14295 0.872598
v -0.292601 -1.70638 0.506367
vn -0.37224 -0.0963304 0.923124
v -0.229076 -1.80843 0.518038
vn -0.396999 -0.11692 0.910341
v -0.13959 -1.8653 0.547577
vn -0.279906 -0.0416039 0.959125
v -0.183405 -1.94901 0.525488
vn -0.467617 -0.0788514 0.880407
v -0.172141 -1.88793 0.535436
vn -0.419134 -0.0838693 0.904042
v -0.310857 -1.79748 0.482669
vn -0.417575 -0.136952 0.898263
v -0.353802 -1.78124 0.462456
vn -0.533688 -0.102215 0.839482
v -0.213679 -2.04033 0.491659
vn -0.319357 -0.0999477 0.942349
v -0.23118 -1.97122 0.494534
vn -0.493848 -0.122223 0.860916
v -0.260582 -1.93433 0.485392
vn -0.412712 -0.123561 0.902442
v -0.317811 -1.85593 0.472988
vn -0.299394 -0.0425016 0.953182
v -0.323697 -2.12546 0.490083
vn 0.273607 0.0718644 0.959153
v -0.356989 -2.16206 0.501244
vn 0.114584 0.12178 0.985921
v -0.283649 -2.0197 0.479947
vn 0.0665275 -0.0129295 0.997701
v -0.332742 -2.05326 0.485974
vn 0.056836 0.101626 0.993198
v -0.352588 -1.91836 0.469238
vn -0.0920085 0.14048 0.985799
v -0.380033 -2.2549 0.514811
vn -0.0300212 0.125641 0.991621
v -0.413932 -2.09025 0.48441
vn -0.276163 0.160594 0.947599
v -0.35926 -1.88515 0.463287
vn -0.242786 0.115201 0.963215
v -0.33146 -1.92839 0.472821
vn -0.0435335 0.0926244 0.994749
v -0.2876 -2.17045 0.480924
vn 0.432961 0.106403 0.895111
v -0.24368 -2.04047 0.480191
vn -0.175641 -0.302555 0.936809
v -0.205969 -2.07992 0.480731
vn -0.498578 -0.37557 0.78126
v -0.161165 -2.01748 0.529663
vn -0.473444 -0.143223 0.869102
v -0.151254 -2.06699 0.523509
vn -0.482429 -0.280517 0.829803
v -0.130707 -1.97195 0.547833
vn -0.307994 -0.0593439 0.949536
v -0.0787452 -2.08305 0.546734
vn -0.168911 -0.222278 0.96024
v -0.0353578 -2.13011 0.540002
vn -0.114773 -0.30857 0.944252
v -0.0994807 -2.10367 0.535273
vn -0.310299 -0.319296 0.895413
v -0.119193 -2.0495 0.543108
vn -0.328285 -0.16818 0.929486
v -0.132091 -2.12069 0.5132
vn -0.489217 -0.396485 0.776831
v 0.0318549 -2.11822 0.543654
vn 0.0860552 -0.294197 0.951863
v 0.00351131 -2.15691 0.532788
vn 0.00353997 -0.361324 0.932434
v 0.052264 -2.08889 0.549837
vn 0.120863 -0.222646 0.967378
v -0.183506 -2.1162 0.473678
vn -0.540799 -0.521769 0.659768
v -0.0786624 -2.16559 0.516857
vn -0.295843 -0.413154 0.861267
v -0.115015 -2.15658 0.502728
vn -0.515442 -0.527319 0.675466
v -0.903008 -0.0428218 0.154337
vn -0.564041 0.317037 0.76246
v -0.935555 -0.0952552 0.147472
vn -0.620249 0.228426 0.750408
v -0.960071 -0.111695 0.131044
vn -0.691719 0.184361 0.698237
v -0.903509 -0.087599 0.169017
vn -0.517671 0.223934 0.825755
v -0.949544 -0.259207 0.154821
vn -0.433799 -0.0423218 0.900015
v -0.933568 -0.286668 0.157926
vn -0.27974 -0.132702 0.950861
v -0.899444 -0.114416 0.175986
vn -0.477982 0.115983 0.870679
v -0.901309 -0.171686 0.178699
vn -0.306304 -0.0349672 0.951291
v -0.938094 -0.195234 0.161594
vn -0.508377 0.0421766 0.860101
v -0.987001 -0.324083 0.131542
vn -0.487098 -0.0201261 0.873116
v -0.951882 -0.163676 0.149316
vn -0.618231 0.117526 0.77716
v -0.984167 -0.264857 0.133122
vn -0.629114 0.0568482 0.775231
v -0.207495 1.26681 0.417284
vn -0.729727 0.441065 0.522455
v -0.226905 1.21968 0.421191
vn -0.813209 0.26713 0.517043
v -0.260238 1.16821 0.385819
vn -0.880467 0.157242 0.447272
v -0.235779 1.27072 0.367681
vn -0.790085 0.448726 0.417624
v -0.175676 1.31222 0.414867
vn -0.654652 0.553688 0.514645
v -0.190023 1.32411 0.380391
vn -0.68214 0.599134 0.419194
v -0.264609 1.07297 0.400504
vn -0.933001 0.0630457 0.354307
v -0.269364 1.02467 0.392341
vn -0.947859 -0.0331562 0.316961
v -0.166637 1.27455 0.460291
vn -0.61636 0.512284 0.598051
v -0.136534 1.32378 0.442023
vn -0.488637 0.647103 0.585228
v -0.103211 1.33201 0.456313
vn -0.3435 0.696639 0.629842
v -0.0940486 1.37736 0.4045
vn -0.310759 0.785187 0.535639
v -0.0641554 1.35703 0.444511
vn -0.201822 0.745516 0.635196
v -0.0326111 1.38765 0.413297
vn -0.149406 0.813002 0.562766
v 0.0631913 1.3564 0.445495
vn 0.197826 0.738697 0.644353
v 0.0320429 1.3754 0.429208
vn 0.0973488 0.794079 0.599969
v -0.151323 1.34745 0.399023
vn -0.54387 0.681047 0.490287
v -0.12025 1.38276 0.377059
vn -0.430308 0.773875 0.464706
v -0.00702913 1.3964 0.402063
vn 0.00172956 0.840623 0.541618
v 0.0567972 1.40062 0.386545
vn 0.173142 0.838969 0.515899
v 0.094057 1.37736 0.4045
vn 0.305964 0.782947 0.541646
v -0.221536 0.964108 0.440456
vn -0.707704 0.0113519 0.706418
v -0.235659 0.866863 0.432755
vn -0.794203 -0.269174 0.544782
v -0.192446 0.800911 0.454739
vn -0.764831 -0.248342 0.594441
v -0.230163 0.802796 0.402766
vn -0.822252 -0.260319 0.506098
v -0.234565 0.893634 0.442026
vn -0.795916 -0.00580915 0.605379
v -0.256377 0.994126 0.411477
vn -0.830788 -0.272536 0.485299
v -0.261992 0.964531 0.391209
vn -0.873719 0.00725208 0.486376
v -0.22127 0.917087 0.458075
vn -0.755194 0.153598 0.637252
v -0.258287 0.79758 0.351415
vn -0.851551 -0.192365 0.487705
v -0.268932 0.866697 0.371951
vn -0.884795 -0.218753 0.411444
v -0.258341 0.904864 0.40811
vn -0.890189 -0.0730493 0.449698
v -0.277074 0.903049 0.363864
vn -0.94409 -0.0129994 0.329431
v -0.19749 0.620632 0.38009
vn -0.859096 -0.39491 0.325577
v -0.212742 0.662832 0.380039
vn -0.848544 -0.185924 0.495383
v -0.164023 0.592795 0.433169
vn -0.83555 -0.38215 0.394737
v -0.148768 0.565047 0.428478
vn -0.756738 -0.642733 0.119339
v -0.271663 1.23984 0.316621
vn -0.885615 0.324671 0.332076
v -0.221962 1.32757 0.314446
vn -0.765897 0.559618 0.316592
v -0.284834 1.15603 0.33478
vn -0.922662 0.11995 0.366478
v -0.257057 1.21226 0.371631
vn -0.876551 0.257715 0.406499
v -0.291339 0.984235 0.316023
vn -0.95796 -0.0143512 0.286542
v -0.253935 1.28237 0.309837
vn -0.823781 0.475139 0.309238
v -0.194937 1.35524 0.322037
vn -0.657109 0.672726 0.34007
v -0.293206 1.19359 0.293436
vn -0.93113 0.197425 0.306626
v -0.303213 1.13487 0.286075
vn -0.953927 0.0246546 0.299024
v -0.312233 1.09828 0.254299
vn -0.975341 -0.0283553 0.218873
v -0.151497 1.37662 0.353057
vn -0.570916 0.717303 0.399414
v -0.0946281 1.42055 0.327723
vn -0.362905 0.843632 0.395708
v -0.0622402 1.41644 0.356988
vn -0.192165 0.862307 0.468507
v -0.016083 1.42452 0.353708
vn -0.0549298 0.883382 0.465423
v 0.0580931 1.4224 0.347088
vn 0.197057 0.876033 0.440153
v 0.023091 1.42587 0.349157
vn 0.0543872 0.90507 0.421771
v -0.144133 1.40668 0.299978
vn -0.520588 0.785646 0.33429
v -0.0726578 1.44265 0.290952
vn -0.240109 0.912957 0.329934
v -0.0339553 1.43983 0.316445
vn -0.0748044 0.927857 0.365358
v 0.0674621 1.43929 0.304822
vn 0.247306 0.917312 0.312054
v -0.218888 0.632394 0.289466
vn -0.633981 -0.772743 -0.0306087
v -0.256914 0.678063 0.290605
vn -0.86756 -0.425634 0.257247
v -0.216728 0.632864 0.334256
vn -0.774842 -0.622575 0.109642
v -0.264809 0.727831 0.31766
vn -0.879319 -0.225397 0.419518
v -0.288044 0.819546 0.292841
vn -0.945424 -0.166071 0.280346
v -0.292583 0.87904 0.312511
vn -0.954191 -0.129433 0.269752
v -0.272552 0.723593 0.292915
vn -0.951626 -0.212742 0.221696
v -0.184968 0.606758 0.304596
vn -0.522503 -0.832851 -0.182621
v -0.0986713 0.540809 0.362121
vn -0.498306 -0.848713 -0.177135
v -0.517903 -0.308286 0.423905
vn -0.650355 0.0301306 0.759033
v -0.488053 -0.252154 0.438878
vn -0.566479 0.144574 0.811295
v -0.434519 -0.1269 0.433759
vn -0.406855 0.360064 0.839538
v -0.439526 -0.0551824 0.396502
vn -0.330907 0.437922 0.835897
v -0.48218 -0.0515798 0.374267
vn -0.438159 0.429181 0.789823
v -0.522373 -0.0912071 0.368259
vn -0.508491 0.342173 0.790161
v -0.595049 -0.269218 0.352567
vn -0.691308 0.00957009 0.722496
v -0.538557 -0.245311 0.399163
vn -0.636301 0.127872 0.76077
v -0.519016 -0.186058 0.401952
vn -0.580741 0.201325 0.788802
v -0.572498 -0.165892 0.354695
vn -0.653171 0.173797 0.736995
v -0.505923 -0.139342 0.39722
vn -0.514356 0.277858 0.811315
v -0.541321 -0.383823 0.399396
vn -0.691616 -0.0826988 0.717515
v -0.565874 -0.112221 0.344706
vn -0.609362 0.272298 0.744669
v -0.435339 0.0424679 0.344278
vn -0.334468 0.493745 0.802712
v -0.514999 -0.0346454 0.345123
vn -0.506581 0.42401 0.750727
v -0.55719 -0.0531105 0.324516
vn -0.564563 0.409964 0.716379
v -0.620506 -0.232129 0.324238
vn -0.708283 0.108483 0.697543
v -0.650255 -0.103717 0.265984
vn -0.648172 0.190026 0.737403
v -0.423167 0.113471 0.2945
vn -0.429966 0.634295 0.642494
v -0.402732 0.0954359 0.318073
vn -0.262679 0.576855 0.773459
v -0.472906 0.0624512 0.307952
vn -0.498377 0.57453 0.649258
v -0.503952 0.0174913 0.319296
vn -0.510682 0.487296 0.708341
v -0.625396 -0.297244 0.319216
vn -0.774433 -0.0744684 0.628258
v -0.599622 -0.371916 0.33441
vn -0.769857 -0.166272 0.616177
v -0.627015 -0.352375 0.300815
vn -0.825871 -0.296036 0.479895
v -0.686193 -0.202776 0.243742
vn -0.720543 -0.0465465 0.691846
v -0.0985515 0.526146 0.429151
vn -0.47765 -0.862882 -0.165183
v -0.128312 0.545545 0.423748
vn -0.601228 -0.795709 -0.0732909
v -0.0316177 0.502685 0.431336
vn -0.138055 -0.98086 -0.137309
v 0.0625278 0.506332 0.445335
vn 0.343171 -0.926261 -0.155802
v 0.00867817 0.502848 0.414457
vn 0.061436 -0.982185 -0.177592
v -0.055323 0.528038 0.32153
vn -0.367202 -0.923542 -0.1106
v -0.0223891 0.521776 0.321182
vn -0.0426108 -0.984678 -0.169096
v 0.0440412 0.524426 0.327325
vn 0.0916829 -0.981847 -0.166042
v -0.283833 -0.0593643 0.4428
vn -0.144688 0.509562 0.848182
v -0.365954 -0.0525919 0.421434
vn -0.244616 0.472939 0.846458
v -0.152269 0.0222429 0.403899
vn -0.0386646 0.572562 0.818949
v -0.207464 -0.012 0.422823
vn -0.0751223 0.533317 0.842573
v -0.174663 -0.0692677 0.457809
vn 0.00693489 0.479957 0.877265
v -0.232771 -0.0734958 0.457044
vn -0.0817243 0.475378 0.875977
v -0.28379 0.00479869 0.402318
vn -0.110706 0.562816 0.819135
v -0.373858 0.0282372 0.371083
vn -0.182861 0.52977 0.828194
v -0.229066 0.0346109 0.387736
vn -0.0880468 0.591172 0.801725
v -0.0582602 0.0226339 0.391805
vn 0.296782 0.427995 0.853663
v -0.099624 -0.0169728 0.422272
vn 0.172489 0.464494 0.868615
v -0.120291 0.018328 0.405892
vn 0.0937979 0.494217 0.864264
v 0.0662181 -0.115601 0.464391
vn -0.285163 0.428247 0.857489
v 0.0582686 0.0226339 0.391805
vn -0.291482 0.43015 0.854406
v 0.002629 -0.0462346 0.402951
vn -0.0142999 0.432623 0.901462
v -0.0998916 0.059965 0.37672
vn 0.0132892 0.580472 0.814171
v -0.349368 0.101345 0.326252
vn -0.103572 0.570186 0.81496
v -0.356789 0.14138 0.293892
vn -0.211183 0.64329 0.735921
v -0.129852 0.140146 0.319307
vn -0.0334737 0.587479 0.808547
v -0.177516 0.165184 0.293067
vn -0.0491007 0.713082 0.699359
v -0.147898 0.590431 0.275378
vn -0.538198 -0.837878 -0.0911189
v -0.129808 0.57756 0.263674
vn -0.565834 -0.823377 0.0433808
v -0.0173054 0.523512 0.286571
vn -0.00138228 -0.996424 0.0844832
v 0.0460492 0.527937 0.301146
vn 0.234985 -0.971906 -0.0134508
v -0.00251266 0.14108 0.311365
vn 0.0167238 0.62074 0.783838
v -0.0970773 0.159051 0.303436
vn 0.0146013 0.669666 0.742519
v -0.210782 0.0817919 0.353299
vn -0.070881 0.588675 0.805257
v 0.0130042 0.11891 0.327621
vn -0.0867798 0.542614 0.835487
v -0.0213822 0.094388 0.343668
vn 0.128056 0.490064 0.862229
v 0.0155038 0.0558545 0.362975
vn -0.138355 0.420277 0.896786
v -0.014704 0.0244195 0.375197
vn 0.167559 0.407134 0.897868
v 0.109834 0.0246089 0.401038
vn -0.0888455 0.521959 0.848331
v -0.282448 1.2582 0.261587
vn -0.88647 0.388318 0.251754
v -0.269984 1.29632 0.236522
vn -0.837955 0.495503 0.22871
v -0.224609 1.35947 0.238298
vn -0.736666 0.638127 0.223867
v -0.189531 1.38249 0.273011
vn -0.631557 0.724118 0.277109
v -0.25505 1.32777 0.217499
vn -0.800771 0.560861 0.210239
v -0.302302 1.22096 0.23647
vn -0.94107 0.261472 0.214521
v -0.294071 1.26412 0.197743
vn -0.903263 0.401165 0.152262
v -0.202311 1.38836 0.218661
vn -0.667543 0.722927 0.178221
v -0.16207 1.41826 0.229731
vn -0.558015 0.801014 0.216785
v -0.315405 1.15959 0.231729
vn -0.977501 0.0888218 0.191318
v -0.309768 0.965673 0.233943
vn -0.984352 -0.0430229 0.170881
v -0.321834 1.04366 0.190093
vn -0.988368 -0.0377521 0.147324
v -0.121918 1.43298 0.263076
vn -0.410763 0.874495 0.257938
v -0.0703774 1.4566 0.247042
vn -0.291379 0.934959 0.202361
v 0.00267868 1.45711 0.271316
vn 0.00925241 0.954319 0.298645
v -0.0304207 1.46064 0.255536
vn -0.0892975 0.963854 0.251021
v 0.0399927 1.45225 0.28064
vn 0.11316 0.94509 0.306593
v -0.133381 1.44316 0.191048
vn -0.436302 0.890231 0.130879
v -0.0506589 1.46823 0.204652
vn -0.149482 0.981059 0.123198
v -0.00377285 1.47399 0.192803
vn -0.0143517 0.987956 0.154068
v 0.0317273 1.46667 0.228064
vn 0.0922276 0.978887 0.182414
v 0.0702601 1.46125 0.222863
vn 0.223012 0.957829 0.18119
v -0.301692 0.900627 0.281531
vn -0.976063 -0.0142314 0.21702
v -0.303112 0.855533 0.243209
vn -0.985641 -0.120623 0.118158
v -0.257553 0.668489 0.240906
vn -0.783125 -0.621602 0.0180607
v -0.283342 0.734562 0.242164
vn -0.979271 -0.190327 0.0693056
v -0.309738 0.8827 0.189999
vn -0.976422 -0.0958763 0.193409
v -0.303591 0.837977 0.183643
vn -0.96984 -0.229106 0.0831892
v -0.222053 0.635775 0.218272
vn -0.575651 -0.815829 0.055214
v -0.238642 0.65053 0.1822
vn -0.785873 -0.6172 0.0383144
v -0.273098 0.696238 0.24808
vn -0.940197 -0.339591 0.0266074
v -0.26656 0.692079 0.190989
vn -0.902485 -0.425664 -0.0658157
v -0.28116 0.743488 0.169568
vn -0.961527 -0.272005 -0.0384591
v -0.207579 0.618542 0.189592
vn -0.655496 -0.698711 0.28658
v -0.108364 0.554982 0.242033
vn -0.615706 -0.657915 0.433653
v -0.274376 1.31053 0.165693
vn -0.876328 0.477469 0.0638153
v -0.248116 1.35027 0.164662
vn -0.783022 0.61253 0.108091
v -0.2236 1.37907 0.156096
vn -0.716943 0.693035 0.0754613
v -0.181378 1.41461 0.177232
vn -0.606829 0.788861 0.0972484
v -0.322706 1.14187 0.189158
vn -0.994734 0.0449758 0.0920978
v -0.317536 1.19775 0.174142
vn -0.980724 0.184791 0.0634976
v -0.307419 1.2358 0.175955
vn -0.944082 0.329519 0.0112145
v -0.285702 1.28831 0.109922
vn -0.908253 0.414003 -0.0606518
v -0.25284 1.3457 0.119101
vn -0.820331 0.571147 -0.0291202
v -0.203095 1.40037 0.11031
vn -0.638512 0.769291 -0.0222113
v -0.325642 1.05881 0.159105
vn -0.998578 -0.012057 0.0519347
v -0.326081 1.12013 0.13559
vn -0.999561 0.0295648 -0.001933
v -0.324455 0.99515 0.13354
vn -0.956012 0.121426 0.267016
v -0.322781 1.1603 0.125384
vn -0.992369 0.117278 -0.0380691
v -0.0975689 1.46141 0.16655
vn -0.30376 0.947604 0.0988742
v 0.0749238 1.46855 0.157484
vn 0.220517 0.97437 0.0444566
v 0.027111 1.47641 0.153049
vn 0.117203 0.989726 0.081889
v -0.154961 1.43712 0.125614
vn -0.528081 0.848817 0.0252961
v -0.11038 1.4593 0.100911
vn -0.335659 0.941488 -0.030537
v -0.0551442 1.47375 0.134069
vn -0.173122 0.984853 0.00963295
v -0.00292267 1.4779 0.144318
vn -0.0380304 0.998824 0.0300797
v -0.291204 0.772872 0.139729
vn -0.947532 -0.319524 0.00936637
v -0.204323 0.599479 0.175459
vn -0.654283 -0.336838 0.677092
v -0.351894 0.972671 0.141606
vn -0.938949 -0.286099 0.191106
v -0.315517 0.827565 0.149912
vn -0.815697 -0.288964 0.501137
v -0.345334 0.971174 0.150898
vn -0.605851 -0.00262577 0.795574
v -0.321859 0.955489 0.164879
vn -0.92797 0.0019963 0.372649
v -0.371771 1.03088 0.124121
vn -0.935278 -0.187114 0.300405
v -0.358683 1.01666 0.138707
vn 0.13746 0.504804 0.852219
v -0.33304 0.977502 0.150891
vn 0.173543 0.473875 0.863322
v -0.321245 0.892533 0.161938
vn -0.870944 -0.12504 0.475208
v -0.32707 0.876447 0.135611
vn -0.984245 -0.173407 0.0345348
v -0.338027 0.854065 0.123755
vn -0.892792 0.0528666 0.447357
v -0.304171 0.7951 0.121544
vn -0.734001 -0.668707 0.118633
v -0.227314 0.619329 0.150098
vn -0.887932 -0.294346 0.353465
v -0.188877 0.542946 0.167636
vn -0.774851 -0.164137 0.610463
v -0.256327 0.6764 0.125141
vn -0.932801 -0.350536 0.0837066
v -0.459153 0.155406 0.221173
vn -0.446389 0.593314 0.669862
v -0.438053 0.175376 0.213876
vn -0.265544 0.758294 0.595379
v -0.479323 0.123309 0.23405
vn -0.521748 0.606168 0.600283
v -0.623418 0.00876169 0.242096
vn -0.258697 0.392174 0.882766
v -0.661247 -0.0224815 0.241658
vn -0.299637 0.208844 0.930915
v -0.728218 0.0234897 0.211699
vn -0.257738 0.274939 0.926272
v -0.682573 -0.0842382 0.244676
vn -0.365986 0.0740387 0.92767
v -0.716704 -0.12031 0.231321
vn -0.342554 -0.105485 0.933558
v -0.688179 -0.26286 0.226736
vn -0.843436 -0.208217 0.495239
v -0.682445 -0.29428 0.216345
vn -0.860676 -0.419007 0.289259
v -0.697948 -0.235304 0.224977
vn -0.543067 -0.370027 0.753763
v -0.667044 -0.168494 0.262207
vn -0.694956 0.091996 0.713143
v -0.725709 -0.201959 0.215972
vn -0.408397 -0.18778 0.893281
v -0.593493 -0.0097442 0.266582
vn -0.519647 0.536008 0.665329
v -0.624103 -0.0504308 0.267931
vn -0.540154 0.320449 0.778168
v -0.650988 -0.31194 0.277353
vn -0.857455 -0.176456 0.483357
v -0.584286 0.068331 0.223668
vn -0.197185 0.475593 0.85728
v -0.536679 0.075362 0.236196
vn -0.357526 0.526885 0.771082
v -0.642534 -0.357612 0.2648
vn -0.843479 -0.402679 0.355518
v -0.575717 0.187698 0.153078
vn -0.232822 0.635704 0.735985
v -0.678077 0.172505 0.131066
vn -0.276398 0.679118 0.680002
v -0.591663 0.158682 0.168977
vn -0.203873 0.510629 0.835281
v -0.747075 0.1406 0.131546
vn -0.356582 0.686155 0.634067
v -0.72685 0.116447 0.163024
vn -0.258123 0.579477 0.773032
v -0.774204 0.113469 0.142536
vn -0.413907 0.606329 0.679003
v -0.527281 0.110763 0.212549
vn -0.308429 0.506406 0.805248
v -0.498425 0.172915 0.188712
vn -0.27965 0.573581 0.769935
v -0.563649 0.214244 0.126116
vn -0.162923 0.802626 0.573801
v -0.414387 0.190716 0.203426
vn -0.210683 0.844207 0.492876
v -0.609392 0.211568 0.116705
vn -0.208669 0.779224 0.590988
v -0.465282 0.208229 0.155262
vn -0.0880656 0.89775 0.431613
v -0.751515 0.0475504 0.195753
vn -0.291307 0.376528 0.879413
v -0.785701 -0.00173144 0.200055
vn -0.310503 0.239116 0.920006
v -0.827092 0.015374 0.177306
vn -0.397875 0.344476 0.850313
v -0.805122 -0.0375874 0.201645
vn -0.306045 0.165308 0.937555
v -0.858473 -0.0477935 0.182924
vn -0.429156 0.241511 0.870343
v -0.854906 -0.0882748 0.192293
vn -0.309029 0.0530535 0.949572
v -0.793523 -0.124743 0.209213
vn -0.242086 -0.0865334 0.966388
v -0.706168 0.0723512 0.19737
vn -0.20509 0.468786 0.859173
v -0.788804 -0.202458 0.198315
vn -0.143232 -0.22039 0.964838
v -0.89421 -0.25277 0.174137
vn -0.183674 -0.14604 0.972078
v -0.676059 -0.322507 0.176679
vn -0.836905 -0.531041 0.132613
v -0.689337 -0.320762 0.146531
vn -0.368354 -0.755747 0.541445
v -0.706493 -0.28441 0.182321
vn -0.644507 -0.547311 0.533912
v -0.73042 -0.278208 0.177035
vn -0.188975 -0.609867 0.769643
v -0.740845 -0.243232 0.196717
vn -0.289808 -0.372872 0.881463
v -0.824173 0.0972588 0.123779
vn -0.492086 0.596211 0.634338
v -0.830328 0.0540198 0.15475
vn -0.469096 0.497432 0.729733
v -0.778749 0.0753409 0.169251
vn -0.359289 0.489574 0.794499
v -0.879672 0.0303902 0.134486
vn -0.542505 0.478012 0.690791
v -0.864948 -0.000987089 0.162502
vn -0.522645 0.366326 0.769836
v -0.92012 0.00358471 0.116232
vn -0.61831 0.438513 0.652227
v -0.772928 -0.275648 0.177408
vn 0.0220867 -0.415909 0.909138
v -0.813951 -0.340962 0.156373
vn 0.0501627 -0.180251 0.982341
v -0.877615 -0.346936 0.156336
vn -0.0329907 -0.226118 0.973541
v -0.666324 -0.343561 0.137746
vn -0.763466 -0.600114 0.23871
v -0.719601 -0.323859 0.140353
vn 0.211872 -0.538464 0.815577
v -0.288483 0.180712 0.26914
vn -0.0891434 0.78657 0.611033
v -0.289665 0.153031 0.298036
vn -0.0849726 0.629879 0.772031
v -0.343204 0.169752 0.270159
vn -0.235414 0.752924 0.614561
v -0.409064 0.140395 0.273904
vn -0.336606 0.709256 0.619397
v -0.234166 0.194368 0.255904
vn -0.0992888 0.705507 0.701713
v -0.338904 0.187958 0.244004
vn -0.207849 0.848151 0.487277
v -0.391706 0.20141 0.189097
vn -0.176178 0.906808 0.382963
v -0.218856 0.219047 0.234508
vn -0.333925 0.653125 0.679648
v -0.200239 0.245144 0.223778
vn -0.274922 0.439541 0.855115
v -0.279088 0.220328 0.208886
vn -0.25292 0.826754 0.502504
v -0.0746809 0.534678 0.261457
vn -0.506221 -0.818326 0.272183
v -0.0345808 0.518441 0.262684
vn -0.199219 -0.97976 0.0195454
v 0.00464059 0.514719 0.265076
vn 0.00847682 -0.816544 0.577221
v 0.0821419 0.543348 0.289262
vn 0.501257 -0.85905 -0.103802
v 0.0505393 0.522914 0.260465
vn 0.452227 -0.854303 0.256238
v -0.096823 0.199374 0.265241
vn -0.0230216 0.630155 0.776128
v 0.0429187 0.205673 0.259118
vn -3.76377e-05 0.574083 0.818797
v 0.0968314 0.199374 0.265241
vn 0.029089 0.638318 0.769223
v -0.115275 0.539312 0.221836
vn -0.523941 -0.326795 0.786569
v -0.0345546 0.494809 0.243958
vn -0.341608 -0.471975 0.812738
v -0.0586146 0.489364 0.233355
vn -0.406641 -0.199202 0.891606
v 0.00781754 0.492571 0.248816
vn 0.071739 -0.283205 0.956373
v 0.000355229 0.42648 0.235276
vn 0.0109596 -0.362837 0.931788
v -0.0642436 0.386218 0.210209
vn -0.101706 -0.349136 0.931536
v -0.0244149 0.441496 0.236122
vn -0.261969 -0.210004 0.94195
v -0.0474706 0.417729 0.222228
vn -0.286863 -0.116437 0.950869
v -0.108574 0.446083 0.204166
vn -0.381412 -0.0410103 0.923495
v 0.0369321 0.38904 0.213522
vn 0.0545688 -0.250891 0.966476
v 0.0308337 0.448409 0.236121
vn 0.258053 -0.234545 0.937228
v 0.0435887 0.505584 0.246327
vn 0.402553 -0.537795 0.740762
v 0.0759119 0.423686 0.214225
vn 0.31926 -0.0811795 0.944184
v 0.058623 0.489364 0.233355
vn 0.402079 -0.215296 0.889933
v -0.06039 0.233714 0.241678
vn -0.0072431 0.540059 0.841596
v -0.142214 0.227044 0.243811
vn -0.0330033 0.414378 0.909506
v -0.0808115 0.282073 0.219812
vn 0.0354052 0.299159 0.953546
v -0.150195 0.280197 0.224237
vn -0.109079 0.253684 0.961117
v 0.0306336 0.260064 0.227392
vn -0.00102578 0.430154 0.902755
v -0.163186 0.408904 0.187408
vn -0.47331 0.227864 0.850915
v -0.198816 0.300124 0.20116
vn -0.581258 0.363906 0.727813
v -0.370506 0.219581 0.14857
vn -0.123283 0.911134 0.393238
v -0.222724 0.333831 0.164024
vn -0.659598 0.358543 0.660589
v -0.268481 0.24265 0.187854
vn -0.484802 0.579803 0.654825
v -0.252071 0.270111 0.17676
vn -0.597711 0.492913 0.63228
v -0.228126 0.555949 0.111394
vn -0.873356 -0.175041 0.454544
v -0.226252 0.507565 0.109098
vn -0.875183 0.0408427 0.482066
v -0.200156 0.471216 0.145937
vn -0.733227 0.0632307 0.677038
v -0.170149 0.472155 0.173841
vn -0.552027 -0.00495237 0.833811
v -0.231948 0.396389 0.122659
vn -0.795333 0.168428 0.582303
v -0.194432 0.392625 0.167372
vn -0.700952 0.223165 0.677394
v -0.259885 0.36352 0.104696
vn -0.720944 0.342215 0.602601
v -0.338308 0.243778 0.127049
vn -0.42279 0.710333 0.56274
v -0.337137 0.268118 0.102778
vn -0.514877 0.579098 0.632098
v -0.28165 0.339076 0.096488
vn -0.665618 0.443858 0.599952
v -0.15232 0.503299 0.189073
vn -0.514872 -0.183939 0.837301
v -0.0387086 0.364462 0.207998
vn -0.00401743 -0.012778 0.99991
v -0.108158 0.334374 0.213161
vn 0.0277562 0.136477 0.990254
v -0.115176 0.404467 0.204207
vn -0.120407 0.016798 0.992582
v -0.139611 0.382558 0.202821
vn -0.201964 0.177672 0.963142
v 0.00706136 0.336048 0.206246
vn 0.00938935 0.00116401 0.999955
v 0.0998135 0.368514 0.209006
vn 0.0198029 0.0665216 0.997588
v 0.00379907 0.304297 0.210556
vn -0.0151788 0.19308 0.981066
v 0.0730209 0.286553 0.218017
vn -0.04705 0.322544 0.945384
v 0.135166 0.293098 0.221324
vn 0.0706162 0.213897 0.9743
v -1.74159 -2.08354 0.390524
vn -0.333737 0.333973 0.881522
v -1.79162 -2.16565 0.399292
vn -0.454086 0.264082 0.850921
v -1.75464 -2.18777 0.42166
vn -0.341441 0.214052 0.915205
v -1.67961 -2.13833 0.420297
vn 0.113434 0.323677 0.939343
v -1.66428 -2.15458 0.420476
vn 0.46361 0.358973 0.810064
v -1.65995 -2.05919 0.372507
vn 0.603571 0.37999 0.700935
v -1.71071 -2.11321 0.410675
vn -0.138086 0.334635 0.932176
v -1.64898 -2.14211 0.402275
vn 0.786167 0.264401 0.5586
v -1.78378 -2.07687 0.369452
vn -0.460992 0.3628 0.809854
v -1.81217 -2.10055 0.359329
vn -0.691286 0.36074 0.626092
v -1.81282 -2.06666 0.335354
vn -0.830854 0.365029 0.420042
v -1.82416 -2.147 0.369878
vn -0.658761 0.266791 0.70346
v -1.84007 -2.14262 0.342797
vn -0.866335 0.260673 0.426044
v -1.74486 -1.99054 0.346502
vn -0.246842 0.417191 0.874654
v -1.69555 -1.97547 0.344617
vn 0.162135 0.411191 0.897014
v -1.72685 -2.02909 0.373013
vn -0.204149 0.40856 0.889608
v -1.6957 -2.03554 0.37901
vn 0.199912 0.443333 0.87378
v -1.67271 -1.97245 0.330731
vn 0.591095 0.368815 0.717344
v -1.65214 -2.02886 0.341869
vn 0.894629 0.258358 0.364542
v -1.70657 -1.882 0.309686
vn -0.0581557 0.286299 0.956374
v -1.74981 -1.95681 0.325487
vn -0.445246 0.361532 0.819177
v -1.68 -1.87837 0.3042
vn 0.21476 0.254793 0.942846
v -1.66736 -1.91506 0.303489
vn 0.660306 0.0881826 0.745802
v -1.77107 -1.95293 0.306804
vn -0.651822 0.375378 0.658954
v -1.78397 -2.0082 0.332079
vn -0.611842 0.415103 0.673304
v -1.7881 -1.96113 0.290073
vn -0.809329 0.359433 0.464537
v -1.84566 -2.08047 0.275053
vn -0.941492 0.277228 0.191673
v -1.65656 -1.98701 0.313802
vn 0.95707 0.116442 0.265439
v -1.64418 -1.9414 0.277808
vn 0.865977 -0.0224193 0.499581
v -1.64597 -2.03844 0.321027
vn 0.982064 0.154197 0.108503
v -1.64511 -2.12859 0.320309
vn 0.940038 -0.075247 -0.332666
v -1.6578 -2.13735 0.302324
vn 0.720626 -0.304635 -0.622813
v -1.63351 -2.17603 0.381832
vn 0.996676 -0.00361336 -0.0813848
v -1.63708 -2.18926 0.40219
vn 0.923073 0.18421 0.337644
v -1.65104 -2.01307 0.284929
vn 0.99049 -0.058847 -0.124365
v -1.4103 -1.27356 0.236247
vn -0.00923534 0.199041 0.979948
v -1.39367 -1.1016 0.182078
vn -0.288772 0.418231 0.861216
v -1.42601 -1.16036 0.196369
vn -0.409284 0.374477 0.832018
v -1.40088 -1.19196 0.216257
vn -0.190385 0.297347 0.935595
v -1.42209 -1.10191 0.166281
vn -0.554731 0.471451 0.685571
v -1.45983 -1.18261 0.184173
vn -0.591636 0.381961 0.709981
v -1.45383 -1.24359 0.216222
vn -0.38126 0.316024 0.868775
v -1.4851 -1.28361 0.213882
vn -0.579168 0.337733 0.741958
v -1.5242 -1.30917 0.192319
vn -0.664699 0.360618 0.654316
v -1.414 -1.04292 0.123993
vn -0.599071 0.551926 0.580079
v -1.44336 -1.09828 0.142129
vn -0.682462 0.477014 0.553808
v -1.47938 -1.18181 0.163863
vn -0.681435 0.409944 0.606294
v -1.49362 -1.17774 0.142076
vn -0.76541 0.438691 0.470849
v -1.36954 -1.20866 0.219905
vn 0.13448 0.225913 0.96482
v -1.36424 -1.27661 0.23203
vn 0.224745 0.157641 0.961582
v -0.879071 -0.390688 0.151537
vn -0.122425 -0.0609485 0.990605
v -0.968072 -0.374263 0.135786
vn -0.283808 -0.0403405 0.958032
v -0.930832 -0.41154 0.14474
vn -0.223928 0.071345 0.971991
v -0.831037 -0.415633 0.151278
vn 0.102583 -0.116159 0.987919
v -1.02005 -0.642582 0.138725
vn -0.0173374 -0.0507527 0.998561
v -1.35497 -1.05439 0.166756
vn -0.0715326 0.482921 0.872737
v -1.33419 -1.08466 0.177696
vn 0.20276 0.327158 0.922961
v -1.34627 -1.14213 0.1987
vn 0.258834 0.253173 0.932152
v -1.25408 -1.05259 0.140642
vn 0.296 0.176206 0.938795
v -1.37964 -1.13621 0.199257
vn -0.0122999 0.335893 0.94182
v -1.29905 -1.10665 0.17164
vn 0.504087 0.142558 0.851806
v -1.33014 -1.21366 0.209377
vn 0.395934 0.17737 0.900986
v -1.29186 -1.27083 0.197525
vn 0.576655 0.128854 0.806762
v -1.30629 -1.02262 0.146754
vn 0.155041 0.3449 0.925746
v -1.2925 -0.973523 0.120011
vn -0.0611552 0.474167 0.878308
v -1.3791 -1.04893 0.156757
vn -0.384445 0.553452 0.738846
v -1.3186 -0.939952 0.0949693
vn -0.218698 0.553164 0.803854
v -1.25767 -1.14135 0.149935
vn 0.597673 0.0249134 0.801353
v -1.26264 -1.18705 0.158937
vn 0.631655 0.12639 0.764878
v -1.23285 -1.10822 0.132821
vn 0.447874 -0.0303889 0.89358
v -1.2108 -1.20845 0.115428
vn 0.663177 0.105257 0.741025
v -1.65081 -1.67269 0.267011
vn -0.434725 0.319781 0.841875
v -1.57937 -1.56065 0.256947
vn -0.249775 0.22095 0.942758
v -1.68205 -1.67822 0.247063
vn -0.584221 0.370599 0.72204
v -1.59495 -1.53505 0.240254
vn -0.526096 0.332696 0.782647
v -1.71008 -1.72997 0.247965
vn -0.764388 0.398027 0.507234
v -1.71304 -1.78941 0.276211
vn -0.486238 0.33592 0.806679
v -1.5179 -1.55795 0.260413
vn 0.17233 -0.019504 0.984846
v -1.55076 -1.54582 0.26024
vn -0.0827273 0.120319 0.989282
v -1.63092 -1.73505 0.28139
vn 0.0558042 0.084439 0.994865
v -1.58961 -1.72739 0.272997
vn 0.276979 -0.0332208 0.960302
v -1.59987 -1.7785 0.271495
vn 0.537208 -0.223041 0.813425
v -1.48559 -1.34191 0.235604
vn -0.413867 0.274811 0.867867
v -1.58131 -1.45945 0.213456
vn -0.692285 0.378242 0.614553
v -1.45067 -1.3292 0.243778
vn -0.214475 0.208572 0.9542
v -1.4027 -1.31717 0.244036
vn 0.108053 0.105848 0.988494
v -1.44467 -1.38191 0.251757
vn -0.015979 0.0850827 0.996246
v -1.41739 -1.38473 0.249455
vn 0.16386 -0.003666 0.986477
v -1.37913 -1.38658 0.241191
vn 0.264083 -0.0796467 0.961206
v -1.48354 -1.58811 0.247743
vn 0.370259 -0.148792 0.916935
v -1.37669 -1.43395 0.23467
vn 0.39076 -0.162199 0.906089
v -1.39632 -1.50612 0.226877
vn 0.493142 -0.258652 0.830608
v -1.44398 -1.60652 0.22025
vn 0.555365 -0.288616 0.779917
v -1.44082 -1.64063 0.19958
vn 0.676618 -0.414549 0.608553
v -1.76798 -1.8681 0.257541
vn -0.847989 0.349213 0.398703
v -1.74696 -1.85451 0.281143
vn -0.65815 0.35314 0.664929
v -1.69403 -1.80011 0.288305
vn -0.2074 0.24825 0.946233
v -1.66943 -1.81445 0.293254
vn 0.0880288 0.120866 0.988758
v -1.64598 -1.85315 0.288278
vn 0.462625 -0.0464806 0.885335
v -1.61652 -1.86368 0.259473
vn 0.700439 -0.251211 0.668041
v -1.81515 -1.98519 0.251186
vn -0.877644 0.350506 0.326936
v -1.87495 -2.20969 0.302124
vn -0.985487 0.169255 0.012982
v -1.86514 -2.1673 0.30253
vn -0.89817 0.24608 0.364327
v -1.66116 -2.05008 0.270355
vn 0.90827 -0.27118 -0.318601
v -1.70028 -2.15739 0.269474
vn 0.672788 -0.412827 -0.613946
v -1.64152 -1.96569 0.249628
vn 0.967524 -0.223176 0.118704
v -1.78203 -1.8795 0.225701
vn -0.927969 0.345642 0.139303
v -1.73686 -1.76592 0.230599
vn -0.858756 0.389692 0.332683
v -1.73262 -1.73774 0.201586
vn -0.915372 0.375385 0.145536
v -1.82155 -1.98272 0.219162
vn -0.930113 0.332711 0.155545
v -1.84302 -2.04594 0.214492
vn -0.954443 0.298385 0.00204221
v -1.87119 -2.2003 0.255004
vn -0.982948 0.167828 0.0751415
v -1.88319 -2.22383 0.209392
vn -0.981751 0.187752 0.0302462
v -1.6473 -1.97883 0.212122
vn 0.934057 -0.325455 -0.147025
v -1.69493 -2.12876 0.244554
vn 0.935921 -0.345399 -0.068935
v -1.63093 -1.91172 0.259249
vn 0.917329 -0.254358 0.306284
v -1.51863 -1.74263 0.222897
vn 0.637439 -0.333183 0.694738
v -1.5639 -1.81364 0.222223
vn 0.767891 -0.458362 0.44749
v -1.54866 -1.80949 0.194063
vn 0.787369 -0.566424 0.24334
v -1.62053 -1.90265 0.239157
vn 0.85161 -0.444521 0.27778
v -1.62398 -1.91747 0.205526
vn 0.87462 -0.484809 0.000723732
v -1.61333 -1.43219 0.137333
vn -0.888194 0.386956 0.247743
v -1.60236 -1.43413 0.167416
vn -0.809108 0.398835 0.431596
v -1.58751 -1.34097 0.0682717
vn -0.930357 0.363196 0.0502443
v -1.68647 -1.61249 0.127981
vn -0.942409 0.315749 -0.110313
v -1.33747 -1.47117 0.198589
vn 0.600534 -0.326132 0.730066
v -1.51745 -1.75825 0.208473
vn 0.753773 -0.494139 0.43319
v -1.53225 -1.23888 0.1276
vn -0.844704 0.396416 0.359624
v -1.52921 -1.27247 0.162939
vn -0.765123 0.375205 0.523267
v -1.43848 -1.67429 0.164258
vn 0.753509 -0.541108 0.373398
v -1.42169 -1.66609 0.125082
vn 0.76707 -0.606967 0.207834
v -1.77068 -1.84371 0.19324
vn -0.941439 0.3356 -0.0326303
v -1.79895 -1.91869 0.17928
vn -0.941447 0.32553 -0.0877889
v -1.83435 -2.03557 0.171935
vn -0.939015 0.257008 -0.228466
v -1.85683 -2.10283 0.202326
vn -0.973857 0.222794 -0.0443303
v -1.64145 -1.92185 0.151148
vn 0.878986 -0.374093 -0.2957
v -1.67236 -2.04621 0.194974
vn 0.943093 -0.29313 -0.157003
v -1.69831 -2.13471 0.179709
vn 0.943815 -0.321764 -0.0753693
v -1.76631 -1.84211 0.153109
vn -0.922184 0.300826 -0.243063
v -1.72394 -1.76194 0.110336
vn -0.864891 0.248522 -0.436119
v -1.8142 -1.99149 0.151011
vn -0.889159 0.269825 -0.369581
v -1.84985 -2.1367 0.144531
vn -0.860856 0.211509 -0.462807
v -1.87218 -2.20203 0.161782
vn -0.94965 0.20344 -0.238281
v -1.65442 -1.97034 0.16692
vn 0.838706 -0.333458 -0.430556
v -1.67696 -2.0291 0.157179
vn 0.892805 -0.228392 -0.388248
v -1.70435 -2.13328 0.141819
vn 0.904979 -0.27915 -0.321072
v -1.54441 -1.80887 0.17195
vn 0.759953 -0.649945 -0.00659792
v -1.61812 -1.89965 0.17359
vn 0.754812 -0.613978 -0.230844
v -1.53608 -1.7953 0.123843
vn 0.713912 -0.680198 -0.166317
v -1.36067 -1.32398 0.235863
vn 0.268422 0.0458496 0.96221
v -1.33499 -1.3504 0.226847
vn 0.450834 -0.0508217 0.89116
v -1.32557 -1.3898 0.216129
vn 0.549275 -0.203587 0.810462
v -1.32655 -1.2828 0.219315
vn 0.424208 0.0993369 0.9001
v -1.29722 -1.31565 0.204686
vn 0.573047 0.0243721 0.81916
v -1.27863 -1.3395 0.189901
vn 0.62417 -0.111733 0.773258
v -1.29139 -1.41155 0.182305
vn 0.664701 -0.264583 0.69869
v -1.31422 -1.48382 0.169117
vn 0.701783 -0.382381 0.60107
v -1.24933 -1.38943 0.144478
vn 0.750578 -0.319779 0.578251
v -1.29234 -1.49502 0.127855
vn 0.768192 -0.45487 0.450526
v -1.2047 -1.25358 0.116858
vn 0.771466 0.0227252 0.635865
v -1.23289 -1.29362 0.151351
vn 0.67594 0.0636227 0.734206
v -1.24933 -1.34833 0.161468
vn 0.727952 -0.176752 0.662454
v -1.23981 -1.4042 0.119778
vn 0.797814 -0.379463 0.46851
v -1.34575 -1.53786 0.168005
vn 0.720864 -0.487125 0.493016
v -1.31584 -1.54415 0.110707
vn 0.758746 -0.564192 0.325564
v -0.417053 -0.506567 0.424443
vn -0.584015 -0.441934 0.680897
v -0.505653 -0.432942 0.409087
vn -0.562632 -0.499393 0.658827
v -0.419974 -0.551019 0.411602
vn -0.631473 -0.0439395 0.774152
v -0.46468 -0.549283 0.368263
vn -0.746262 -0.0386418 0.66453
v -0.505349 -0.464943 0.376497
vn -0.606395 -0.648098 0.46071
v -0.544465 -0.4239 0.386154
vn -0.73101 -0.405256 0.548991
v -0.413463 -0.773568 0.424465
vn -0.585494 0.0410086 0.809639
v -0.442852 -0.765695 0.39734
vn -0.746515 0.000830317 0.665368
v -0.456549 -0.643146 0.383834
vn -0.675816 0.0241788 0.736674
v -0.391641 -0.592609 0.430624
vn -0.538787 0.00721714 0.842411
v -0.422863 -0.963444 0.420668
vn -0.725448 -0.00779764 0.688233
v -0.460994 -0.864302 0.378001
vn -0.804072 -0.0185521 0.594242
v -0.43799 -1.11929 0.395839
vn -0.780887 -0.00828709 0.624618
v -0.39406 -1.12339 0.444806
vn -0.713503 0.00943911 0.700588
v -0.458937 -1.26354 0.378953
vn -0.792189 0.0817279 0.604778
v -0.54603 -0.439153 0.365384
vn -0.681654 -0.668957 0.296386
v -0.471036 -0.506648 0.368819
vn -0.73376 -0.409825 0.541885
v -0.491531 -0.72913 0.336541
vn -0.807634 -0.00758364 0.589635
v -0.493597 -0.615028 0.338165
vn -0.799549 -0.0219475 0.600199
v -0.55501 -0.454444 0.292964
vn -0.672033 -0.695252 0.254943
v -0.545573 -0.545278 0.275377
vn -0.783645 -0.10176 0.612818
v -0.548156 -0.479255 0.279854
vn -0.784101 -0.25506 0.5658
v -0.519409 -0.756445 0.295906
vn -0.851967 -0.0629018 0.519804
v -0.5243 -0.640997 0.289118
vn -0.800608 0.00382174 0.599176
v -0.475784 -0.911373 0.350647
vn -0.874198 -0.0486028 0.48313
v -0.46578 -1.11484 0.35612
vn -0.860229 0.00337771 0.509897
v -0.496211 -1.20878 0.307468
vn -0.888139 0.122045 0.443073
v -0.482341 -1.07148 0.327139
vn -0.913034 -0.0469991 0.405166
v -0.512541 -0.944859 0.276602
vn -0.892041 -0.0841157 0.444058
v -0.496091 -1.13069 0.294272
vn -0.936237 0.0160313 0.351003
v -0.372709 -0.772445 0.450743
vn -0.479829 0.0582995 0.875423
v -0.394088 -0.944126 0.447566
vn -0.602069 0.0210464 0.798167
v -0.37433 -1.03919 0.461755
vn -0.58799 -0.00177771 0.808866
v -0.393884 -1.25867 0.446449
vn -0.616451 -0.00177948 0.787391
v -0.438827 -1.32493 0.408787
vn -0.676426 0.0606968 0.734005
v -0.407474 -1.52365 0.451497
vn -0.513651 0.0502439 0.856527
v -0.444609 -1.58753 0.422883
vn -0.689132 -0.052178 0.722755
v -0.442175 -1.52769 0.426048
vn -0.675917 0.0128582 0.736865
v -0.449096 -1.45015 0.416535
vn -0.609018 0.080204 0.789091
v -0.479963 -1.37475 0.378922
vn -0.714352 0.111375 0.690866
v -0.481519 -1.41614 0.382876
vn -0.747597 0.0300505 0.663473
v -0.47506 -1.50193 0.391041
vn -0.786683 -0.0197063 0.617043
v -0.484023 -1.53635 0.374692
vn -0.860119 -0.0760109 0.504398
v -0.44768 -1.64453 0.409991
vn -0.790484 -0.122329 0.600143
v -0.406671 -1.67358 0.446023
vn -0.651201 -0.151478 0.743634
v -0.431077 -1.73087 0.4094
vn -0.690711 -0.0857952 0.718023
v -0.425064 -1.92403 0.448612
vn -0.362501 0.170027 0.916343
v -0.436417 -2.00932 0.461027
vn -0.380754 0.173157 0.908319
v -0.462445 -1.89915 0.425584
vn -0.485457 0.192917 0.85271
v -0.485422 -1.98008 0.428164
vn -0.577635 0.160667 0.800328
v -0.522291 -2.26409 0.456228
vn -0.623597 0.151174 0.76699
v -0.466344 -2.10865 0.464432
vn -0.482295 0.161032 0.861081
v -0.450581 -1.74285 0.391828
vn -0.579197 0.209112 0.787911
v -0.476033 -1.74287 0.368082
vn -0.697019 0.288866 0.656293
v -0.402828 -1.80289 0.434602
vn -0.47018 0.145737 0.870455
v -0.49134 -1.86709 0.397626
vn -0.595902 0.207553 0.775772
v -0.513577 -1.9161 0.390628
vn -0.706658 0.154884 0.690395
v -0.534799 -1.91193 0.366441
vn -0.785917 0.154324 0.598764
v -0.560876 -2.11255 0.377812
vn -0.806223 0.145845 0.573353
v -0.550832 -2.28057 0.432166
vn -0.740814 0.139836 0.656994
v -0.49777 -1.34261 0.350637
vn -0.826907 0.148586 0.542353
v -0.504258 -1.41089 0.350748
vn -0.869905 -0.0129384 0.49305
v -0.482417 -1.60297 0.366945
vn -0.908602 -0.0904917 0.407743
v -0.478024 -1.67718 0.356803
vn -0.877266 -0.0958109 0.470346
v -0.481464 -1.70503 0.351716
vn -0.796933 0.0756557 0.599311
v -0.518325 -1.33559 0.310101
vn -0.907037 0.130496 0.400318
v -0.518331 -1.39143 0.32152
vn -0.927826 0.0268057 0.372049
v -0.523935 -1.47255 0.299914
vn -0.935527 -0.0724477 0.345746
v -0.514784 -1.55203 0.29557
vn -0.961223 -0.141099 0.23694
v -0.495559 -1.63815 0.322849
vn -0.958068 -0.0342119 0.284493
v -0.510146 -1.68317 0.296151
vn -0.850094 0.254022 0.461316
v -0.524444 -1.78231 0.338922
vn -0.732003 0.282103 0.620153
v -0.516111 -1.83171 0.365956
vn -0.672474 0.231603 0.702951
v -0.564617 -1.96224 0.334909
vn -0.845994 0.134175 0.516035
v -0.550687 -1.82773 0.320003
vn -0.844601 0.207848 0.493405
v -0.568505 -1.87186 0.302215
vn -0.895439 0.149411 0.419362
v -0.527144 -1.75136 0.316109
vn -0.834125 0.309282 0.456706
v -0.588177 -2.05763 0.316868
vn -0.883835 0.140316 0.446259
v -0.61753 -2.28994 0.336008
vn -0.89033 0.139619 0.433381
v -0.384859 -1.65626 0.465163
vn -0.568805 -0.0660394 0.819817
v -0.361573 -1.84039 0.457206
vn -0.358825 0.0875042 0.929294
v -0.26125 -2.12854 0.468148
vn 0.374464 -0.0209435 0.927005
v -0.21272 -2.11242 0.460715
vn -0.181414 -0.432406 0.88324
v -0.202897 -2.16303 0.438257
vn 0.388552 -0.181401 0.903394
v -0.256385 -2.08538 0.471516
vn 0.12177 -0.204522 0.971258
v -0.602827 -0.485775 0.214864
vn -0.770497 -0.0827066 0.632055
v -0.588554 -0.436035 0.247646
vn -0.785196 -0.546581 0.29106
v -0.610822 -0.399806 0.280939
vn -0.762963 -0.576968 0.291541
v -0.554551 -0.669679 0.253938
vn -0.783469 -0.0135912 0.621282
v -0.573291 -0.7085 0.20828
vn -0.862665 -0.103941 0.49498
v -0.542773 -0.59154 0.262711
vn -0.799689 -0.091844 0.593348
v -0.621996 -0.539682 0.176007
vn -0.804619 -0.127206 0.580006
v -0.606901 -0.432421 0.213995
vn -0.807502 -0.114798 0.578586
v -0.634896 -0.378578 0.246171
vn -0.835444 -0.535652 0.122926
v -0.634086 -0.386246 0.186058
vn -0.858764 -0.483801 0.168704
v -0.552956 -0.801412 0.228377
vn -0.85939 -0.0983909 0.501765
v -0.571588 -0.66622 0.228932
vn -0.850617 -0.13028 0.509389
v -0.588077 -0.592259 0.212904
vn -0.761723 0.00697642 0.647866
v -0.536495 -0.966944 0.20955
vn -0.936971 -0.139266 0.320453
v -0.514505 -1.06021 0.244105
vn -0.964576 -0.0442936 0.260058
v -0.519465 -1.22872 0.264865
vn -0.913903 0.182491 0.3626
v -0.561396 -0.830189 0.204792
vn -0.900143 -0.180771 0.396313
v -0.523958 -1.15552 0.205279
vn -0.972127 0.0708374 0.223497
v -0.53023 -1.28714 0.261164
vn -0.957955 0.120157 0.260548
v -0.767538 -0.35471 0.144659
vn 0.302298 -0.214728 0.928713
v -0.812531 -0.428172 0.144942
vn 0.297724 -0.23994 0.924007
v -0.785547 -0.413628 0.137136
vn 0.526718 -0.361971 0.76912
v -0.916434 -0.566731 0.138593
vn 0.232208 -0.214826 0.948646
v -0.628746 -0.477261 0.180881
vn -0.834839 -0.0533634 0.547902
v -0.635772 -0.408655 0.167733
vn -0.859965 -0.0545487 0.507429
v -0.601426 -0.736221 0.165277
vn -0.856849 -0.109319 0.503845
v -0.626022 -0.587269 0.157678
vn -0.872895 -0.168555 0.457868
v -0.653835 -0.488523 0.137226
vn -0.870261 -0.127261 0.475867
v -0.656719 -0.444666 0.137001
vn -0.881926 -0.0115083 0.471248
v -0.610065 -0.785616 0.117412
vn -0.886642 -0.22047 0.40652
v -0.64018 -0.667771 0.108783
vn -0.840517 -0.102488 0.532003
v -0.654228 -0.693245 0.0769199
vn -0.888262 -0.179422 0.422845
v -0.619488 -0.638422 0.145472
vn -0.854024 -0.151991 0.497536
v -0.572658 -0.880307 0.151161
vn -0.90362 -0.209615 0.37354
v -0.529282 -1.04315 0.181089
vn -0.967041 -0.167962 0.191366
v -0.538396 -1.07917 0.110863
vn -0.98653 -0.0361214 0.15954
v -0.537925 -1.27571 0.216485
vn -0.988576 0.0837971 0.125284
v -0.552312 -0.954871 0.157962
vn -0.949932 -0.23826 0.202142
v -0.534431 -1.18828 0.15569
vn -0.996802 0.0697166 0.0390547
v -0.534308 -1.14536 0.127567
vn -0.998438 -0.0160424 0.0535122
v -0.534534 -1.36289 0.267731
vn -0.973671 0.0211438 0.226974
v -0.533877 -1.4831 0.255028
vn -0.981321 -0.103016 0.16247
v -0.521653 -1.58867 0.227034
vn -0.979203 -0.12381 0.160725
v -0.517779 -1.63026 0.243716
vn -0.954844 0.11536 0.273798
v -0.526554 -1.65747 0.23457
vn -0.883696 0.319194 0.34234
v -0.541983 -1.38379 0.218743
vn -0.997624 0.00780505 0.0684558
v -0.539594 -1.43711 0.2374
vn -0.991761 -0.0360292 0.122929
v -0.553983 -1.75464 0.266238
vn -0.882208 0.317131 0.348047
v -0.572491 -1.81048 0.260733
vn -0.924142 0.220362 0.312095
v -0.584615 -1.88173 0.266814
vn -0.928064 0.141304 0.344573
v -0.617172 -2.12204 0.273659
vn -0.919556 0.144635 0.365374
v -0.577134 -1.78018 0.214738
vn -0.935806 0.276771 0.218323
v -0.596839 -1.88161 0.226997
vn -0.953141 0.16083 0.256234
v -0.623509 -2.07135 0.230357
vn -0.951968 0.141707 0.271432
v -0.641357 -2.20084 0.241636
vn -0.949477 0.145441 0.278102
v -0.54222 -1.32691 0.187449
vn -0.999161 0.0339744 -0.0228726
v -0.541446 -1.40027 0.16476
vn -0.996046 -0.0384007 -0.0801142
v -0.540321 -1.4572 0.193397
vn -0.997531 -0.0696082 0.0093436
v -0.532855 -1.52644 0.200944
vn -0.990066 -0.123289 0.0675976
v -0.531504 -1.55335 0.16166
vn -0.998969 -0.00733384 0.0447908
v -0.541922 -1.63323 0.167559
vn -0.941221 0.256317 0.220009
v -0.533484 -1.2228 0.109526
vn -0.994143 0.013454 -0.107234
v -0.539091 -1.34883 0.133681
vn -0.994608 0.0125817 -0.102939
v -0.531691 -1.47419 0.114227
vn -0.992803 -0.0469103 -0.110188
v -0.58107 -1.75332 0.149277
vn -0.956409 0.264466 0.123855
v -0.531418 -1.53977 0.11704
vn -0.995124 0.0968691 -0.0185573
v -0.59618 -1.83565 0.189521
vn -0.963064 0.20687 0.172372
v -0.616903 -1.95444 0.19102
vn -0.968133 0.148599 0.201588
v -0.640493 -2.10846 0.18263
vn -0.975406 0.143971 0.166899
v -0.592993 -1.79289 0.136284
vn -0.979094 0.201948 0.0243464
v -0.616338 -1.91818 0.155304
vn -0.984211 0.160548 0.0745198
v -0.642575 -2.10036 0.145765
vn -0.989084 0.140818 0.0434059
v -0.663013 -2.24799 0.165799
vn -0.988832 0.125841 0.0798487
v 0.0983586 1.21328 0.532493
vn 0.281255 0.229001 0.931909
v 0.135117 1.22273 0.513237
vn 0.492457 0.304687 0.815262
v 0.135389 1.18972 0.523577
vn 0.474374 0.211857 0.854451
v 0.165425 1.11071 0.522665
vn 0.56394 0.223279 0.795058
v 0.197521 1.06806 0.516708
vn 0.579842 0.176614 0.795356
v 0.13891 1.07004 0.548211
vn 0.350383 0.157836 0.923212
v 0.164981 1.04962 0.535375
vn 0.449506 -0.193408 0.872088
v 0.132018 1.04493 0.545999
vn 0.261476 -0.619707 0.739995
v 0.147747 1.02822 0.523606
vn 0.0986589 -0.825911 0.555102
v 0.122794 1.05633 0.551733
vn 0.179405 -0.175511 0.967993
v 0.103138 1.01304 0.504923
vn 0.216498 -0.79065 0.572715
v 0.206484 1.03622 0.505067
vn 0.460171 -0.485043 0.743623
v 0.123981 1.25397 0.506455
vn 0.481528 0.389576 0.785087
v 0.155393 1.2795 0.466909
vn 0.587337 0.507142 0.630747
v 0.118958 1.29507 0.482232
vn 0.429303 0.579512 0.692723
v 0.0949794 1.27856 0.50523
vn 0.262955 0.534089 0.803495
v 0.180919 1.24667 0.464496
vn 0.665476 0.353553 0.657375
v 0.173256 1.18728 0.496968
vn 0.636052 0.253067 0.728969
v 0.200949 1.12083 0.488769
vn 0.712728 0.241686 0.658488
v 0.196698 1.00125 0.477243
vn 0.271504 -0.711879 0.647699
v 0.210279 1.19653 0.455091
vn 0.751489 0.228777 0.618809
v 0.23684 1.09646 0.451654
vn 0.840247 0.186965 0.508949
v 0.22971 1.01158 0.468413
vn 0.583069 -0.559105 0.589435
v 0.239186 1.03214 0.471987
vn 0.899174 -0.036763 0.436044
v 0.222931 1.05445 0.494794
vn 0.778649 0.187199 0.598884
v 0.0914914 0.79766 0.521981
vn 0.469017 0.0159401 0.883045
v 0.0801494 0.883897 0.531878
vn 0.432056 0.0353348 0.901154
v 0.125162 0.787146 0.510364
vn 0.501648 -0.0282119 0.864612
v 0.0980574 0.67665 0.515245
vn 0.614874 0.0378264 0.787717
v 0.128556 0.731706 0.511753
vn 0.56744 -0.0040286 0.823405
v 0.145594 0.699256 0.494867
vn 0.671592 -0.163438 0.722671
v 0.0910153 0.633878 0.514653
vn 0.560972 -0.204554 0.802165
v 0.115492 1.00325 0.48763
vn 0.213416 -0.392555 0.894625
v 0.205758 0.873272 0.470562
vn 0.64983 -0.164045 0.742166
v 0.159315 0.775728 0.485666
vn 0.698547 -0.12003 0.705425
v 0.162677 0.884331 0.502354
vn 0.440205 -0.060728 0.895841
v 0.192551 0.918704 0.483661
vn 0.568556 0.190509 0.800282
v 0.146572 0.919043 0.507422
vn 0.338506 0.0902356 0.936628
v 0.15519 0.963016 0.49047
vn 0.48006 0.384518 0.788472
v 0.185396 0.97722 0.461596
vn 0.483519 0.130477 0.865555
v 0.197427 0.982499 0.455203
vn 0.269118 -0.643868 0.716247
v 0.141133 1.01576 0.502455
vn 0.0787158 -0.790162 0.607823
v 0.154691 0.99268 0.477778
vn 0.266606 -0.35133 0.89749
v 0.128195 0.960523 0.501688
vn 0.214872 0.457507 0.862854
v 0.138603 0.969777 0.484106
vn 0.251609 0.351074 0.901909
v 0.0900959 0.977952 0.490125
vn 0.250646 0.368979 0.895003
v 0.0806344 0.999198 0.503136
vn 0.439274 -0.572395 0.692389
v 0.113706 0.687634 0.505202
vn 0.490833 -0.167202 0.855059
v 0.0894595 0.52996 0.499194
vn 0.653292 -0.307859 0.691688
v 0.145348 0.642494 0.482316
vn 0.606125 -0.184087 0.773773
v 0.167172 0.659438 0.459989
vn 0.836421 -0.131648 0.532043
v 0.182807 0.735779 0.44772
vn 0.823742 -0.149132 0.547
v 0.0910026 0.519138 0.47408
vn 0.546289 -0.832484 0.0924072
v 0.110366 0.535277 0.472507
vn 0.75823 -0.535382 0.372094
v 0.162206 0.611199 0.449073
vn 0.795786 -0.273255 0.540422
v 0.0912082 -0.272854 0.522493
vn -0.257468 0.142144 0.955775
v 0.105169 -0.320243 0.53023
vn -0.201142 0.00777655 0.979531
v 0.108663 -0.22554 0.517216
vn -0.193666 0.239951 0.951271
v 0.14463 -0.284937 0.533242
vn -0.0991609 0.133938 0.986016
v 0.159372 -0.234733 0.52569
vn -0.052133 0.231402 0.97146
v 0.174 -0.352666 0.541104
vn -0.0785209 0.0150477 0.996799
v 0.152761 -0.188394 0.511489
vn -0.0941356 0.33185 0.938623
v 0.243843 -0.262478 0.533888
vn 0.0117649 0.213003 0.976981
v 0.223085 -0.304469 0.541145
vn -0.0294907 0.0767646 0.996613
v 0.213129 -0.200664 0.51642
vn 0.0169754 0.32331 0.946141
v 0.256588 -0.358851 0.543696
vn 0.0317456 -0.0285116 0.999089
v 0.279063 -0.309496 0.539771
vn 0.083241 0.112364 0.990174
v 0.254693 -0.223565 0.522395
vn 0.106375 0.333788 0.936627
v 0.306508 -0.280536 0.531091
vn 0.167748 0.190298 0.967289
v 0.32125 -0.225144 0.513272
vn 0.209922 0.284665 0.93536
v 0.210186 -0.12919 0.48718
vn 0.0501791 0.429412 0.901714
v 0.17182 -0.149358 0.497255
vn -0.00691217 0.385545 0.922663
v 0.0993822 -0.12629 0.478926
vn -0.188774 0.436644 0.879606
v 0.136729 -0.125527 0.484451
vn -0.0835712 0.434582 0.896746
v 0.287109 -0.161951 0.49481
vn 0.132375 0.390508 0.911032
v 0.30735 -0.112229 0.467937
vn 0.153243 0.455869 0.876755
v 0.300762 -0.35544 0.540033
vn 0.155984 -0.0330845 0.987205
v 0.341879 -0.350364 0.531481
vn 0.250589 0.0557583 0.966487
v 0.343975 -0.306248 0.526802
vn 0.309451 0.181431 0.933447
v 0.386151 -0.336452 0.514214
vn 0.391334 0.0582115 0.918406
v 0.414361 -0.328729 0.499856
vn 0.518709 0.123264 0.846018
v 0.475246 -0.32721 0.458677
vn 0.606536 0.0184901 0.794841
v 0.393882 -0.282979 0.501949
vn 0.428566 0.189241 0.88347
v 0.407328 -0.2255 0.481224
vn 0.43785 0.231163 0.868821
v 0.34273 -0.184113 0.492683
vn 0.256894 0.354414 0.899109
v 0.363293 -0.225313 0.500872
vn 0.339116 0.262395 0.90341
v 0.41926 -0.177037 0.460973
vn 0.420451 0.305193 0.854446
v 0.360143 -0.144193 0.470967
vn 0.271327 0.415822 0.868028
v 0.458083 -0.213116 0.449857
vn 0.508099 0.209908 0.835329
v 0.122222 -0.630077 0.558731
vn 0.173102 0.154489 0.972712
v 0.103999 -0.758422 0.56609
vn 0.146396 0.204969 0.967758
v 0.169932 -0.76318 0.552387
vn 0.311024 0.189008 0.931418
v 0.155524 -0.824641 0.573457
vn 0.263287 0.214694 0.940524
v 0.20128 -0.862852 0.562051
vn 0.45528 0.153514 0.877014
v 0.104298 -0.84961 0.589092
vn 0.143736 0.184362 0.972291
v 0.196322 -0.919532 0.570326
vn 0.389748 0.0321489 0.92036
v 0.149867 -0.878403 0.583377
vn 0.278807 0.0742305 0.957474
v 0.121421 -0.901928 0.590971
vn 0.150551 0.0296691 0.988157
v 0.170316 -1.00518 0.580045
vn 0.280753 0.0175813 0.959619
v 0.118412 -0.982094 0.591237
vn 0.15413 0.0152351 0.987933
v 0.202109 -0.749981 0.537015
vn 0.445298 0.174565 0.878201
v 0.209518 -1.00757 0.564611
vn 0.422745 0.0086128 0.906208
v 0.152939 -1.07907 0.587293
vn 0.210875 -0.00599433 0.977495
v 0.185361 -1.07723 0.576938
vn 0.400223 -0.0133675 0.91632
v 0.171163 -1.14394 0.576964
vn 0.328942 -0.116836 0.937095
v 0.133635 -1.12935 0.588544
vn 0.160535 -0.0912799 0.9828
v 0.0938044 -1.09843 0.595311
vn 0.0512287 -0.0867988 0.994908
v 0.14599 -1.20207 0.574175
vn 0.22163 -0.160048 0.961907
v 0.188138 -1.235 0.556423
vn 0.318095 -0.121462 0.940246
v 0.107515 -1.18737 0.582601
vn 0.0753347 -0.130906 0.988528
v 0.230799 -1.1373 0.552458
vn 0.435944 -0.0991698 0.894493
v 0.168189 -0.393868 0.538252
vn -0.128377 -0.0875089 0.987857
v 0.0956911 -0.587443 0.553353
vn 0.0133577 0.200621 0.979578
v 0.137505 -0.530152 0.531291
vn 0.134458 0.234589 0.962751
v 0.139697 -0.457694 0.525707
vn -0.0448664 -0.123503 0.991329
v 0.152398 -0.496941 0.52376
vn 0.0745627 0.0505678 0.995933
v 0.153565 -0.56866 0.53826
vn 0.247423 0.187584 0.950576
v 0.207683 -0.512566 0.515133
vn 0.24863 0.0662592 0.96633
v 0.199425 -0.477296 0.521385
vn 0.086088 -0.222338 0.971161
v 0.231872 -0.39433 0.540738
vn -0.0112897 -0.134291 0.990878
v 0.264935 -0.487053 0.509731
vn 0.174517 -0.316057 0.932551
v 0.271035 -0.413753 0.535097
vn 0.100387 -0.246323 0.963975
v 0.3143 -0.43667 0.521427
vn 0.232459 -0.37739 0.896404
v 0.328703 -0.40352 0.528614
vn 0.213972 -0.207833 0.954474
v 0.178003 -0.660796 0.545259
vn 0.388238 0.0423719 0.920584
v 0.160761 -0.637583 0.549737
vn 0.289091 0.108386 0.951146
v 0.147764 -0.722587 0.554429
vn 0.248747 0.0336742 0.967983
v 0.200995 -0.725635 0.53492
vn 0.440943 0.0389969 0.896688
v 0.229058 -0.564306 0.512341
vn 0.343987 0.115602 0.931831
v 0.242453 -0.614543 0.512186
vn 0.445865 0.0268798 0.894696
v 0.339103 -0.684516 0.463607
vn 0.457843 0.0259165 0.888655
v 0.296845 -0.778292 0.491039
vn 0.469874 0.143261 0.871031
v 0.283392 -0.546627 0.491258
vn 0.389261 -0.0833385 0.91735
v 0.315125 -0.497065 0.490839
vn 0.337297 -0.370244 0.865534
v 0.344763 -0.621294 0.457806
vn 0.489444 0.0211367 0.871778
v 0.352316 -0.375465 0.526741
vn 0.335159 -0.11826 0.93471
v 0.373668 -0.4165 0.509324
vn 0.3734 -0.277976 0.885044
v 0.345393 -0.504312 0.47379
vn 0.445323 -0.495479 0.74578
v 0.372403 -0.524637 0.449171
vn 0.505283 -0.202399 0.838882
v 0.372141 -0.450413 0.495159
vn 0.385279 -0.433707 0.814529
v 0.427243 -0.44815 0.463576
vn 0.520172 -0.457909 0.72093
v 0.41913 -0.402413 0.489748
vn 0.534038 -0.279907 0.797782
v 0.411881 -0.372589 0.501021
vn 0.490522 -0.0896236 0.866808
v 0.488491 -0.395757 0.439698
vn 0.589145 -0.267813 0.762355
v 0.46564 -0.360815 0.46458
vn 0.605063 -0.111255 0.788366
v 0.303375 -0.841738 0.497898
vn 0.517159 0.0880672 0.851347
v 0.231707 -0.930504 0.552196
vn 0.52366 0.0696191 0.849078
v 0.323456 -0.928072 0.492314
vn 0.54375 0.0531243 0.837564
v 0.250921 -0.993409 0.542331
vn 0.505021 0.0238208 0.862778
v 0.308064 -1.03024 0.507215
vn 0.547721 0.0268321 0.836231
v 0.177413 -1.26588 0.559346
vn 0.265133 0.0903975 0.959965
v 0.246218 -1.08954 0.547476
vn 0.504636 -0.0104617 0.863269
v 0.333313 -1.11312 0.491096
vn 0.557018 -0.0122673 0.83041
v 0.299265 -1.14889 0.510657
vn 0.49532 -0.0532679 0.867076
v 0.234735 -1.25071 0.536478
vn 0.423388 -0.0201912 0.905724
v 0.292284 -1.29991 0.507495
vn 0.496533 -0.0107125 0.867951
v 0.125228 -1.33265 0.580121
vn 0.18804 0.129416 0.973598
v 0.146845 -1.37696 0.579634
vn 0.356567 0.0328933 0.93369
v 0.196482 -1.45336 0.554813
vn 0.422038 -0.0467518 0.905372
v 0.149875 -1.43344 0.577034
vn 0.335171 -0.0781888 0.938907
v 0.114911 -1.40199 0.588661
vn 0.209806 0.0319014 0.977222
v 0.222982 -1.35883 0.546475
vn 0.446789 -0.00359535 0.894632
v 0.178831 -1.56347 0.553486
vn 0.348544 -0.0587773 0.935448
v 0.132461 -1.5901 0.565704
vn 0.253159 -0.0808135 0.964044
v 0.0952388 -1.74742 0.560017
vn 0.0864797 -0.0374659 0.995549
v 0.0993887 -1.65064 0.565964
vn 0.112716 -0.106948 0.987855
v 0.101458 -1.84898 0.556912
vn 0.221337 -0.0397238 0.974388
v 0.0944813 -1.9672 0.558044
vn 0.205088 -0.0372889 0.978033
v 0.317047 -1.47273 0.494268
vn 0.458612 0.0117661 0.888559
v 0.237689 -1.6731 0.528163
vn 0.307989 -0.0619639 0.94937
v 0.267055 -1.62825 0.519107
vn 0.369037 0.00533543 0.929399
v 0.248119 -1.55543 0.525474
vn 0.406216 -0.0225815 0.913498
v 0.34445 -1.5877 0.487479
vn 0.410361 0.0333399 0.911313
v 0.342583 -1.65964 0.488833
vn 0.397702 -0.0391058 0.916681
v 0.292609 -1.70638 0.506367
vn 0.385054 -0.113695 0.915864
v 0.369514 -1.29567 0.462481
vn 0.541232 -0.0278673 0.840411
v 0.404401 -1.36328 0.437065
vn 0.534086 0.0393978 0.844512
v 0.375551 -1.49093 0.46736
vn 0.460764 0.0755614 0.8843
v 0.364909 -1.61224 0.478469
vn 0.451635 0.0061541 0.892182
v 0.356768 -1.69307 0.477333
vn 0.467053 -0.14295 0.872598
v 0.139598 -1.8653 0.547577
vn 0.300579 -0.0432604 0.952775
v 0.130716 -1.97195 0.547833
vn 0.338725 -0.06759 0.938454
v 0.172149 -1.88793 0.535436
vn 0.419134 -0.0838693 0.904042
v 0.229084 -1.80843 0.518038
vn 0.386783 -0.110676 0.915505
v 0.183413 -1.94901 0.525488
vn 0.467617 -0.0788514 0.880407
v 0.094175 -2.05039 0.549684
vn 0.207254 -0.136352 0.968738
v 0.0994891 -2.10367 0.535273
vn 0.281478 -0.318045 0.905327
v 0.151262 -2.06699 0.523509
vn 0.482429 -0.280517 0.829803
v 0.161173 -2.01748 0.529663
vn 0.473444 -0.143223 0.869102
v 0.119201 -2.0495 0.543108
vn 0.354556 -0.174761 0.918558
v 0.1321 -2.12069 0.5132
vn 0.480865 -0.398848 0.780826
v 0.310865 -1.79748 0.482669
vn 0.417575 -0.136952 0.898263
v 0.213688 -2.04033 0.491659
vn 0.319357 -0.0999477 0.942349
v 0.231188 -1.97122 0.494534
vn 0.493848 -0.122223 0.860916
v 0.260591 -1.93433 0.485392
vn 0.412712 -0.123561 0.902442
v 0.31782 -1.85593 0.472988
vn 0.299585 -0.0422673 0.953133
v 0.183515 -2.1162 0.473678
vn 0.540799 -0.521769 0.659768
v 0.205977 -2.07992 0.480731
vn 0.498578 -0.37557 0.78126
v 0.0714616 -2.17907 0.512201
vn 0.330907 -0.434757 0.837548
v 0.115023 -2.15658 0.502728
vn 0.519396 -0.528701 0.671344
v 0.287608 -2.17045 0.480924
vn -0.432961 0.106403 0.895111
v 0.283658 -2.0197 0.479947
vn -0.0665275 -0.0129295 0.997701
v 0.323705 -2.12546 0.490083
vn -0.273607 0.0718644 0.959153
v 0.243688 -2.04047 0.480191
vn 0.175641 -0.302555 0.936809
v 0.353811 -1.78124 0.462456
vn 0.533421 -0.101881 0.839692
v 0.356998 -2.16206 0.501244
vn -0.114584 0.12178 0.985921
v 0.33275 -2.05326 0.485974
vn -0.056836 0.101626 0.993198
v 0.352597 -1.91836 0.469238
vn 0.0920085 0.14048 0.985799
v 0.380042 -2.2549 0.514811
vn 0.0300212 0.125641 0.991621
v 0.41394 -2.09025 0.48441
vn 0.276163 0.160594 0.947599
v 0.359268 -1.88515 0.463287
vn 0.242956 0.1154 0.963149
v 0.331468 -1.92839 0.472821
vn 0.0435335 0.0926244 0.994749
v 0.449656 -2.21009 0.491076
vn 0.38774 0.147397 0.909908
v 0.178155 1.30399 0.420742
vn 0.623303 0.563746 0.541927
v 0.207504 1.26681 0.417284
vn 0.727211 0.450851 0.517589
v 0.136806 1.33264 0.431828
vn 0.499331 0.648514 0.574542
v 0.103219 1.33201 0.456313
vn 0.343396 0.697123 0.629364
v 0.226913 1.21968 0.421191
vn 0.816861 0.262439 0.513676
v 0.258696 1.13962 0.398091
vn 0.878025 0.154615 0.452954
v 0.264617 1.07297 0.400504
vn 0.918488 0.0607819 0.390749
v 0.267666 1.02774 0.397861
vn 0.941527 -0.00683704 0.336868
v 0.261139 0.989902 0.40023
vn 0.895183 -0.156086 0.417473
v 0.133456 1.36108 0.398727
vn 0.47869 0.719761 0.502792
v 0.171402 1.34255 0.380742
vn 0.60726 0.655218 0.449361
v 0.11929 1.39101 0.363928
vn 0.404694 0.801509 0.440235
v 0.194967 1.31043 0.390049
vn 0.701476 0.562244 0.437966
v 0.235787 1.27072 0.367681
vn 0.823327 0.391803 0.410638
v 0.257066 1.21226 0.371631
vn 0.876787 0.245411 0.413542
v 0.192455 0.800911 0.454739
vn 0.764831 -0.248342 0.594441
v 0.234197 0.967295 0.428813
vn 0.622578 0.204013 0.755497
v 0.235667 0.866863 0.432755
vn 0.794203 -0.269174 0.544782
v 0.230172 0.802796 0.402766
vn 0.822252 -0.260319 0.506098
v 0.234573 0.893634 0.442026
vn 0.796776 -0.016808 0.604041
v 0.235446 0.989763 0.437352
vn 0.600199 -0.446922 0.663341
v 0.249956 0.952901 0.411326
vn 0.849173 0.0274686 0.5274
v 0.221278 0.917087 0.458075
vn 0.73891 0.0900954 0.667754
v 0.164031 0.592795 0.433169
vn 0.83555 -0.38215 0.394737
v 0.148776 0.565047 0.428478
vn 0.772865 -0.611666 0.168952
v 0.212751 0.662832 0.380039
vn 0.848544 -0.185924 0.495383
v 0.258296 0.79758 0.351415
vn 0.851551 -0.192365 0.487705
v 0.26894 0.866697 0.371951
vn 0.884795 -0.218753 0.411444
v 0.258349 0.904864 0.40811
vn 0.880234 -0.0751635 0.46855
v 0.277083 0.903049 0.363864
vn 0.943856 -0.0166977 0.329934
v 0.197499 0.620632 0.38009
vn 0.857451 -0.405831 0.316353
v 0.20037 0.614999 0.350231
vn 0.756765 -0.64837 0.0832064
v 0.17256 1.37557 0.322105
vn 0.603108 0.721453 0.340245
v 0.0946365 1.42055 0.327723
vn 0.32665 0.851213 0.410775
v 0.145759 1.38013 0.354307
vn 0.535875 0.74152 0.403715
v 0.224383 1.30543 0.345742
vn 0.755125 0.537977 0.374656
v 0.201282 1.34523 0.327573
vn 0.68812 0.632917 0.354834
v 0.284843 1.15603 0.33478
vn 0.925942 0.104767 0.362844
v 0.298158 1.11021 0.304586
vn 0.954443 -0.00791706 0.298289
v 0.129397 1.41607 0.300513
vn 0.491789 0.802415 0.338044
v 0.253943 1.28237 0.309837
vn 0.825973 0.471644 0.308741
v 0.226826 1.34127 0.276382
vn 0.755845 0.590557 0.282738
v 0.278214 1.23401 0.304094
vn 0.881294 0.357368 0.309207
v 0.293214 1.19359 0.293436
vn 0.928465 0.229506 0.292025
v 0.304111 0.992064 0.267733
vn 0.971543 -0.0262411 0.235405
v 0.28223 0.975634 0.3436
vn 0.948878 -0.0124424 0.315397
v 0.124647 0.564316 0.331197
vn 0.515593 -0.840004 -0.168989
v 0.218896 0.632394 0.289466
vn 0.579883 -0.808734 -0.0984151
v 0.256922 0.678063 0.290605
vn 0.86064 -0.447186 0.243563
v 0.264818 0.727831 0.31766
vn 0.879319 -0.225397 0.419518
v 0.288053 0.819546 0.292841
vn 0.945424 -0.166071 0.280346
v 0.292591 0.87904 0.312511
vn 0.954191 -0.129433 0.269752
v 0.272561 0.723593 0.292915
vn 0.951626 -0.212742 0.221696
v 0.1056 0.531414 0.42171
vn 0.492103 -0.852635 -0.175637
v 0.128321 0.545545 0.423748
vn 0.635151 -0.771582 -0.03527
v 0.0996324 -0.0169728 0.422272
vn -0.159348 0.465828 0.870409
v 0.160412 -0.0398012 0.440711
vn -0.0158674 0.488792 0.872256
v 0.207473 -0.012 0.422823
vn 0.0616945 0.541938 0.838151
v 0.23278 -0.0734958 0.457044
vn 0.088586 0.490248 0.867069
v 0.314344 -0.0391577 0.425396
vn 0.155197 0.51101 0.845448
v 0.129444 0.053237 0.382195
vn 0.0141793 0.57813 0.815821
v 0.229074 0.0346109 0.387736
vn 0.0811135 0.591681 0.802081
v 0.283799 0.00479869 0.402318
vn 0.110576 0.556189 0.823667
v 0.365963 -0.0525919 0.421434
vn 0.242023 0.472246 0.84759
v 0.422037 -0.0583477 0.405204
vn 0.326 0.446685 0.833185
v 0.434527 -0.1269 0.433759
vn 0.403789 0.363185 0.839673
v 0.517911 -0.308286 0.423905
vn 0.644343 0.0618213 0.762234
v 0.488062 -0.252154 0.438878
vn 0.566479 0.144574 0.811295
v 0.39723 0.0441111 0.355352
vn 0.21733 0.516088 0.828505
v 0.482189 -0.0515798 0.374267
vn 0.412366 0.430989 0.802622
v 0.516457 -0.0738517 0.364392
vn 0.523906 0.366457 0.768916
v 0.555395 -0.326432 0.389826
vn 0.682954 -0.0317566 0.729771
v 0.538565 -0.245311 0.399163
vn 0.639371 0.121965 0.759163
v 0.610077 -0.264786 0.337426
vn 0.714648 0.0216103 0.699151
v 0.519025 -0.186058 0.401952
vn 0.581724 0.206762 0.786668
v 0.572507 -0.165892 0.354695
vn 0.648335 0.184448 0.738675
v 0.505931 -0.139342 0.39722
vn 0.514666 0.284882 0.808679
v 0.111544 0.143738 0.316467
vn 0.00233423 0.616499 0.787353
v 0.21079 0.0817919 0.353299
vn 0.0666315 0.583522 0.809359
v 0.182796 0.125398 0.325367
vn 0.0515372 0.598168 0.799712
v 0.177524 0.165184 0.293067
vn 0.0492303 0.693927 0.71836
v 0.289673 0.153031 0.298036
vn 0.085937 0.603908 0.792408
v 0.374624 0.0921184 0.328504
vn 0.148938 0.569291 0.808532
v 0.356797 0.14138 0.293892
vn 0.21831 0.644091 0.733135
v 0.438725 0.0524784 0.335814
vn 0.3701 0.485975 0.791741
v 0.507214 -0.0208012 0.342132
vn 0.535513 0.442185 0.719512
v 0.563854 -0.09637 0.33985
vn 0.603626 0.27977 0.746568
v 0.419808 0.088141 0.318056
vn 0.304135 0.607326 0.733933
v 0.464149 0.0762326 0.302178
vn 0.512315 0.607544 0.60698
v 0.488436 0.0307349 0.320972
vn 0.507422 0.490895 0.708198
v 0.624112 -0.0504308 0.267931
vn 0.539133 0.373554 0.754846
v 0.588849 -0.350669 0.353816
vn 0.754484 -0.108426 0.6473
v 0.620515 -0.232129 0.324238
vn 0.6869 0.135793 0.713953
v 0.650263 -0.103717 0.265984
vn 0.645911 0.194454 0.738232
v 0.647542 -0.265555 0.293954
vn 0.788481 -0.0507865 0.612959
v 0.613327 -0.362146 0.317612
vn 0.812051 -0.24005 0.53193
v 0.168227 1.40504 0.258551
vn 0.580872 0.77616 0.245283
v 0.121926 1.43298 0.263076
vn 0.428518 0.865793 0.258408
v 0.254251 1.31653 0.250543
vn 0.83958 0.475112 0.263389
v 0.200553 1.37753 0.258764
vn 0.673164 0.69527 0.251894
v 0.308189 1.14641 0.268201
vn 0.96348 0.0851231 0.253891
v 0.306672 1.0849 0.274604
vn 0.968357 -0.0263423 0.248176
v 0.160559 1.42654 0.195927
vn 0.543348 0.82336 0.163867
v 0.111271 1.44853 0.221297
vn 0.374923 0.905251 0.199884
v 0.287233 1.26653 0.228143
vn 0.904813 0.372174 0.206882
v 0.258639 1.32632 0.20939
vn 0.823557 0.537996 0.179762
v 0.235639 1.35669 0.208353
vn 0.740182 0.647496 0.181329
v 0.311713 1.19419 0.222951
vn 0.953343 0.238281 0.185364
v 0.318557 1.11587 0.225592
vn 0.98495 -0.0293416 0.170333
v 0.3017 0.900627 0.281531
vn 0.975181 -0.0149098 0.220906
v 0.30312 0.855533 0.243209
vn 0.985189 -0.121492 0.121002
v 0.165552 0.602919 0.266109
vn 0.53979 -0.839009 -0.0684906
v 0.128585 0.576129 0.254346
vn 0.581954 -0.800463 0.143489
v 0.257561 0.668489 0.240906
vn 0.782186 -0.622689 0.0210503
v 0.28335 0.734562 0.242164
vn 0.980991 -0.185292 0.0576522
v 0.311896 0.959362 0.218339
vn 0.989412 -0.0458774 0.137692
v 0.308027 0.872603 0.192382
vn 0.981235 -0.155761 0.113652
v 0.207587 0.618542 0.189592
vn 0.636665 -0.720657 0.274428
v 0.222061 0.635775 0.218272
vn 0.574351 -0.815431 0.0720637
v 0.108373 0.554982 0.242033
vn 0.618285 -0.564718 0.546642
v 0.23865 0.65053 0.1822
vn 0.780639 -0.624357 0.0279301
v 0.273106 0.696238 0.24808
vn 0.940197 -0.339591 0.0266074
v 0.266568 0.692079 0.190989
vn 0.902485 -0.425664 -0.0658157
v 0.281169 0.743488 0.169568
vn 0.967058 -0.252851 -0.0294028
v 0.20237 1.39649 0.182117
vn 0.651344 0.74149 0.161073
v 0.109079 1.45762 0.166432
vn 0.332729 0.937971 0.0974807
v 0.139356 1.44486 0.156187
vn 0.489153 0.868954 0.075155
v 0.289992 1.27639 0.190223
vn 0.905371 0.41512 0.0893283
v 0.260896 1.33159 0.167832
vn 0.822287 0.56403 0.0755898
v 0.225853 1.37612 0.164295
vn 0.73574 0.675006 0.0552486
v 0.308466 1.23178 0.161642
vn 0.951314 0.3068 0.0296027
v 0.185461 1.41497 0.14175
vn 0.621601 0.782751 0.0302214
v 0.118153 1.45621 0.110774
vn 0.320195 0.947085 -0.0224988
v 0.291077 1.27732 0.121364
vn 0.917775 0.392488 -0.060345
v 0.281269 1.30026 0.141219
vn 0.876272 0.480912 -0.0294933
v 0.254238 1.34252 0.111052
vn 0.808996 0.583871 -0.0679745
v 0.223237 1.38022 0.105392
vn 0.733969 0.67808 -0.0386767
v 0.324336 1.09845 0.181126
vn 0.99603 0.00698123 0.0887436
v 0.321126 1.16131 0.195023
vn 0.98766 0.0919454 0.126782
v 0.317803 1.19715 0.158672
vn 0.980755 0.194023 0.0218022
v 0.32447 0.998378 0.124945
vn 0.98374 0.105459 0.145376
v 0.324778 1.14608 0.153391
vn 0.997056 0.0732876 -0.0225344
v 0.32578 1.05961 0.150788
vn 0.99629 -0.0340079 0.0790496
v 0.312796 1.20523 0.103992
vn 0.976367 0.200727 -0.0801031
v 0.302038 0.819849 0.169676
vn 0.842968 -0.385138 0.375598
v 0.291212 0.772872 0.139729
vn 0.946912 -0.320677 0.0229141
v 0.184177 0.563365 0.178436
vn 0.695197 -0.245777 0.675496
v 0.215827 0.609404 0.162779
vn 0.785922 -0.397702 0.473455
v 0.310904 0.832276 0.156447
vn 0.80751 -0.305421 0.504624
v 0.30418 0.7951 0.121544
vn 0.738356 -0.671011 0.0676423
v 0.256335 0.6764 0.125141
vn 0.931943 -0.336408 0.135318
v 0.319334 0.953923 0.168004
vn 0.952598 -0.0416243 0.30137
v 0.34735 0.961372 0.146509
vn 0.896109 -0.189319 0.401431
v 0.328786 0.960771 0.156383
vn 0.457818 0.0966163 0.88378
v 0.371779 1.03088 0.124121
vn 0.898826 -0.166198 0.405573
v 0.358692 1.01666 0.138707
vn -0.22288 0.509753 0.830949
v 0.327186 0.992844 0.135495
vn 0.128957 0.621737 0.772537
v 0.325529 0.875259 0.149695
vn 0.880833 -0.0833052 0.466041
v 0.327078 0.876447 0.135611
vn 0.96771 -0.234131 -0.0933827
v 0.234174 0.194368 0.255904
vn 0.0992889 0.705507 0.701713
v 0.288492 0.180712 0.26914
vn 0.0891434 0.78657 0.611033
v 0.115284 0.539312 0.221836
vn 0.510563 -0.3426 0.788639
v 0.131689 0.236185 0.240159
vn 0.0311523 0.423103 0.905546
v 0.200247 0.245144 0.223778
vn 0.247184 0.426619 0.869998
v 0.218865 0.219047 0.234508
vn 0.333925 0.653125 0.679648
v 0.279096 0.220328 0.208886
vn 0.25292 0.826754 0.502504
v 0.338912 0.187958 0.244004
vn 0.207849 0.848151 0.487277
v 0.343213 0.169752 0.270159
vn 0.235414 0.752924 0.614561
v 0.409072 0.140395 0.273904
vn 0.364676 0.682045 0.633897
v 0.459161 0.155406 0.221173
vn 0.454081 0.604908 0.654138
v 0.391714 0.20141 0.189097
vn 0.176178 0.906808 0.382963
v 0.438061 0.175376 0.213876
vn 0.265544 0.758294 0.595379
v 0.414395 0.190716 0.203426
vn 0.210683 0.844207 0.492876
v 0.479332 0.123309 0.23405
vn 0.531659 0.598783 0.598997
v 0.593501 -0.0097442 0.266582
vn 0.510542 0.549502 0.661358
v 0.536687 0.075362 0.236196
vn 0.357526 0.526885 0.771082
v 0.152329 0.503299 0.189073
vn 0.466543 -0.174798 0.867054
v 0.143399 0.404502 0.197802
vn 0.254256 0.14081 0.956832
v 0.155036 0.466952 0.183403
vn 0.587281 -0.0187155 0.809167
v 0.163195 0.408904 0.187408
vn 0.490028 0.230983 0.840547
v 0.198824 0.300124 0.20116
vn 0.581258 0.363906 0.727813
v 0.222733 0.333831 0.164024
vn 0.665602 0.335078 0.666855
v 0.26849 0.24265 0.187854
vn 0.484802 0.579803 0.654825
v 0.25208 0.270111 0.17676
vn 0.597711 0.492913 0.63228
v 0.196917 0.47904 0.148804
vn 0.717095 0.0527488 0.694976
v 0.202861 0.421984 0.150172
vn 0.734443 0.211713 0.644804
v 0.228104 0.570507 0.118559
vn 0.862024 -0.174104 0.476028
v 0.259894 0.36352 0.104696
vn 0.74255 0.327366 0.584338
v 0.281659 0.339076 0.096488
vn 0.665618 0.443858 0.599952
v 0.337146 0.268118 0.102778
vn 0.514877 0.579098 0.632098
v 0.370514 0.219581 0.14857
vn 0.123283 0.911134 0.393238
v 0.498433 0.172915 0.188712
vn 0.27965 0.573581 0.769935
v 0.575725 0.187698 0.153078
vn 0.232822 0.635704 0.735985
v 0.563657 0.214244 0.126116
vn 0.162923 0.802626 0.573801
v 0.591672 0.158682 0.168977
vn 0.203873 0.510629 0.835281
v 0.527289 0.110763 0.212549
vn 0.308429 0.506406 0.805248
v 0.338316 0.243778 0.127049
vn 0.42279 0.710333 0.56274
v 0.46529 0.208229 0.155262
vn 0.0880656 0.89775 0.431613
v 0.584295 0.068331 0.223668
vn 0.197185 0.475593 0.85728
v 0.650996 -0.31194 0.277353
vn 0.858236 -0.190354 0.476652
v 0.688187 -0.26286 0.226736
vn 0.843436 -0.208217 0.495239
v 0.667052 -0.168494 0.262207
vn 0.715991 0.0754684 0.694019
v 0.686201 -0.202776 0.243742
vn 0.695821 -0.0640751 0.715351
v 0.623427 0.00876169 0.242096
vn 0.258697 0.392174 0.882766
v 0.661255 -0.0224815 0.241658
vn 0.299637 0.208844 0.930915
v 0.682581 -0.0842382 0.244676
vn 0.365986 0.0740387 0.92767
v 0.728226 0.0234897 0.211699
vn 0.257738 0.274939 0.926272
v 0.716712 -0.12031 0.231321
vn 0.342554 -0.105485 0.933558
v 0.642542 -0.357612 0.2648
vn 0.842727 -0.397454 0.3631
v 0.682454 -0.29428 0.216345
vn 0.860676 -0.419007 0.289259
v 0.697957 -0.235304 0.224977
vn 0.543067 -0.370027 0.753763
v 0.725718 -0.201959 0.215972
vn 0.408397 -0.18778 0.893281
v 0.6094 0.211568 0.116705
vn 0.208669 0.779224 0.590988
v 0.678086 0.172505 0.131066
vn 0.276398 0.679118 0.680002
v 0.747083 0.1406 0.131546
vn 0.356582 0.686155 0.634067
v 0.726858 0.116447 0.163024
vn 0.258123 0.579477 0.773032
v 0.774212 0.113469 0.142536
vn 0.413907 0.606329 0.679003
v 0.706176 0.0723512 0.19737
vn 0.20509 0.468786 0.859173
v 0.751523 0.0475504 0.195753
vn 0.291307 0.376528 0.879413
v 0.785709 -0.00173144 0.200055
vn 0.310503 0.239116 0.920006
v 0.80513 -0.0375874 0.201645
vn 0.306045 0.165308 0.937555
v 0.854915 -0.0882748 0.192293
vn 0.309029 0.0530535 0.949572
v 0.793532 -0.124743 0.209213
vn 0.242086 -0.0865334 0.966388
v 0.676068 -0.322507 0.176679
vn 0.834846 -0.535035 0.129494
v 0.689346 -0.320762 0.146531
vn 0.368354 -0.755747 0.541445
v 0.706502 -0.28441 0.182321
vn 0.644507 -0.547311 0.533912
v 0.730428 -0.278208 0.177035
vn 0.188975 -0.609867 0.769643
v 0.740854 -0.243232 0.196717
vn 0.289808 -0.372872 0.881463
v 0.788813 -0.202458 0.198315
vn 0.143232 -0.22039 0.964838
v 0.778758 0.0753409 0.169251
vn 0.359289 0.489574 0.794499
v 0.666332 -0.343561 0.137746
vn 0.791038 -0.571181 0.219113
v 0.71961 -0.323859 0.140353
vn -0.211872 -0.538464 0.815577
v 0.772937 -0.275648 0.177408
vn -0.0220867 -0.415909 0.909138
v 0.81396 -0.340962 0.156373
vn -0.0501627 -0.180251 0.982341
v 0.827101 0.015374 0.177306
vn 0.397875 0.344476 0.850313
v 0.858482 -0.0477935 0.182924
vn 0.429156 0.241511 0.870343
v 0.899452 -0.114416 0.175986
vn 0.477982 0.115983 0.870679
v 0.901318 -0.171686 0.178699
vn 0.306304 -0.0349672 0.951291
v 0.894218 -0.25277 0.174137
vn 0.183674 -0.14604 0.972078
v 0.824182 0.0972588 0.123779
vn 0.492086 0.596211 0.634338
v 0.830336 0.0540198 0.15475
vn 0.469096 0.497432 0.729733
v 0.87968 0.0303902 0.134486
vn 0.542505 0.478012 0.690791
v 0.864957 -0.000987089 0.162502
vn 0.522645 0.366326 0.769836
v 0.920128 0.00358471 0.116232
vn 0.61831 0.438513 0.652227
v 0.903017 -0.0428218 0.154337
vn 0.564041 0.317037 0.76246
v 0.903517 -0.087599 0.169017
vn 0.517671 0.223934 0.825755
v 0.935563 -0.0952552 0.147472
vn 0.620249 0.228426 0.750408
v 0.960079 -0.111695 0.131044
vn 0.691719 0.184361 0.698237
v 0.877624 -0.346936 0.156336
vn 0.0329907 -0.226118 0.973541
v 0.933576 -0.286668 0.157926
vn 0.27974 -0.132702 0.950861
v 0.949553 -0.259207 0.154821
vn 0.433799 -0.0423218 0.900015
v 0.938102 -0.195234 0.161594
vn 0.508377 0.0421766 0.860101
v 0.987009 -0.324083 0.131542
vn 0.487098 -0.0201261 0.873116
v 0.95189 -0.163676 0.149316
vn 0.618231 0.117526 0.77716
v 0.984176 -0.264857 0.133122
vn 0.629114 0.0568482 0.775231
v 0.36994 -0.57432 0.444953
vn 0.516023 -0.0499811 0.855115
v 0.417061 -0.506567 0.424443
vn 0.56011 -0.500341 0.660254
v 0.505662 -0.432942 0.409087
vn 0.562632 -0.499393 0.658827
v 0.541329 -0.383823 0.399396
vn 0.666148 -0.0940042 0.739872
v 0.387803 -0.750409 0.441264
vn 0.514683 0.0558009 0.855563
v 0.405907 -0.834002 0.432625
vn 0.586093 0.0399633 0.809258
v 0.427529 -0.532367 0.406431
vn 0.679528 -0.0556186 0.731538
v 0.505358 -0.464943 0.376497
vn 0.606395 -0.648098 0.46071
v 0.544474 -0.4239 0.386154
vn 0.734536 -0.381357 0.561269
v 0.456557 -0.643146 0.383834
vn 0.678457 0.0237712 0.734255
v 0.420179 -0.60438 0.410975
vn 0.559498 0.0223616 0.82853
v 0.44286 -0.765695 0.39734
vn 0.746059 0.00090297 0.665879
v 0.394097 -0.944126 0.447566
vn 0.605242 0.017672 0.795845
v 0.422871 -0.963444 0.420668
vn 0.72643 -0.00850645 0.687188
v 0.374338 -1.03919 0.461755
vn 0.58799 -0.00177771 0.808866
v 0.394068 -1.12339 0.444806
vn 0.713503 0.00943911 0.700588
v 0.393892 -1.25867 0.446449
vn 0.616451 -0.00177948 0.787391
v 0.461003 -0.864302 0.378001
vn 0.804072 -0.0185521 0.594242
v 0.437999 -1.11929 0.395839
vn 0.780887 -0.0082871 0.624618
v 0.458946 -1.26354 0.378953
vn 0.792189 0.0817279 0.604778
v 0.438835 -1.32493 0.408787
vn 0.676426 0.0606968 0.734005
v 0.479142 -0.565095 0.352807
vn 0.750986 -0.0146897 0.660155
v 0.471045 -0.506648 0.368819
vn 0.707 -0.508751 0.491247
v 0.546038 -0.439153 0.365384
vn 0.681654 -0.668957 0.296386
v 0.491539 -0.72913 0.336541
vn 0.807634 -0.00758363 0.589635
v 0.493606 -0.615028 0.338165
vn 0.805097 -0.0200046 0.592806
v 0.523612 -0.564143 0.299872
vn 0.798362 -0.100876 0.593668
v 0.555125 -0.478612 0.271926
vn 0.753854 -0.139619 0.642037
v 0.555018 -0.454444 0.292964
vn 0.672241 -0.694687 0.255932
v 0.519417 -0.756445 0.295906
vn 0.851443 -0.0603186 0.520966
v 0.524308 -0.640997 0.289118
vn 0.7968 0.000254467 0.604243
v 0.475792 -0.911373 0.350647
vn 0.874199 -0.0486028 0.48313
v 0.465788 -1.11484 0.35612
vn 0.860229 0.0033777 0.509897
v 0.49622 -1.20878 0.307468
vn 0.888139 0.122045 0.443073
v 0.482349 -1.07148 0.327139
vn 0.913034 -0.0469991 0.405166
v 0.512549 -0.944859 0.276602
vn 0.892041 -0.0841157 0.444058
v 0.4961 -1.13069 0.294272
vn 0.936237 0.0160313 0.351003
v 0.407482 -1.52365 0.451497
vn 0.54247 0.0367211 0.839272
v 0.442183 -1.52769 0.426048
vn 0.675917 0.0128582 0.736865
v 0.384867 -1.65626 0.465163
vn 0.568805 -0.0660394 0.819817
v 0.444618 -1.58753 0.422883
vn 0.689132 -0.052178 0.722755
v 0.40668 -1.67358 0.446023
vn 0.651201 -0.151478 0.743634
v 0.449104 -1.45015 0.416535
vn 0.609018 0.080204 0.789091
v 0.479972 -1.37475 0.378922
vn 0.714352 0.111375 0.690866
v 0.481528 -1.41614 0.382876
vn 0.747597 0.0300505 0.663473
v 0.475068 -1.50193 0.391041
vn 0.786683 -0.0197063 0.617043
v 0.484032 -1.53635 0.374692
vn 0.860119 -0.0760109 0.504398
v 0.447688 -1.64453 0.409991
vn 0.790484 -0.122329 0.600143
v 0.431085 -1.73087 0.4094
vn 0.690711 -0.0857952 0.718023
v 0.261259 -2.12854 0.468148
vn -0.374464 -0.0209435 0.927005
v 0.212728 -2.11242 0.460715
vn 0.181414 -0.432407 0.88324
v 0.202906 -2.16303 0.438257
vn -0.388552 -0.181401 0.903394
v 0.256394 -2.08538 0.471516
vn -0.12177 -0.204522 0.971258
v 0.402836 -1.80289 0.434602
vn 0.470549 0.145927 0.870224
v 0.362374 -1.84052 0.45691
vn 0.358825 0.0875042 0.929294
v 0.425072 -1.92403 0.448612
vn 0.362491 0.170158 0.916322
v 0.436425 -2.00932 0.461027
vn 0.380754 0.173157 0.908319
v 0.462453 -1.89915 0.425584
vn 0.485457 0.192917 0.85271
v 0.485431 -1.98008 0.428164
vn 0.577635 0.160667 0.800328
v 0.522299 -2.26409 0.456228
vn 0.623597 0.151174 0.76699
v 0.466352 -2.10865 0.464432
vn 0.482295 0.161032 0.861081
v 0.450589 -1.74285 0.391828
vn 0.579197 0.209112 0.787911
v 0.476041 -1.74287 0.368082
vn 0.697019 0.288866 0.656293
v 0.491348 -1.86709 0.397626
vn 0.595902 0.207553 0.775772
v 0.513586 -1.9161 0.390628
vn 0.706658 0.154884 0.690395
v 0.534807 -1.91193 0.366441
vn 0.785917 0.154324 0.598764
v 0.560885 -2.11255 0.377812
vn 0.806223 0.145845 0.573353
v 0.55084 -2.28057 0.432166
vn 0.740814 0.139836 0.656994
v 0.497778 -1.34261 0.350637
vn 0.826907 0.148586 0.542353
v 0.504266 -1.41089 0.350748
vn 0.869905 -0.0129384 0.49305
v 0.482425 -1.60297 0.366945
vn 0.908602 -0.0904917 0.407743
v 0.478033 -1.67718 0.356803
vn 0.877266 -0.0958109 0.470346
v 0.481472 -1.70503 0.351716
vn 0.796933 0.0756557 0.599311
v 0.518333 -1.33559 0.310101
vn 0.907037 0.130496 0.400318
v 0.51834 -1.39143 0.32152
vn 0.927826 0.0268057 0.372049
v 0.523943 -1.47255 0.299914
vn 0.935527 -0.0724477 0.345746
v 0.514792 -1.55203 0.29557
vn 0.961223 -0.141099 0.23694
v 0.495567 -1.63815 0.322849
vn 0.958068 -0.0342119 0.284493
v 0.510155 -1.68317 0.296151
vn 0.850094 0.254022 0.461316
v 0.524452 -1.78231 0.338922
vn 0.732003 0.282103 0.620153
v 0.516119 -1.83171 0.365956
vn 0.672474 0.231603 0.702951
v 0.527152 -1.75136 0.316109
vn 0.834125 0.309282 0.456706
v 0.550696 -1.82773 0.320003
vn 0.844601 0.207848 0.493405
v 0.564625 -1.96224 0.334909
vn 0.845994 0.134175 0.516035
v 0.568513 -1.87186 0.302215
vn 0.895439 0.149411 0.419362
v 0.588185 -2.05763 0.316868
vn 0.883835 0.140316 0.446259
v 0.617539 -2.28994 0.336008
vn 0.89033 0.139619 0.433381
v 0.605932 -0.486214 0.210228
vn 0.793463 -0.108382 0.598891
v 0.588826 -0.436001 0.247474
vn 0.780392 -0.536906 0.320499
v 0.56214 -0.636834 0.243767
vn 0.782067 -0.0351424 0.622203
v 0.573299 -0.7085 0.20828
vn 0.859934 -0.0901171 0.502387
v 0.566467 -0.660182 0.237977
vn 0.844044 -0.113262 0.524177
v 0.542781 -0.59154 0.262711
vn 0.801793 -0.0683171 0.593685
v 0.563516 -0.545654 0.248676
vn 0.788305 -0.179378 0.588556
v 0.552965 -0.801412 0.228377
vn 0.85939 -0.098391 0.501765
v 0.536503 -0.966944 0.20955
vn 0.936971 -0.139266 0.320453
v 0.514513 -1.06021 0.244105
vn 0.96436 -0.0449649 0.260744
v 0.519474 -1.22872 0.264865
vn 0.913903 0.182491 0.3626
v 0.561404 -0.830189 0.204792
vn 0.900143 -0.180771 0.396313
v 0.523966 -1.15552 0.205279
vn 0.969551 0.0786383 0.231918
v 0.530238 -1.28714 0.261164
vn 0.957955 0.120157 0.260548
v 0.52929 -1.04315 0.181089
vn 0.96975 -0.151031 0.191768
v 0.536255 -1.09893 0.120641
vn 0.98924 -0.0226314 0.14454
v 0.537934 -1.27571 0.216485
vn 0.991717 0.0786137 0.101572
v 0.55232 -0.954871 0.157962
vn 0.949932 -0.23826 0.202142
v 0.534439 -1.18828 0.15569
vn 0.994654 0.0563574 0.0865277
v 0.61083 -0.399806 0.280939
vn 0.762978 -0.576626 0.292176
v 0.597803 -0.439322 0.227408
vn 0.804988 -0.149703 0.574093
v 0.634904 -0.378578 0.246171
vn 0.838125 -0.530169 0.12832
v 0.626597 -0.394377 0.204888
vn 0.838597 -0.530821 0.122409
v 0.600078 -0.549239 0.201996
vn 0.773705 -0.0720382 0.629438
v 0.631708 -0.395471 0.180445
vn 0.895189 -0.327422 0.302376
v 0.610207 -0.438214 0.207502
vn 0.84355 -0.0417854 0.535423
v 0.601435 -0.736221 0.165277
vn 0.856849 -0.109319 0.503845
v 0.619497 -0.638422 0.145472
vn 0.857108 -0.158051 0.490292
v 0.634838 -0.546046 0.155552
vn 0.841095 -0.130613 0.524881
v 0.651713 -0.482662 0.142537
vn 0.86313 -0.102045 0.494564
v 0.641199 -0.393765 0.16017
vn 0.849519 -0.0316329 0.526609
v 0.663891 -0.43151 0.124072
vn 0.889446 -0.0121506 0.456878
v 0.767546 -0.35471 0.144659
vn -0.302298 -0.214728 0.928713
v 0.831046 -0.415633 0.151278
vn -0.102583 -0.116159 0.987919
v 0.785556 -0.413628 0.137136
vn -0.526718 -0.361971 0.76912
v 0.610073 -0.785616 0.117412
vn 0.886642 -0.22047 0.40652
v 0.640188 -0.667771 0.108783
vn 0.84017 -0.103343 0.532386
v 0.654236 -0.693245 0.0769199
vn 0.888042 -0.178552 0.423675
v 0.879079 -0.390688 0.151537
vn 0.122425 -0.0609485 0.990605
v 0.81254 -0.428172 0.144942
vn -0.297724 -0.23994 0.924007
v 0.93084 -0.41154 0.14474
vn 0.223928 0.071345 0.971991
v 0.916442 -0.566731 0.138593
vn -0.232208 -0.214826 0.948646
v 0.968081 -0.374263 0.135786
vn 0.283808 -0.0403405 0.958032
v 1.02006 -0.642582 0.138725
vn 0.0173374 -0.0507527 0.998561
v 0.572666 -0.880307 0.151161
vn 0.90362 -0.209615 0.37354
v 0.534542 -1.36289 0.267731
vn 0.973671 0.0211438 0.226974
v 0.533886 -1.4831 0.255028
vn 0.981321 -0.103016 0.16247
v 0.521662 -1.58867 0.227034
vn 0.977349 -0.117661 0.175912
v 0.517788 -1.63026 0.243716
vn 0.953721 0.116579 0.277175
v 0.526562 -1.65747 0.23457
vn 0.883696 0.319194 0.34234
v 0.541991 -1.38379 0.218743
vn 0.998649 0.00510158 0.051716
v 0.539603 -1.43711 0.2374
vn 0.991761 -0.0360292 0.122929
v 0.553991 -1.75464 0.266238
vn 0.882208 0.317131 0.348047
v 0.534009 -1.19742 0.117121
vn 0.998356 0.00747833 -0.0568212
v 0.542229 -1.32691 0.187449
vn 0.999241 0.0280841 -0.0269833
v 0.539607 -1.40261 0.146361
vn 0.996047 -0.0147566 -0.0875946
v 0.54033 -1.4572 0.193397
vn 0.997357 -0.0702289 -0.018621
v 0.532864 -1.52644 0.200944
vn 0.994687 -0.0961686 0.0367378
v 0.530996 -1.58128 0.175598
vn 0.991178 0.0418405 0.125761
v 0.54193 -1.63323 0.167559
vn 0.937785 0.265822 0.223379
v 0.5312 -1.50561 0.128821
vn 0.994532 -0.0520737 -0.0905257
v 0.531426 -1.53977 0.11704
vn 0.990838 0.13301 0.0234078
v 0.572499 -1.81048 0.260733
vn 0.924142 0.220362 0.312095
v 0.584623 -1.88173 0.266814
vn 0.928064 0.141304 0.344573
v 0.61718 -2.12204 0.273659
vn 0.919556 0.144635 0.365374
v 0.577142 -1.78018 0.214738
vn 0.935806 0.276771 0.218323
v 0.596847 -1.88161 0.226997
vn 0.953141 0.16083 0.256234
v 0.623517 -2.07135 0.230357
vn 0.951968 0.141707 0.271432
v 0.641366 -2.20084 0.241636
vn 0.949477 0.145441 0.278102
v 0.581078 -1.75332 0.149277
vn 0.956409 0.264466 0.123855
v 0.596188 -1.83565 0.189521
vn 0.963064 0.20687 0.172372
v 0.616912 -1.95444 0.19102
vn 0.968133 0.148599 0.201588
v 0.640501 -2.10846 0.18263
vn 0.975406 0.143971 0.166899
v 0.593001 -1.79289 0.136284
vn 0.979094 0.201948 0.0243464
v 0.616346 -1.91818 0.155304
vn 0.984211 0.160548 0.0745198
v 0.642583 -2.10036 0.145765
vn 0.989084 0.140818 0.0434059
v 0.663021 -2.24799 0.165799
vn 0.988832 0.125841 0.0798487
v 1.64898 -2.14211 0.402275
vn -0.786167 0.264401 0.5586
v 1.67962 -2.13833 0.420297
vn -0.113434 0.323677 0.939343
v 1.66428 -2.15458 0.420476
vn -0.46361 0.358973 0.810064
v 1.65996 -2.05919 0.372507
vn -0.603571 0.379991 0.700935
v 1.7416 -2.08354 0.390524
vn 0.333737 0.333973 0.881522
v 1.71072 -2.11321 0.410675
vn 0.138086 0.334635 0.932176
v 1.75465 -2.18777 0.42166
vn 0.341441 0.214052 0.915205
v 1.79162 -2.16565 0.399292
vn 0.422989 0.259922 0.868056
v 1.65215 -2.02886 0.341869
vn -0.894629 0.258358 0.364542
v 1.64598 -2.03844 0.321027
vn -0.982064 0.154197 0.108503
v 1.63352 -2.17603 0.381832
vn -0.996676 -0.00361337 -0.0813848
v 1.63709 -2.18926 0.40219
vn -0.923073 0.18421 0.337644
v 1.74487 -1.99054 0.346502
vn 0.218283 0.414099 0.883671
v 1.69555 -1.97547 0.344617
vn -0.162135 0.411191 0.897014
v 1.72686 -2.02909 0.373013
vn 0.204149 0.40856 0.889608
v 1.69571 -2.03554 0.37901
vn -0.199912 0.443333 0.87378
v 1.67272 -1.97245 0.330731
vn -0.591095 0.368815 0.717344
v 1.78378 -2.07687 0.369452
vn 0.445175 0.368599 0.81606
v 1.70658 -1.882 0.309686
vn 0.10217 0.304688 0.946956
v 1.73904 -1.89689 0.305644
vn 0.418831 0.341174 0.841535
v 1.68001 -1.87837 0.3042
vn -0.249577 0.252007 0.934989
v 1.66736 -1.91506 0.303489
vn -0.66298 0.162368 0.730817
v 1.76288 -1.97965 0.331055
vn 0.522056 0.40487 0.750692
v 1.65105 -2.01307 0.284929
vn -0.99049 -0.058847 -0.124365
v 1.64512 -2.12859 0.320309
vn -0.940038 -0.075247 -0.332666
v 1.77108 -1.95293 0.306804
vn 0.665828 0.377422 0.643603
v 1.65656 -1.98701 0.313802
vn -0.95707 0.116442 0.265439
v 1.64418 -1.9414 0.277808
vn -0.871301 0.00457197 0.490728
v 1.65781 -2.13735 0.302324
vn -0.720626 -0.304635 -0.622813
v 1.81266 -2.10762 0.362674
vn 0.649869 0.370982 0.663357
v 1.80242 -2.04029 0.331445
vn 0.742706 0.386461 0.546841
v 1.83621 -2.15292 0.357198
vn 0.838794 0.240433 0.488483
v 1.81006 -2.14899 0.382936
vn 0.600132 0.268114 0.753629
v 1.7881 -1.96113 0.290073
vn 0.807538 0.362722 0.465097
v 1.82546 -2.06463 0.310173
vn 0.859277 0.343443 0.379064
v 1.86515 -2.1673 0.30253
vn 0.900084 0.297937 0.317935
v 1.41031 -1.27356 0.236247
vn 0.00923534 0.199041 0.979948
v 1.36954 -1.20866 0.219905
vn -0.13448 0.225913 0.96482
v 1.36425 -1.27661 0.23203
vn -0.224745 0.157641 0.961582
v 1.25408 -1.05259 0.140642
vn -0.296 0.176206 0.938795
v 1.3063 -1.02262 0.146754
vn -0.155041 0.3449 0.925746
v 1.29906 -1.10665 0.17164
vn -0.48593 0.14486 0.861909
v 1.23286 -1.10822 0.132821
vn -0.447421 -0.0318989 0.893755
v 1.25577 -1.14113 0.148482
vn -0.593002 0.0516954 0.80354
v 1.19198 -1.14662 0.0964558
vn -0.679584 -0.0357552 0.732726
v 1.28791 -1.22402 0.18634
vn -0.591509 0.135417 0.794846
v 1.25618 -1.18651 0.153287
vn -0.653338 0.0660286 0.754182
v 1.21081 -1.20845 0.115428
vn -0.651624 0.105249 0.751205
v 1.35498 -1.05439 0.166756
vn 0.0715326 0.482921 0.872737
v 1.3342 -1.08466 0.177696
vn -0.20276 0.327158 0.922961
v 1.34628 -1.14213 0.1987
vn -0.258834 0.253173 0.932152
v 1.39368 -1.1016 0.182078
vn 0.288772 0.418231 0.861216
v 1.37965 -1.13621 0.199257
vn 0.0122999 0.335893 0.94182
v 1.33014 -1.21366 0.209377
vn -0.395872 0.177253 0.901036
v 1.40089 -1.19196 0.216257
vn 0.190385 0.297347 0.935595
v 1.42602 -1.16036 0.196369
vn 0.409284 0.374477 0.832018
v 1.4221 -1.10191 0.166281
vn 0.554731 0.471451 0.685571
v 1.45984 -1.18261 0.184173
vn 0.591636 0.381961 0.709981
v 1.45384 -1.24359 0.216222
vn 0.38126 0.316024 0.868775
v 1.48511 -1.28361 0.213882
vn 0.579168 0.337733 0.741958
v 1.52421 -1.30917 0.192319
vn 0.664699 0.360618 0.654316
v 1.29251 -0.973523 0.120011
vn 0.0611552 0.474167 0.878308
v 1.37911 -1.04893 0.156757
vn 0.384445 0.553452 0.738846
v 1.3186 -0.939952 0.0949693
vn 0.218698 0.553164 0.803854
v 1.41401 -1.04292 0.123993
vn 0.599071 0.551926 0.580079
v 1.44337 -1.09828 0.142129
vn 0.682462 0.477014 0.553808
v 1.47939 -1.18181 0.163863
vn 0.681435 0.409944 0.606294
v 1.49363 -1.17774 0.142076
vn 0.76541 0.438691 0.470849
v 1.40271 -1.31717 0.244036
vn -0.108053 0.105848 0.988494
v 1.36068 -1.32398 0.235863
vn -0.294193 0.0331507 0.955171
v 1.33309 -1.36875 0.223584
vn -0.442255 -0.105375 0.890678
v 1.41739 -1.38473 0.249455
vn -0.16386 -0.003666 0.986477
v 1.37914 -1.38658 0.241191
vn -0.278868 -0.0790004 0.957074
v 1.41139 -1.48778 0.239103
vn -0.350185 -0.145932 0.925243
v 1.45068 -1.3292 0.243778
vn 0.214475 0.208572 0.9542
v 1.4856 -1.34191 0.235604
vn 0.413867 0.274811 0.867867
v 1.44468 -1.38191 0.251757
vn 0.015979 0.0850827 0.996246
v 1.57938 -1.56065 0.256947
vn 0.261611 0.223611 0.938913
v 1.51791 -1.55795 0.260413
vn -0.178192 -0.024543 0.98369
v 1.55077 -1.54582 0.26024
vn 0.0827273 0.120319 0.989282
v 1.39632 -1.50612 0.226877
vn -0.511593 -0.283972 0.810946
v 1.48355 -1.58811 0.247743
vn -0.381199 -0.145187 0.913021
v 1.45388 -1.61308 0.224474
vn -0.563472 -0.294132 0.772001
v 1.59988 -1.7785 0.271495
vn -0.514805 -0.195838 0.83464
v 1.54944 -1.77742 0.232809
vn -0.642312 -0.334614 0.689543
v 1.28783 -1.29454 0.197363
vn -0.588042 0.0880337 0.804025
v 1.26408 -1.32421 0.179764
vn -0.645367 -0.0496408 0.762258
v 1.29717 -1.37308 0.200312
vn -0.616941 -0.192168 0.763188
v 1.20471 -1.25358 0.116858
vn -0.771412 0.0123422 0.636217
v 1.2329 -1.29362 0.151351
vn -0.682808 0.0739394 0.726846
v 1.24934 -1.34833 0.161468
vn -0.726678 -0.193668 0.659114
v 1.24934 -1.38943 0.144478
vn -0.759596 -0.332621 0.558907
v 1.29681 -1.43825 0.176949
vn -0.68132 -0.306376 0.664783
v 1.23981 -1.4042 0.119778
vn -0.799054 -0.378863 0.466878
v 1.29235 -1.49502 0.127855
vn -0.775034 -0.457889 0.4355
v 1.32655 -1.2828 0.219315
vn -0.444173 0.0919083 0.891214
v 1.30497 -1.3349 0.209718
vn -0.529306 -0.0185465 0.848228
v 1.34122 -1.44185 0.212664
vn -0.540615 -0.246267 0.804418
v 1.34301 -1.50216 0.188274
vn -0.620869 -0.36337 0.694611
v 1.58131 -1.45945 0.213456
vn 0.687935 0.377016 0.620164
v 1.59496 -1.53505 0.240254
vn 0.526096 0.332696 0.782647
v 1.44247 -1.63084 0.207571
vn -0.611049 -0.385014 0.691652
v 1.44094 -1.65449 0.189992
vn -0.700414 -0.439504 0.562367
v 1.47748 -1.71934 0.179669
vn -0.76912 -0.547198 0.330194
v 1.31636 -1.50033 0.15952
vn -0.730255 -0.448678 0.515185
v 1.52921 -1.27247 0.162939
vn 0.761991 0.37604 0.527223
v 1.31585 -1.54415 0.110707
vn -0.755337 -0.561825 0.337371
v 1.40279 -1.62958 0.156266
vn -0.74802 -0.541697 0.383446
v 1.4217 -1.66609 0.125082
vn -0.766928 -0.601093 0.224742
v 1.56391 -1.81364 0.222223
vn -0.757615 -0.461003 0.462055
v 1.54867 -1.80949 0.194063
vn -0.791164 -0.562465 0.240193
v 1.54442 -1.80887 0.17195
vn -0.759954 -0.649943 -0.00659144
v 1.63093 -1.73505 0.28139
vn -0.0183653 0.107231 0.994064
v 1.61764 -1.7583 0.279792
vn -0.281892 -0.0404897 0.958591
v 1.65082 -1.67269 0.267011
vn 0.408418 0.306434 0.859821
v 1.68206 -1.67822 0.247063
vn 0.584221 0.370599 0.72204
v 1.71009 -1.72997 0.247965
vn 0.766966 0.397571 0.503687
v 1.71305 -1.78941 0.276211
vn 0.447269 0.320693 0.834929
v 1.68449 -1.80194 0.290244
vn 0.142939 0.216356 0.965794
v 1.65546 -1.83172 0.292066
vn -0.260119 0.0491775 0.964324
v 1.61119 -1.85237 0.259079
vn -0.712201 -0.292393 0.638182
v 1.64335 -1.87983 0.283322
vn -0.616778 -0.0940235 0.781501
v 1.63094 -1.91172 0.259249
vn -0.858887 -0.214211 0.465218
v 1.74697 -1.85451 0.281143
vn 0.667608 0.353882 0.655033
v 1.76799 -1.8681 0.257541
vn 0.837271 0.350845 0.419386
v 1.64153 -1.96569 0.249628
vn -0.967524 -0.223176 0.118704
v 1.66116 -2.05008 0.270355
vn -0.90827 -0.27118 -0.318601
v 1.70029 -2.15739 0.269474
vn -0.672788 -0.412827 -0.613946
v 1.62054 -1.90265 0.239157
vn -0.850747 -0.442623 0.283399
v 1.62399 -1.91747 0.205526
vn -0.87462 -0.484809 0.00072373
v 1.73687 -1.76592 0.230599
vn 0.855191 0.392624 0.338371
v 1.60863 -1.45791 0.176524
vn 0.805016 0.398908 0.439115
v 1.7316 -1.73539 0.201946
vn 0.911416 0.378002 0.162589
v 1.78143 -1.88279 0.233911
vn 0.917093 0.349592 0.191642
v 1.6473 -1.97883 0.212122
vn -0.934057 -0.325455 -0.147025
v 1.69494 -2.12876 0.244554
vn -0.935921 -0.345399 -0.068935
v 1.81835 -1.9964 0.256678
vn 0.892127 0.340036 0.297465
v 1.84911 -2.08471 0.260606
vn 0.958879 0.257888 0.118508
v 1.79547 -1.90543 0.206093
vn 0.936958 0.337646 0.0900262
v 1.84303 -2.04594 0.214492
vn 0.959367 0.281975 0.0102432
v 1.87704 -2.19407 0.214035
vn 0.975774 0.193125 0.102801
v 1.87119 -2.20019 0.254995
vn 0.984171 0.160419 0.0753178
v 1.53225 -1.23888 0.1276
vn 0.84343 0.39545 0.363655
v 1.62104 -1.45668 0.146865
vn 0.877704 0.38858 0.280432
v 1.65333 -1.5219 0.123043
vn 0.929552 0.36122 0.0738442
v 1.6955 -1.63794 0.135173
vn 0.942969 0.324038 -0.0762155
v 1.61813 -1.89965 0.17359
vn -0.74759 -0.617772 -0.243859
v 1.77069 -1.84371 0.19324
vn 0.93953 0.341417 -0.0267889
v 1.64146 -1.92185 0.151148
vn -0.8771 -0.377284 -0.297241
v 1.67237 -2.04621 0.194974
vn -0.943093 -0.29313 -0.157003
v 1.69832 -2.13471 0.179709
vn -0.943815 -0.321764 -0.0753693
v 1.53607 -1.79528 0.123831
vn -0.713912 -0.680198 -0.166317
v 1.73237 -1.74907 0.143782
vn 0.925167 0.269307 -0.267471
v 1.80183 -1.93065 0.169556
vn 0.928892 0.313126 -0.197767
v 1.65443 -1.97034 0.16692
vn -0.833898 -0.346822 -0.429334
v 1.67697 -2.0291 0.157179
vn -0.892805 -0.228392 -0.388248
v 1.70436 -2.13328 0.141819
vn -0.904979 -0.27915 -0.321072
v 1.83436 -2.03557 0.171935
vn 0.93329 0.248988 -0.258794
v 1.85684 -2.10283 0.202326
vn 0.964453 0.229038 -0.131802
v 1.7266 -1.76945 0.111461
vn 0.861265 0.208391 -0.46346
v 1.81421 -1.99149 0.151011
vn 0.856661 0.245673 -0.453627
v 1.84642 -2.14222 0.137369
vn 0.818526 0.204016 -0.537022
v 1.87219 -2.20203 0.161782
vn 0.936869 0.206991 -0.281837
v -1.69085 -2.35423 0.470136
vn -0.199327 0.144762 0.969181
v -1.69259 -2.41495 0.478845
vn -0.248519 0.0605884 0.96673
v -1.6726 -2.38688 0.474706
vn 0.400101 0.133932 0.906632
v -1.66949 -2.44056 0.475644
vn 0.375518 0.00586931 0.926796
v -1.68316 -2.47851 0.476456
vn -0.0134661 -0.130359 0.991375
v -0.437117 -2.42234 0.516725
vn -0.32745 0.0338092 0.944263
v -0.437468 -2.29761 0.507912
vn -0.361282 0.0948631 0.927619
v -0.483355 -2.26358 0.482074
vn -0.501043 0.135265 0.854786
v -0.474918 -2.37989 0.499019
vn -0.421999 0.0672366 0.904099
v -0.509132 -2.33646 0.477081
vn -0.514395 0.10219 0.851443
v -0.517879 -2.42376 0.47974
vn -0.537316 0.0472195 0.842058
v -0.486261 -2.48551 0.497705
vn -0.394372 -0.00670723 0.918926
v -0.526532 -2.54886 0.476594
vn -0.515195 -0.00297363 0.857068
v -0.419312 -2.52343 0.522741
vn -0.307245 -0.0182587 0.951455
v -0.490878 -2.73649 0.488998
vn -0.38173 -0.0338672 0.923653
v -0.51076 -2.63456 0.483721
vn -0.436543 -0.023497 0.899376
v -0.436804 -2.66646 0.512509
vn -0.303939 -0.0430535 0.951718
v -0.459506 -2.77876 0.498507
vn -0.332032 -0.0677696 0.940831
v -0.506411 -2.84347 0.475815
vn -0.386946 -0.0684697 0.919557
v -0.422593 -2.81663 0.507503
vn -0.261536 -0.0701747 0.962639
v -0.457661 -3.0336 0.47877
vn -0.354672 -0.0832106 0.931281
v -0.416289 -3.1002 0.487157
vn -0.240035 -0.0847647 0.967056
v -0.404706 -2.32764 0.520285
vn -0.181463 0.0784283 0.980265
v -0.328916 -2.31171 0.51615
vn 0.259235 0.115697 0.958859
v -0.361889 -2.37371 0.527149
vn 0.0258387 0.0796142 0.996491
v -0.397832 -2.43041 0.52742
vn -0.155934 0.0274068 0.987387
v -0.335579 -2.43989 0.529396
vn 0.154027 0.0542433 0.986577
v -0.297065 -2.40848 0.516475
vn 0.366991 0.0978832 0.92506
v -0.363541 -2.54075 0.532446
vn -0.0308874 -0.0105635 0.999467
v -0.312199 -2.50759 0.52685
vn 0.249943 0.0156011 0.968135
v -0.313574 -2.59354 0.52615
vn 0.216125 -0.0290177 0.975934
v -0.395948 -2.62084 0.525248
vn -0.19308 -0.0446305 0.980167
v -0.408252 -2.24449 0.510238
vn -0.205539 0.141809 0.96832
v -0.260461 -2.36817 0.493633
vn 0.498932 0.110432 0.859576
v -0.273187 -2.47095 0.510426
vn 0.460354 0.0550334 0.886028
v -0.225487 -2.41726 0.476739
vn 0.568075 0.0827881 0.818802
v -0.234893 -2.49963 0.488997
vn 0.580929 0.0274174 0.813493
v -0.27287 -2.55639 0.5125
vn 0.437672 -0.017133 0.898972
v -0.237992 -2.5889 0.49173
vn 0.554818 -0.0225688 0.831665
v -0.0347785 -2.18819 0.517162
vn -0.143953 -0.448684 0.88202
v 0.0389061 -2.1764 0.521968
vn 0.174245 -0.400448 0.8996
v -0.071748 -2.19692 0.497101
vn -0.381199 -0.633449 0.673372
v -0.0749228 -2.21091 0.478418
vn -0.458619 -0.743979 0.485967
v -0.131926 -2.1648 0.479041
vn -0.563723 -0.654555 0.50376
v 0.0122002 -2.20073 0.511915
vn 0.100416 -0.536982 0.837596
v -0.0155125 -2.21057 0.505431
vn -0.113202 -0.662496 0.740463
v -0.0228064 -2.22528 0.487898
vn -0.171278 -0.813873 0.555224
v 0.0266868 -2.22504 0.48783
vn 0.200849 -0.807119 0.555175
v 0.0717564 -2.19692 0.497101
vn 0.360901 -0.634259 0.683715
v 0.0749311 -2.21091 0.478418
vn 0.471923 -0.742673 0.475106
v -0.337701 -2.67017 0.526807
vn 0.103143 -0.0474972 0.993532
v -0.39306 -2.79658 0.516247
vn -0.175038 -0.0653647 0.982389
v -0.361243 -2.73899 0.5236
vn -0.0411974 -0.064463 0.997069
v -0.305091 -2.7899 0.514224
vn 0.249385 -0.0661625 0.966142
v -0.325841 -2.8261 0.515833
vn 0.104817 -0.0780041 0.991428
v -0.377182 -2.88727 0.510865
vn -0.12212 -0.0805245 0.989243
v -0.345683 -2.97894 0.503789
vn 0.049637 -0.0971508 0.994031
v -0.289852 -2.69077 0.515259
vn 0.355115 -0.0421021 0.933874
v -0.249096 -2.74454 0.491826
vn 0.548966 -0.0442286 0.834674
v -0.27052 -2.81539 0.499777
vn 0.443027 -0.0582436 0.894615
v -0.285337 -2.91093 0.498382
vn 0.412062 -0.100346 0.905613
v -0.237878 -2.86102 0.476032
vn 0.611101 -0.0764441 0.787853
v -0.317683 -2.97541 0.500296
vn 0.211454 -0.104284 0.971809
v -0.382063 -3.09344 0.493339
vn -0.0908394 -0.10626 0.99018
v -0.335343 -3.12471 0.485292
vn 0.216694 -0.146241 0.965224
v -0.248905 -2.99492 0.465996
vn 0.56696 -0.122279 0.814619
v -0.275945 -3.03758 0.476195
vn 0.480484 -0.146506 0.86468
v -0.297475 -3.02118 0.488557
vn 0.344603 -0.140764 0.928135
v -0.440142 -3.20439 0.46797
vn -0.27593 -0.122573 0.95333
v -0.376741 -3.16494 0.484219
vn 0.0238713 -0.15173 0.988134
v -0.30135 -3.157 0.466392
vn 0.450561 -0.196862 0.87077
v -0.335802 -3.21257 0.468072
vn 0.258067 -0.213616 0.942215
v -0.382457 -3.24904 0.467338
vn 0.043303 -0.269132 0.962129
v -0.717682 -5.5307 0.754209
vn -0.392155 -0.713768 0.580302
v -0.645519 -5.53794 0.782368
vn -0.179934 -0.898755 0.399829
v -0.667375 -5.52225 0.790518
vn -0.42819 -0.301059 0.852066
v -0.746903 -5.51601 0.745137
vn -0.567529 -0.355675 0.742567
v -0.734184 -5.49061 0.756498
vn -0.481674 0.299522 0.823576
v -0.659824 -5.47647 0.776166
vn -0.207369 0.681656 0.701672
v -0.659009 -5.50053 0.79429
vn -0.290024 0.408009 0.865687
v -0.707719 -5.546 0.708052
vn -0.0673988 -0.99583 0.0614894
v -0.726076 -5.5397 0.732341
vn -0.203852 -0.947463 0.246493
v -0.768931 -5.48758 0.723122
vn -0.682017 0.435525 0.587512
v -0.756081 -5.50271 0.741522
vn -0.718446 -0.0351339 0.694695
v -0.730162 -5.47241 0.746214
vn -0.363157 0.64469 0.672675
v -0.758324 -5.45937 0.706602
vn -0.604934 0.655885 0.451519
v -0.732075 -5.45382 0.722383
vn -0.197027 0.838825 0.507497
v -0.537515 -5.49356 0.795564
vn 0.1799 0.639552 0.747402
v -0.575304 -5.4664 0.774792
vn 0.0228009 0.785408 0.618559
v -0.558939 -5.50882 0.807867
vn 0.121566 0.31779 0.940336
v -0.598424 -5.48583 0.792955
vn -0.0489386 0.648337 0.759779
v -0.623001 -5.50773 0.806278
vn -0.153244 0.278894 0.948016
v -0.595294 -5.5219 0.810324
vn -0.0327278 -0.223972 0.974046
v -0.556965 -5.52769 0.80536
vn 0.329094 -0.544484 0.771514
v -0.547742 -5.54093 0.779577
vn 0.138931 -0.937504 0.319038
v -0.603017 -5.5463 0.767697
vn -0.0614022 -0.978662 0.19609
v -0.628066 -5.52903 0.802321
vn -0.217261 -0.5506 0.806001
v -0.586064 -5.53633 0.799521
vn -0.0112227 -0.88105 0.472889
v -0.642716 -5.46139 0.760548
vn -0.104574 0.818723 0.564586
v -0.528516 -5.46077 0.754419
vn 0.249013 0.845472 0.472408
v -0.503166 -5.51832 0.772254
vn 0.761471 -0.44007 0.475921
v -0.513349 -5.50647 0.788701
vn 0.643445 0.0404247 0.764424
v -0.518837 -5.48311 0.776727
vn 0.56855 0.591782 0.571441
v -0.51698 -5.53206 0.771276
vn 0.510771 -0.736816 0.442961
v -0.575478 -5.55017 0.743744
vn -0.00701381 -0.999048 0.0430641
v -0.65456 -5.43781 0.718906
vn -0.12351 0.884587 0.449724
v -0.566583 -5.4508 0.750967
vn 0.0919978 0.888875 0.448819
v -0.609344 -5.43851 0.725966
vn -0.0517738 0.892579 0.447909
v -0.531984 -5.54787 0.743892
vn 0.230322 -0.950286 0.209544
v -0.494794 -5.53917 0.7164
vn 0.506421 -0.844173 0.17581
v -0.479187 -5.52127 0.720353
vn 0.813015 -0.499664 0.298903
v -0.486333 -5.50367 0.748491
vn 0.894943 0.0457343 0.44383
v -0.488788 -5.48622 0.73818
vn 0.796213 0.479759 0.368615
v -0.508582 -5.46304 0.738408
vn 0.603046 0.689215 0.401644
v -0.810819 -5.50446 0.677939
vn -0.85851 0.163122 0.48616
v -0.739841 -5.54544 0.650619
vn 0.0098603 -0.997934 -0.0634886
v -0.629954 -5.54689 0.702196
vn -0.00686325 -0.996978 -0.0773819
v -0.778923 -5.54148 0.651701
vn -0.204501 -0.973148 0.10565
v -0.784538 -5.53355 0.682049
vn -0.437781 -0.861285 0.257946
v -0.770581 -5.52728 0.710441
vn -0.532986 -0.679049 0.504795
v -0.80682 -5.48733 0.670245
vn -0.759599 0.497971 0.418371
v -0.806579 -5.51448 0.680642
vn -0.731585 -0.462219 0.501135
v -0.744383 -5.43943 0.686489
vn -0.478734 0.813477 0.330257
v -0.724873 -5.42949 0.680564
vn -0.207619 0.907946 0.364044
v -0.692686 -5.41754 0.660563
vn -0.0910196 0.922173 0.375916
v -0.830917 -5.52501 0.617994
vn -0.575435 -0.784711 0.230441
v -0.809263 -5.47373 0.64409
vn -0.688686 0.659528 0.301222
v -0.703175 -5.40956 0.632028
vn -0.233321 0.94769 0.217818
v -0.779363 -5.4484 0.642408
vn -0.558964 0.788572 0.256346
v -0.738143 -5.42438 0.646942
vn -0.410774 0.89324 0.182718
v -0.583864 -5.53947 0.650133
vn -0.028887 -0.993015 -0.114398
v -0.528332 -5.54957 0.685184
vn -0.0234957 -0.996543 -0.0796849
v -0.592698 -5.42341 0.694151
vn -0.0225285 0.932525 0.360402
v -0.569668 -5.42348 0.68794
vn 0.16359 0.92969 0.330022
v -0.517207 -5.54904 0.708832
vn 0.0933095 -0.995579 0.0107687
v -0.497174 -5.54417 0.641732
vn 0.420099 -0.906434 -0.0435146
v -0.474651 -5.53075 0.668393
vn 0.703909 -0.710079 0.0173364
v -0.467901 -5.51515 0.67667
vn 0.970459 -0.221438 0.0957856
v -0.469987 -5.5013 0.702583
vn 0.959065 0.154243 0.237494
v -0.538521 -5.42928 0.687112
vn 0.333479 0.894616 0.297412
v -0.510595 -5.44494 0.699042
vn 0.511725 0.81422 0.274196
v -0.488951 -5.46353 0.699036
vn 0.767804 0.592342 0.244146
v -0.467405 -5.48347 0.654808
vn 0.934012 0.30892 0.179417
v -0.616608 -5.53711 0.633262
vn -0.0103211 -0.999947 -1.89073e-05
v -0.484113 -5.44592 0.626028
vn 0.702923 0.67465 0.225269
v -0.502897 -5.42377 0.608669
vn 0.534783 0.804925 0.257105
v -0.795919 -5.54087 0.595265
vn -0.11609 -0.992854 -0.0276585
v -0.817834 -5.53515 0.588167
vn -0.366689 -0.92905 0.0490462
v -0.845898 -5.51511 0.595191
vn -0.914383 -0.247714 0.32022
v -0.853348 -5.49737 0.570739
vn -0.853902 0.447108 0.266357
v -0.805377 -5.45574 0.603149
vn -0.639365 0.745677 0.187559
v -0.768051 -5.5405 0.5605
vn -0.0502381 -0.998728 0.00433153
v -0.693772 -5.53978 0.602967
vn 0.0108996 -0.99958 0.026839
v -0.767883 -5.43099 0.597019
vn -0.44472 0.881126 0.160752
v -0.711826 -5.40297 0.572234
vn -0.364732 0.919467 0.146804
v -0.844471 -5.52183 0.563678
vn -0.545877 -0.837128 -0.0351353
v -0.848857 -5.47901 0.536421
vn -0.692155 0.709586 0.131948
v -0.855902 -5.50808 0.551008
vn -0.926939 -0.375209 0.00139373
v -0.81348 -5.45304 0.525886
vn -0.578198 0.809538 0.101663
v -0.792177 -5.43928 0.574367
vn -0.550557 0.829279 0.0958322
v -0.732193 -5.54553 0.524133
vn 0.0317233 -0.999481 -0.00558665
v -0.758091 -5.41661 0.536224
vn -0.477918 0.866987 0.141167
v -0.529807 -5.54608 0.61745
vn -0.0445556 -0.998424 -0.0341158
v -0.607202 -5.54227 0.581902
vn -0.00391728 -0.999771 0.0210401
v -0.645021 -5.39271 0.602466
vn -0.093024 0.952967 0.288444
v -0.595941 -5.3873 0.590702
vn 0.0442338 0.953795 0.297184
v -0.511182 -5.54179 0.592047
vn 0.117325 -0.974474 -0.191403
v -0.46083 -5.45782 0.570243
vn 0.88248 0.431308 0.187625
v -0.458334 -5.50548 0.535215
vn 0.73102 -0.678769 -0.0698737
v -0.450723 -5.49163 0.543007
vn 0.991004 -0.101798 0.0868793
v -0.614236 -5.53797 0.538082
vn 0.0946382 -0.981347 -0.167337
v -0.610482 -5.36003 0.491393
vn -0.0622732 0.958197 0.279252
v -0.555387 -5.35162 0.45933
vn 0.204593 0.926197 0.316703
v -0.486611 -5.53247 0.580951
vn 0.356808 -0.914166 -0.192322
v -0.510819 -5.36144 0.438109
vn 0.520087 0.807862 0.277251
v -0.804703 -5.53424 0.518239
vn -0.307527 -0.951526 0.00494819
v -0.856588 -5.49147 0.497524
vn -0.965578 0.227069 -0.126877
v -0.824396 -5.45043 0.474467
vn -0.590253 0.798086 0.121075
v -0.770097 -5.54587 0.494754
vn -0.131202 -0.990587 0.0390233
v -0.707075 -5.38796 0.493477
vn -0.353635 0.919222 0.173128
v -0.839516 -5.51816 0.465058
vn -0.575158 -0.817516 -0.0293444
v -0.850342 -5.50335 0.478136
vn -0.901978 -0.380877 -0.203391
v -0.845282 -5.47103 0.488238
vn -0.803774 0.591752 -0.0614578
v -0.671418 -5.53655 0.484194
vn 0.146776 -0.980158 -0.133221
v -0.746494 -5.54475 0.46205
vn 0.0988028 -0.989384 -0.10657
v -0.723346 -5.38455 0.4509
vn -0.434966 0.871076 0.228103
v -0.656707 -5.37193 0.506102
vn -0.273167 0.931917 0.238561
v -0.516652 -5.51355 0.474681
vn 0.144176 -0.966052 -0.214373
v -0.463584 -5.42954 0.517459
vn 0.739856 0.638692 0.21139
v -0.449631 -5.4672 0.521476
vn 0.974441 0.200411 0.101486
v -0.483459 -5.37985 0.413877
vn 0.745475 0.64255 0.177193
v -0.460476 -5.42438 0.478217
vn 0.907781 0.413767 0.0687793
v -0.451375 -5.45197 0.466844
vn 0.98734 0.147659 -0.0579328
v -0.449948 -5.48083 0.484246
vn 0.954508 -0.273024 -0.119883
v -0.463698 -5.49137 0.452184
vn 0.574887 -0.795077 -0.19328
v -1.69557 -2.21416 0.443021
vn -0.000728233 0.229784 0.973241
v -1.66781 -2.22647 0.441804
vn 0.29299 0.210556 0.932643
v -1.72152 -2.19936 0.434922
vn -0.268435 0.227253 0.936108
v -1.64769 -2.22051 0.428693
vn 0.67168 0.202756 0.712556
v -1.72392 -2.27493 0.445008
vn -0.469762 0.0418844 0.881799
v -1.65021 -2.28829 0.445469
vn 0.681213 0.0891019 0.726643
v -1.7426 -2.28622 0.433089
vn 0.0406971 -0.718476 0.69436
v -1.72576 -2.31093 0.422688
vn -0.910089 -0.397839 -0.116024
v -1.70901 -2.34543 0.458433
vn -0.677977 0.0590104 0.732711
v -1.63902 -2.25847 0.426019
vn 0.945784 0.0131722 0.324528
v -1.71778 -2.37029 0.447453
vn -0.988868 -0.0680054 0.132347
v -1.71256 -2.45578 0.449293
vn -0.871093 -0.180689 -0.45667
v -1.65535 -2.45488 0.45878
vn 0.850835 -0.0147295 0.525227
v -1.70722 -2.47639 0.463506
vn -0.808835 -0.541994 0.228099
v -1.66251 -2.47978 0.456238
vn 0.842266 -0.416083 -0.342728
v -1.66559 -2.45802 0.433747
vn 0.540508 -0.34235 -0.768536
v -1.71406 -2.35298 0.418814
vn -0.850177 -0.180582 -0.49456
v -1.65218 -2.41811 0.445355
vn 0.981158 -0.146752 -0.125673
v -1.70238 -2.41749 0.430189
vn -0.466643 -0.238947 -0.851557
v -1.70548 -2.45609 0.472282
vn -0.590867 -0.0330217 0.806093
v -1.71473 -2.44957 0.461058
vn -0.91116 -0.0105844 0.411917
v -1.68985 -2.46559 0.433387
vn -0.275823 -0.338809 -0.899517
v -1.70225 -2.48183 0.451203
vn -0.58837 -0.591485 -0.551331
v -1.67022 -2.48674 0.468764
vn 0.645627 -0.411088 0.643562
v -1.68169 -2.49017 0.453235
vn 0.0749758 -0.824434 -0.56097
v -1.68891 -2.49194 0.469301
vn -0.386176 -0.699234 0.601614
v -1.78474 -2.31088 0.422147
vn -0.0355128 -0.076597 0.996429
v -1.82958 -2.25094 0.397412
vn -0.584875 0.175032 0.792013
v -1.79634 -2.25769 0.416591
vn -0.383288 0.125529 0.915059
v -1.76165 -2.31628 0.412271
vn 0.629354 -0.366914 0.685046
v -1.81854 -2.33163 0.41628
vn -0.463975 0.0285067 0.88539
v -1.84378 -2.30612 0.390058
vn -0.865793 -0.00236299 0.500396
v -1.77931 -2.38987 0.413022
vn 0.466224 -0.0407259 0.883729
v -1.76066 -2.34843 0.399973
vn 0.813651 -0.050645 0.579144
v -1.83523 -2.41121 0.401254
vn -0.706273 0.00583522 0.707916
v -1.79797 -2.4355 0.419634
vn -0.118369 0.0198341 0.992772
v -1.74059 -2.30234 0.412427
vn 0.133448 -0.990149 0.0423853
v -1.64473 -2.31419 0.415298
vn 0.613284 -0.288191 -0.73541
v -1.65527 -2.24712 0.372908
vn 0.58487 -0.436176 -0.68387
v -1.67236 -2.31581 0.397746
vn 0.332208 -0.297078 -0.895199
v -1.70604 -2.31407 0.399521
vn -0.54217 -0.309898 -0.781034
v -1.71387 -2.29064 0.386307
vn -0.0536943 -0.65908 -0.750153
v -1.74279 -2.30179 0.39286
vn 0.817598 -0.561875 0.12582
v -1.75232 -2.34444 0.379516
vn 0.975946 -0.158683 0.149498
v -1.7697 -2.48364 0.404051
vn 0.945016 0.00386161 0.327001
v -1.68225 -2.35612 0.402737
vn -0.0684613 -0.277609 -0.958252
v -1.64105 -2.32163 0.424513
vn 0.974132 -0.120986 -0.190865
v -1.66258 -2.39057 0.415176
vn 0.50372 -0.21566 -0.836515
v -1.65596 -2.40654 0.427609
vn 0.745678 -0.223227 -0.627801
v -1.7815 -2.47841 0.418807
vn 0.566902 0.0635951 0.821327
v -1.8102 -2.49402 0.422714
vn -0.32721 0.0299855 0.944476
v -1.83727 -2.50042 0.394643
vn -0.99022 -0.12495 0.0620687
v -1.8227 -2.51287 0.416805
vn -0.683024 -0.0557059 0.728269
v -1.81701 -2.57654 0.409207
vn -0.852155 -0.189046 0.487949
v -1.79333 -2.64305 0.421011
vn -0.45422 -0.13335 0.880853
v -1.78608 -2.54468 0.428089
vn 0.0240735 0.0150654 0.999597
v -1.80725 -2.64645 0.39628
vn -0.973205 -0.229756 0.00920305
v -1.76879 -2.62464 0.424118
vn 0.429864 -8.65171e-05 0.902894
v -1.76885 -2.4843 0.388105
vn 0.955514 -0.0356853 -0.29278
v -1.75582 -2.57927 0.401709
vn 0.990059 0.0468042 -0.132638
v -1.76034 -2.54277 0.410076
vn 0.772392 0.0978012 0.627571
v -1.75774 -2.62407 0.412433
vn 0.938598 -0.0958636 0.331426
v -1.68063 -2.41971 0.423693
vn -0.119142 -0.271516 -0.955031
v -1.64035 -2.17945 0.35177
vn 0.869318 -0.227015 -0.439035
v -1.77013 -2.65215 0.416807
vn 0.632331 -0.397859 0.66473
v -1.79751 -2.66877 0.396064
vn -0.79757 -0.462408 0.387376
v -1.77527 -2.67079 0.402776
vn 0.461543 -0.80749 0.367339
v -1.7884 -2.66058 0.417023
vn -0.194543 -0.624024 0.7568
v -1.77986 -2.67298 0.390272
vn 0.156131 -0.685849 -0.710798
v -1.7608 -2.61774 0.38449
vn 0.819783 0.00202236 -0.57267
v -1.76329 -2.65158 0.389227
vn 0.934274 -0.275256 -0.226639
v -1.84577 -2.32921 0.376949
vn -0.995529 -0.0909406 -0.025531
v -1.81636 -2.38394 0.345125
vn -0.727266 -0.114273 -0.676776
v -1.85012 -2.3179 0.347895
vn -0.935148 -0.244516 0.25634
v -1.83184 -2.34401 0.344386
vn -0.858932 -0.445598 0.252345
v -1.83727 -2.34844 0.362308
vn -0.824548 -0.111444 -0.554708
v -1.84644 -2.24901 0.379328
vn -0.860646 0.152969 0.485685
v -1.87654 -2.25119 0.314245
vn -0.908275 0.128419 0.398177
v -1.8593 -2.26677 0.344877
vn -0.856067 -0.0691304 0.512221
v -1.68582 -2.27686 0.376251
vn 0.282778 -0.603833 -0.745266
v -1.74387 -2.31771 0.35676
vn 0.936443 -0.308952 -0.166199
v -1.73806 -2.29316 0.373022
vn 0.507558 -0.708015 -0.49102
v -1.70153 -2.23396 0.328627
vn 0.473546 -0.591692 -0.652422
v -1.73358 -2.2777 0.351583
vn 0.770825 -0.50697 -0.38576
v -1.76199 -2.34775 0.349121
vn 0.726771 -0.284045 -0.625398
v -1.75835 -2.36442 0.362668
vn 0.914267 -0.189444 -0.358089
v -1.81353 -2.39968 0.345444
vn -0.475862 -0.153812 -0.865966
v -1.78079 -2.48089 0.365493
vn 0.833765 -0.0769715 -0.546728
v -1.80758 -2.40978 0.347431
vn 0.104165 -0.142042 -0.984365
v -1.79072 -2.49214 0.359919
vn 0.368144 -0.130644 -0.920545
v -1.83452 -2.47988 0.372285
vn -0.768271 -0.134235 -0.625891
v -1.7836 -2.59311 0.368813
vn 0.27409 -0.0907131 -0.957416
v -1.79243 -2.64087 0.374782
vn -0.368681 -0.166403 -0.91454
v -1.79823 -2.65714 0.383643
vn -0.82738 -0.242252 -0.506712
v -1.77289 -2.55085 0.370412
vn 0.533132 -0.0383357 -0.845163
v -1.77676 -2.34893 0.338285
vn 0.301069 -0.299042 -0.905501
v -1.75614 -2.31807 0.319057
vn 0.877815 -0.449601 -0.165225
v -1.79074 -2.34431 0.325163
vn 0.697399 -0.707491 -0.114419
v -1.77639 -2.33906 0.28355
vn 0.723095 -0.629793 -0.283716
v -1.87693 -2.31339 0.31792
vn -0.890774 -0.0304892 0.453423
v -1.80499 -2.36886 0.338224
vn 0.776852 -0.401381 -0.485174
v -1.78914 -2.35146 0.308401
vn 0.920226 -0.0613443 0.38655
v -1.80251 -2.38108 0.332147
vn 0.816281 -0.0211948 0.577266
v -1.85948 -2.40572 0.330716
vn -0.595927 -0.032736 0.802371
v -1.86698 -2.45318 0.323494
vn -0.838316 -0.0384671 0.543826
v -1.85226 -2.34131 0.337049
vn -0.289229 -0.085542 0.95343
v -1.87501 -2.38435 0.305874
vn -0.998284 -0.0564024 0.0157606
v -1.81988 -2.37849 0.33944
vn -0.357505 -0.140496 0.923283
v -1.84038 -2.43137 0.340119
vn -0.11469 0.0175981 0.993245
v -1.73062 -2.22628 0.296407
vn 0.744042 -0.50145 -0.44153
v -1.74104 -2.27451 0.322713
vn 0.919307 -0.305146 -0.248519
v -1.81298 -2.4011 0.337981
vn 0.266553 -0.00550785 0.963805
v -1.80924 -2.50886 0.337424
vn 0.646688 0.0953159 0.756776
v -1.79916 -2.50453 0.32163
vn 0.947125 0.0555353 0.316023
v -1.80993 -2.56348 0.343818
vn 0.0685023 0.0061629 0.997632
v -1.84543 -2.51969 0.340733
vn -0.399181 -0.0549232 0.915225
v -1.80006 -2.50366 0.302359
vn 0.909728 0.0446391 -0.412797
v -1.86871 -2.5109 0.310094
vn -0.986593 -0.0954336 0.132387
v -1.86071 -2.52868 0.325574
vn -0.828678 -0.24469 0.503409
v -1.82459 -2.5937 0.336542
vn -0.586694 -0.229069 0.776735
v -1.85902 -2.54698 0.302333
vn -0.938173 -0.337621 -0.0764462
v -1.80103 -2.68402 0.325807
vn -0.812234 -0.333941 0.478288
v -1.79691 -2.64702 0.338864
vn -0.302375 -0.171142 0.937699
v -1.77533 -2.56864 0.310167
vn 0.954001 0.255036 -0.157605
v -1.77701 -2.58315 0.330454
vn 0.798387 0.220095 0.560479
v -1.80353 -2.69123 0.309522
vn -0.905081 -0.425066 -0.0120917
v -1.77175 -2.65134 0.338295
vn 0.473399 0.0664588 0.878337
v -1.75979 -2.64588 0.322005
vn 0.93931 0.159874 0.303541
v -1.78053 -2.64655 0.375241
vn 0.385547 -0.207017 -0.899165
v -1.77274 -2.70568 0.319273
vn 0.430664 -0.758657 0.488844
v -1.78876 -2.70343 0.3221
vn -0.436893 -0.572699 0.693643
v -1.77692 -2.68403 0.336902
vn 0.0751979 -0.213295 0.974089
v -1.75893 -2.67843 0.323448
vn 0.8343 -0.171798 0.52386
v -1.76969 -2.70636 0.29976
vn 0.375834 -0.83632 -0.399146
v -1.75931 -2.69501 0.308017
vn 0.9306 -0.365913 -0.00950388
v -1.75619 -2.66716 0.305585
vn 0.977405 0.0937007 -0.189472
v -1.84895 -2.35745 0.271826
vn -0.513097 -0.0897448 -0.853626
v -1.87265 -2.35709 0.292601
vn -0.914571 -0.121312 -0.385803
v -1.81055 -2.38863 0.273996
vn 0.394627 -0.139882 -0.908131
v -1.80914 -2.35585 0.264628
vn 0.4158 -0.338838 -0.843978
v -1.87764 -2.24508 0.271185
vn -0.999154 0.0408022 0.00510865
v -1.88147 -2.28323 0.29298
vn -0.999219 -0.0119153 -0.0376633
v -1.78461 -2.35059 0.29245
vn 0.990318 -0.134181 -0.0355678
v -1.79785 -2.40092 0.283745
vn 0.769704 -0.136652 -0.623604
v -1.82365 -2.36188 0.256806
vn 0.611661 -0.368628 0.699988
v -1.8628 -2.33385 0.26858
vn -0.776456 -0.622191 -0.099974
v -1.83121 -2.3669 0.267721
vn -0.000332523 -0.189038 -0.98197
v -1.73898 -2.24314 0.284322
vn 0.947183 -0.318804 -0.0347706
v -1.75221 -2.2892 0.243727
vn 0.941075 -0.334828 -0.047629
v -1.7659 -2.31479 0.236756
vn 0.747433 -0.660429 -0.071954
v -1.81427 -2.51477 0.282772
vn 0.503608 0.00992442 -0.863876
v -1.83123 -2.50437 0.277996
vn 0.127298 -0.011602 -0.991797
v -1.8328 -2.55576 0.28076
vn -0.304198 -0.0840244 -0.948896
v -1.86751 -2.49828 0.297139
vn -0.768193 -0.0752567 -0.63578
v -1.84814 -2.54685 0.287635
vn -0.587409 -0.154673 -0.794372
v -1.78369 -2.58155 0.289382
vn 0.73656 0.215457 -0.641138
v -1.80501 -2.67706 0.293607
vn -0.741032 -0.313983 -0.593537
v -1.77603 -2.64865 0.281909
vn 0.318987 0.0352606 -0.947103
v -1.7912 -2.66444 0.280943
vn -0.244413 -0.126561 -0.961377
v -1.87076 -2.3431 0.247657
vn -0.681044 -0.132367 0.72018
v -1.84853 -2.3613 0.256413
vn -0.340114 -0.164663 0.925856
v -1.80278 -2.36102 0.236721
vn 0.858185 -0.00201643 0.513337
v -1.88843 -2.27217 0.212127
vn -0.996626 0.0452222 0.0684959
v -1.88315 -2.27423 0.237597
vn -0.988646 -0.00355903 0.150221
v -1.87325 -2.31441 0.256906
vn -0.953086 -0.276229 0.123796
v -1.88448 -2.34048 0.222315
vn -0.992047 -0.0714351 0.103632
v -1.79709 -2.34625 0.219218
vn 0.919203 -0.393759 0.00452867
v -1.87632 -2.41771 0.233731
vn -0.832331 -0.0798196 0.548502
v -1.73538 -2.23719 0.209805
vn 0.938686 -0.344304 -0.0179725
v -1.8226 -2.4967 0.247089
vn 0.453438 0.026953 0.89088
v -1.83387 -2.49453 0.249276
vn -0.13865 -0.0963048 0.985648
v -1.85874 -2.49981 0.238181
vn -0.573861 -0.136249 0.807539
v -1.80696 -2.49684 0.235131
vn 0.763108 0.0891892 0.640087
v -1.88187 -2.42277 0.219205
vn -0.989648 -0.0989375 0.103962
v -1.80247 -2.49251 0.220891
vn 0.983828 0.178818 0.0103672
v -1.82517 -2.54707 0.241802
vn -0.274058 -0.232144 0.933275
v -1.84696 -2.53887 0.233181
vn -0.653237 -0.387833 0.650282
v -1.82157 -2.59395 0.220995
vn -0.675826 -0.546081 0.495031
v -1.79039 -2.57777 0.238897
vn 0.0548792 -0.13523 0.989293
v -1.76538 -2.59765 0.230344
vn 0.591348 0.192856 0.783016
v -1.80888 -2.59744 0.230438
vn -0.346916 -0.403502 0.846661
v -1.76418 -2.57854 0.216512
vn 0.859988 0.445485 0.248926
v -1.78561 -2.69606 0.288643
vn -0.182418 -0.413125 -0.892217
v -1.78912 -2.70675 0.301554
vn -0.396533 -0.898694 -0.187379
v -1.76341 -2.66214 0.290852
vn 0.832159 0.14909 -0.53412
v -1.76615 -2.69124 0.291185
vn 0.590648 -0.218274 -0.776847
v -1.75766 -2.63324 0.227694
vn 0.0163882 -0.332939 0.942806
v -1.7375 -2.64117 0.21842
vn 0.638319 0.00996126 0.769708
v -1.80577 -2.3468 0.185081
vn 0.796414 -0.5151 -0.316854
v -1.80813 -2.3591 0.195314
vn 0.407375 -0.134084 -0.903364
v -1.88324 -2.25484 0.173479
vn -0.977877 0.0609457 -0.200105
v -1.88538 -2.30238 0.189614
vn -0.972109 -0.147768 -0.182123
v -1.76955 -2.32326 0.184751
vn 0.860499 -0.499866 -0.0983672
v -1.87071 -2.36143 0.192124
vn -0.574975 -0.069254 -0.815235
v -1.86976 -2.33236 0.177894
vn -0.869918 -0.443907 -0.214917
v -1.8784 -2.38973 0.201064
vn -0.911506 -0.0157372 -0.410985
v -1.83191 -2.35727 0.179075
vn 0.69624 -0.689966 -0.197979
v -1.83659 -2.37593 0.183998
vn -0.0154879 -0.0482167 -0.998717
v -1.85308 -2.35376 0.181286
vn -0.420965 -0.580867 -0.696694
v -1.74766 -2.26074 0.16627
vn 0.917767 -0.359299 -0.169139
v -1.83197 -2.43215 0.183923
vn 0.382926 0.0701936 -0.921108
v -1.80345 -2.43326 0.206499
vn 0.849164 -0.0221082 -0.527667
v -1.87391 -2.49186 0.209368
vn -0.981563 -0.172468 -0.0823939
v -1.81066 -2.49159 0.189526
vn 0.782785 0.25605 -0.567175
v -1.86976 -2.48544 0.195225
vn -0.752498 -0.0826916 -0.653383
v -1.84289 -2.50993 0.179675
vn -0.316141 -0.0552489 -0.947102
v -1.86598 -2.51895 0.220283
vn -0.88593 -0.284794 0.366087
v -1.86195 -2.52841 0.20309
vn -0.799802 -0.356305 -0.483077
v -1.81324 -2.6001 0.18503
vn -0.57884 -0.304191 -0.756579
v -1.83966 -2.56979 0.212038
vn -0.850704 -0.510725 0.124348
v -1.76646 -2.57699 0.189132
vn 0.821676 0.465321 -0.329128
v -1.81034 -2.61314 0.194576
vn -0.757981 -0.609209 -0.233085
v -1.7404 -2.60375 0.197826
vn 0.839572 0.536848 -0.0831426
v -1.73927 -2.61169 0.212461
vn 0.786861 0.340031 0.515004
v -1.73754 -2.62057 0.186074
vn 0.672478 0.308857 -0.672592
v -1.80981 -2.34842 0.168572
vn 0.624192 -0.245091 0.741832
v -1.79345 -2.34622 0.151839
vn 0.91081 -0.175196 0.373807
v -1.84427 -2.36642 0.176236
vn -0.891801 0.0371119 0.450903
v -1.87416 -2.26124 0.143172
vn -0.873735 0.114619 -0.472705
v -1.78786 -2.33155 0.135962
vn 0.892404 -0.308432 -0.329369
v -1.8749 -2.32638 0.146198
vn -0.99103 -0.124218 -0.0492926
v -1.78055 -2.3278 0.166282
vn 0.598426 -0.800662 -0.0287429
v -1.86394 -2.34893 0.164769
vn -0.659803 -0.235471 0.713592
v -1.80142 -2.45863 0.143372
vn 0.870836 0.128803 0.4744
v -1.83548 -2.377 0.172504
vn -0.0121703 -0.17976 0.983635
v -1.81873 -2.34972 0.177461
vn -0.725015 -0.622443 0.294818
v -1.81121 -2.47034 0.157524
vn 0.416094 -0.0208996 0.909082
v -1.85632 -2.45026 0.14534
vn -0.936314 -0.179717 0.301693
v -1.8293 -2.48491 0.157158
vn -0.268729 -0.19982 0.942261
v -1.84475 -2.47568 0.150824
vn -0.723074 -0.295515 0.624368
v -1.79096 -2.52348 0.151762
vn 0.0333608 -0.200738 0.979077
v -1.82606 -2.51083 0.14343
vn -0.50375 -0.511482 0.696148
v -1.76612 -2.52013 0.138304
vn 0.635338 0.308574 0.707904
v -1.78775 -2.56277 0.131721
vn -0.719373 -0.660416 0.215299
v -1.75039 -2.58939 0.131427
vn -0.190804 -0.482561 0.854827
v -1.7831 -2.60987 0.173658
vn -0.0102188 -0.00367181 -0.999941
v -1.78052 -2.57746 0.1788
vn 0.365001 0.268227 -0.891532
v -1.80413 -2.62308 0.207559
vn -0.741123 -0.652287 0.158927
v -1.76194 -2.65812 0.211928
vn -0.564567 -0.741416 0.362721
v -1.7729 -2.64483 0.183061
vn -0.546027 -0.622465 -0.560707
v -1.73277 -2.65524 0.205149
vn 0.543904 -0.675672 0.49763
v -1.75068 -2.66344 0.209555
vn 0.21056 -0.796071 0.567394
v -1.72837 -2.64006 0.201229
vn 0.990252 0.132262 0.0436864
v -1.74949 -2.6604 0.186566
vn -0.148646 -0.877472 -0.456013
v -1.7333 -2.65682 0.188984
vn 0.838527 -0.291904 -0.460069
v -1.75186 -2.63753 0.172099
vn 0.121474 -0.00763627 -0.992565
v -1.74175 -2.6442 0.176165
vn 0.555449 -0.176736 -0.812552
v -0.55617 -2.41586 0.447886
vn -0.690805 0.0680738 0.71983
v -0.532485 -2.3333 0.459888
vn -0.650122 0.100615 0.753138
v -0.542524 -2.50136 0.465149
vn -0.615541 0.024289 0.78773
v -0.575541 -2.60453 0.440716
vn -0.669862 0.0274979 0.741976
v -0.572198 -2.72917 0.445143
vn -0.607306 -0.0161542 0.794304
v -0.583263 -2.42625 0.41977
vn -0.76438 0.0967168 0.637471
v -0.576204 -2.28738 0.403268
vn -0.793753 0.135206 0.593022
v -0.602376 -2.44417 0.398058
vn -0.816531 0.0738238 0.572561
v -0.591108 -2.55277 0.422745
vn -0.746815 0.0470579 0.663365
v -0.623269 -2.6083 0.386402
vn -0.830977 0.0491995 0.554128
v -0.544244 -2.7493 0.462669
vn -0.480467 -0.0347517 0.876324
v -0.560959 -2.84842 0.44708
vn -0.569145 -0.0720252 0.819077
v -0.585344 -2.8999 0.424047
vn -0.634192 -0.101537 0.766479
v -0.543678 -3.07813 0.430056
vn -0.547861 -0.10993 0.829315
v -0.532195 -2.87463 0.461473
vn -0.461851 -0.0941553 0.881946
v -0.4759 -3.17443 0.456885
vn -0.447896 -0.116069 0.88652
v -0.618925 -2.70132 0.399162
vn -0.787496 0.0276398 0.6157
v -0.596937 -2.71791 0.423299
vn -0.702227 0.000731134 0.711953
v -0.620179 -2.77298 0.397764
vn -0.780955 -0.0337289 0.623676
v -0.606544 -2.85721 0.407887
vn -0.716847 -0.0636115 0.694322
v -0.608445 -3.12845 0.369239
vn -0.753228 -0.100327 0.650064
v -0.607002 -2.38073 0.378873
vn -0.840837 0.113311 0.529296
v -0.625738 -2.40894 0.352132
vn -0.89294 0.0984634 0.439276
v -0.597024 -2.2721 0.368047
vn -0.845266 0.148105 0.51341
v -0.631509 -2.51808 0.361527
vn -0.879007 0.0750176 0.470871
v -0.633028 -2.27739 0.298319
vn -0.920472 0.13803 0.365621
v -0.641445 -2.39342 0.31421
vn -0.921417 0.10306 0.374659
v -0.653569 -2.52441 0.313757
vn -0.929624 0.0753561 0.360722
v -0.647245 -2.66274 0.350997
vn -0.896308 0.0482795 0.440796
v -0.653423 -2.73917 0.342887
vn -0.911946 0.0112105 0.410156
v -0.638601 -2.78225 0.3708
vn -0.854388 -0.00605329 0.5196
v -0.632283 -2.92973 0.367567
vn -0.822914 -0.077474 0.562859
v -0.665996 -2.66196 0.303259
vn -0.95621 0.0468298 0.288911
v -0.664246 -2.76173 0.316823
vn -0.942564 -0.001828 0.334021
v -0.652813 -2.85011 0.339853
vn -0.917725 -0.0529622 0.393669
v -0.642842 -3.08458 0.326017
vn -0.884564 -0.0761727 0.460156
v -0.218589 -2.1871 0.445341
vn 0.518505 -0.00376553 0.855066
v -0.214679 -2.22759 0.445117
vn 0.542364 0.0957223 0.834672
v -0.188794 -2.35488 0.442491
vn 0.638691 0.0859577 0.764647
v -0.184179 -2.43882 0.445567
vn 0.673959 0.0416174 0.737596
v -0.204096 -2.58743 0.465777
vn 0.64666 -0.0284618 0.762248
v -0.16852 -2.1574 0.446508
vn -0.453555 -0.679001 0.577274
v -0.0433024 -2.233 0.462898
vn -0.256502 -0.904403 0.340973
v -0.123645 -2.18808 0.454544
vn -0.542424 -0.767561 0.341505
v -0.0801453 -2.21982 0.451865
vn -0.460295 -0.863266 0.207126
v 0.00834038 -2.23889 0.463351
vn 0.0956019 -0.949753 0.298041
v -0.036557 -2.24039 0.437094
vn -0.265994 -0.961636 0.0671123
v 0.0801537 -2.21982 0.451865
vn 0.420539 -0.871509 0.252228
v 0.0465614 -2.23744 0.431207
vn 0.28181 -0.954201 0.100421
v -0.168501 -2.49923 0.432307
vn 0.732768 0.000773028 0.680478
v -0.193018 -2.63777 0.45237
vn 0.73857 -0.0503732 0.672292
v -0.172287 -2.23763 0.413721
vn 0.631109 0.0541486 0.773802
v -0.142051 -2.29176 0.390722
vn 0.730649 0.0568443 0.680382
v -0.129603 -2.36032 0.383576
vn 0.784329 0.0230368 0.619918
v -0.137111 -2.22857 0.383946
vn 0.62746 -0.173666 0.759035
v -0.17846 -2.17043 0.431322
vn -0.0485636 -0.598468 0.799673
v -0.133249 -2.20549 0.401463
vn -0.241115 -0.789766 0.564033
v -0.114325 -2.21233 0.396463
vn -0.274166 -0.902892 0.331087
v -0.0965579 -2.21917 0.392087
vn -0.302391 -0.950036 0.0774027
v -0.00635672 -2.24531 0.430065
vn 0.0163242 -0.997851 0.0634632
v 0.0196193 -2.2432 0.408596
vn 0.185493 -0.979499 -0.078578
v -0.00903531 -2.24184 0.392201
vn -0.0504408 -0.986004 -0.158906
v -0.0477836 -2.23537 0.387517
vn -0.20733 -0.976196 -0.06368
v -0.16695 -2.59784 0.427871
vn 0.784188 -0.0399557 0.619235
v -0.199224 -2.85153 0.44225
vn 0.717414 -0.0779687 0.692271
v -0.222798 -2.99188 0.444002
vn 0.688405 -0.128781 0.713802
v -0.178448 -2.86929 0.412942
vn 0.80681 -0.081197 0.585205
v -0.203914 -3.01619 0.417302
vn 0.785832 -0.147605 0.600567
v -0.185437 -3.01595 0.389466
vn 0.879498 -0.143512 0.453749
v -0.0999793 -2.28148 0.33232
vn 0.861339 -0.000636518 0.50803
v -0.11792 -2.44182 0.366714
vn 0.851271 -0.0123714 0.524581
v -0.0973328 -2.24918 0.33663
vn 0.737212 -0.376257 0.561203
v -0.0867763 -2.23298 0.342541
vn 0.533751 -0.743588 0.402725
v -0.0699307 -2.22913 0.341965
vn 0.14366 -0.981047 0.13003
v -0.042385 -2.22733 0.327972
vn 0.0351835 -0.987904 -0.151022
v 0.0328918 -2.22839 0.334354
vn -0.0174393 -0.984326 -0.175496
v -0.130784 -2.55793 0.381785
vn 0.84631 -0.0636699 0.528871
v -0.110977 -2.59883 0.338804
vn 0.901871 -0.0862284 0.423313
v -0.0929837 -2.40203 0.316069
vn 0.925358 -0.0160747 0.378753
v -0.06843 -2.26784 0.267923
vn 0.952693 -0.185508 0.240753
v -0.0497105 -2.22937 0.288651
vn 0.570673 -0.815207 0.0988391
v 0.0630606 -2.22898 0.337687
vn 0.0286554 -0.999586 0.00262231
v 0.0519402 -2.23308 0.274738
vn -0.78394 -0.609669 0.117226
v -0.105076 -2.49982 0.341317
vn 0.916801 -0.0378987 0.397541
v -0.0911779 -2.58211 0.291668
vn 0.947305 -0.0765896 0.311042
v -0.163751 -2.86761 0.388656
vn 0.877445 -0.0946951 0.470238
v -0.153463 -2.88099 0.362676
vn 0.914697 -0.117842 0.386577
v -0.165877 -3.02216 0.343252
vn 0.946799 -0.151414 0.283982
v -0.123988 -2.78142 0.319346
vn 0.936562 -0.118283 0.32994
v -0.12486 -2.8274 0.298756
vn 0.972283 -0.158396 0.17198
v -0.520758 -3.2207 0.424588
vn -0.509701 -0.124489 0.851298
v -0.452808 -3.24999 0.454822
vn -0.368805 -0.189065 0.910076
v -0.514566 -3.33323 0.407877
vn -0.461244 -0.147485 0.87493
v -0.476073 -3.38726 0.415319
vn -0.260168 -0.203951 0.943778
v -0.418582 -3.28756 0.454981
vn -0.153919 -0.264395 0.952053
v -0.561745 -3.24924 0.392586
vn -0.598731 -0.1203 0.791864
v -0.584402 -3.18381 0.384292
vn -0.663638 -0.113671 0.739367
v -0.561117 -3.36128 0.374397
vn -0.574912 -0.0925381 0.812966
v -0.530421 -3.44746 0.395973
vn -0.387864 0.107198 0.915462
v -0.50577 -3.41863 0.403681
vn -0.287705 -0.00768446 0.957688
v -0.433444 -3.41616 0.413504
vn -0.00335337 -0.301341 0.953511
v -0.555897 -3.41609 0.378555
vn -0.607886 0.108734 0.786544
v -0.456196 -3.45727 0.405716
vn 0.0950768 -0.0748321 0.992653
v -0.443076 -3.52219 0.399049
vn 0.381046 -0.0269161 0.924164
v -0.40523 -3.49951 0.383426
vn 0.450466 -0.155297 0.879183
v -0.480869 -3.55236 0.410927
vn 0.154162 0.00464579 0.988035
v -0.514266 -3.57149 0.412255
vn -0.132124 0.0466764 0.990134
v -0.549304 -3.54775 0.400713
vn -0.38447 0.0781716 0.919822
v -0.580455 -3.59166 0.385094
vn -0.624671 -0.00673265 0.780859
v -0.543383 -3.59657 0.40462
vn -0.324428 -0.0521016 0.944475
v -0.565297 -3.6328 0.39106
vn -0.451693 -0.180207 0.873784
v -0.469263 -3.6699 0.39325
vn 0.421938 -0.305004 0.85378
v -0.490736 -3.66891 0.398809
vn 0.0596608 -0.282557 0.957394
v -0.538322 -3.63956 0.400483
vn -0.252911 -0.22969 0.939829
v -0.498654 -3.61849 0.410393
vn -0.0200601 -0.127531 0.991632
v -0.471681 -3.58832 0.409858
vn 0.253818 -0.0326155 0.966702
v -0.422804 -3.59109 0.386627
vn 0.481639 -0.0874458 0.871996
v -0.461987 -3.62078 0.403661
vn 0.37765 -0.141801 0.915026
v -0.591324 -3.36887 0.346579
vn -0.711726 -0.102279 0.694972
v -0.604681 -3.42524 0.332812
vn -0.749596 0.0898861 0.655764
v -0.574308 -3.52773 0.38466
vn -0.525763 0.113153 0.843071
v -0.620791 -3.37605 0.310374
vn -0.813777 -0.0893733 0.574264
v -0.642148 -3.38879 0.274855
vn -0.888225 -0.0521568 0.456438
v -0.630031 -3.45683 0.30298
vn -0.852113 0.0993328 0.513845
v -0.612467 -3.53761 0.349122
vn -0.793191 0.0867305 0.602765
v -0.59628 -3.55647 0.370425
vn -0.692324 0.135803 0.708693
v -0.601791 -3.63855 0.361913
vn -0.790853 -0.117251 0.60067
v -0.619812 -3.61858 0.34404
vn -0.797607 -0.0628927 0.59989
v -0.585804 -3.64824 0.374347
vn -0.624728 -0.184168 0.758813
v -0.570648 -3.76925 0.351992
vn -0.433001 -0.221202 0.873831
v -0.425274 -3.64449 0.377077
vn 0.546554 -0.266791 0.793789
v -0.435487 -3.73097 0.349532
vn 0.515307 -0.260727 0.816383
v -0.464734 -3.75268 0.359009
vn 0.389405 -0.225062 0.893146
v -0.501514 -3.77284 0.365762
vn 0.131138 -0.218833 0.96691
v -0.536575 -3.76266 0.367869
vn -0.186205 -0.250444 0.950055
v -0.526838 -3.85079 0.35019
vn -0.226855 -0.171593 0.958693
v -0.631794 -3.56857 0.324723
vn -0.859858 0.0650488 0.506371
v -0.640214 -3.62278 0.308687
vn -0.912221 -0.0935837 0.398867
v -0.624318 -3.71574 0.306189
vn -0.865193 -0.145748 0.47979
v -0.59267 -3.80191 0.328448
vn -0.620597 -0.165816 0.766397
v -0.600475 -3.88802 0.309794
vn -0.584283 -0.0524707 0.809852
v -0.563924 -3.86145 0.335039
vn -0.451087 -0.142777 0.880985
v -0.564973 -3.93338 0.327511
vn -0.394244 -0.0708948 0.916267
v -0.599969 -4.02338 0.306221
vn -0.503007 -0.0682601 0.861583
v -0.622092 -3.8024 0.298897
vn -0.743705 -0.0822802 0.663425
v -0.628841 -3.7545 0.291676
vn -0.862543 0.00204965 0.50598
v -0.444342 -3.83466 0.335913
vn 0.479095 -0.183983 0.858265
v -0.471217 -3.86835 0.341173
vn 0.296714 -0.200661 0.933647
v -0.526781 -4.0006 0.325372
vn 0.121659 -0.18798 0.974609
v -0.535536 -3.93869 0.335219
vn -0.138831 -0.134105 0.981194
v -0.414127 -3.81433 0.318559
vn 0.590586 -0.175168 0.787734
v -0.436166 -3.88862 0.317203
vn 0.62902 -0.242423 0.738624
v -0.471728 -4.00249 0.305464
vn 0.459361 -0.233955 0.856885
v -0.506932 -4.03493 0.313307
vn 0.320576 -0.222005 0.920839
v -0.411529 -3.22991 0.47026
vn -0.152732 -0.19088 0.969659
v -0.354507 -3.2685 0.458456
vn 0.256743 -0.301177 0.918354
v -0.318961 -3.26931 0.444908
vn 0.475134 -0.289912 0.830782
v -0.235215 -3.11784 0.428031
vn 0.714606 -0.189203 0.673454
v -0.256864 -3.10042 0.451607
vn 0.589374 -0.178986 0.787783
v -0.267968 -3.19765 0.43338
vn 0.60673 -0.240295 0.757718
v -0.273784 -3.25799 0.4163
vn 0.657992 -0.279733 0.69914
v -0.371381 -3.34615 0.435195
vn 0.129816 -0.34646 0.929039
v -0.224665 -3.17378 0.396626
vn 0.767286 -0.233708 0.597204
v -0.199313 -3.11677 0.379838
vn 0.854876 -0.190804 0.482475
v -0.252367 -3.28015 0.382372
vn 0.75613 -0.306987 0.57795
v -0.397677 -3.4432 0.39847
vn 0.268657 -0.367466 0.890389
v -0.343763 -3.36404 0.41864
vn 0.360957 -0.394619 0.844977
v -0.318653 -3.36401 0.404162
vn 0.511154 -0.388894 0.766474
v -0.288151 -3.31635 0.404379
vn 0.612241 -0.330359 0.718348
v -0.296643 -3.36616 0.385301
vn 0.660174 -0.395155 0.638767
v -0.183609 -3.1238 0.340384
vn 0.92099 -0.196453 0.336427
v -0.213744 -3.21221 0.359632
vn 0.851213 -0.25834 0.456834
v -0.246558 -3.32578 0.347026
vn 0.795901 -0.340022 0.500926
v -0.350765 -3.4716 0.362997
vn 0.509578 -0.406662 0.758259
v -0.35955 -3.5122 0.35215
vn 0.599591 -0.182364 0.779252
v -0.287184 -3.44481 0.321545
vn 0.77362 -0.344787 0.531633
v -0.209908 -3.24928 0.327622
vn 0.88675 -0.279163 0.368431
v -0.200369 -3.25195 0.297072
vn 0.940873 -0.233864 0.245083
v -0.288951 -3.50855 0.290178
vn 0.722444 -0.303937 0.621045
v -0.248404 -3.39373 0.297226
vn 0.854537 -0.317445 0.411091
v -0.406532 -3.61274 0.371318
vn 0.616143 -0.151995 0.77283
v -0.385063 -3.73779 0.312277
vn 0.643424 -0.258156 0.720667
v -0.314907 -3.53302 0.310076
vn 0.653049 -0.160623 0.740086
v -0.353394 -3.66347 0.313815
vn 0.635848 -0.216497 0.740828
v -0.412092 -3.875 0.29877
vn 0.769267 -0.240941 0.591756
v -0.673255 -2.56392 0.255468
vn -0.971441 0.0595887 0.229678
v -0.67775 -2.48096 0.211181
vn -0.989516 0.0539771 0.133959
v -0.687091 -2.72096 0.227577
vn -0.979827 0.036925 0.196405
v -0.651664 -2.32381 0.263593
vn -0.945825 0.110971 0.305123
v -0.660128 -2.4069 0.264808
vn -0.963869 0.0776953 0.254794
v -0.672359 -2.36725 0.193823
vn -0.985176 0.0813475 0.151035
v -0.678179 -2.79067 0.272038
vn -0.967262 -0.00334763 0.253758
v -0.669004 -2.8582 0.296272
vn -0.947352 -0.0524454 0.315869
v -0.679078 -2.94193 0.245319
vn -0.970457 -0.0552984 0.234854
v -0.688137 -2.82814 0.226182
vn -0.982285 -0.0189354 0.186435
v -0.659246 -3.20901 0.25492
vn -0.988145 -0.0634065 0.139815
v -0.651657 -3.27867 0.268478
vn -0.945075 -0.0601721 0.321266
v -0.692802 -2.7475 0.191174
vn -0.995401 0.0374126 0.0881934
v -0.676877 -2.36158 0.127393
vn -0.996407 0.0836212 0.0134056
v -0.670222 -2.28983 0.133945
vn -0.991968 0.126491 -0.000104846
v -0.691686 -2.69027 0.15303
vn -0.998546 0.0263575 -0.0470251
v -0.682961 -2.46207 0.146833
vn -0.998503 0.0480117 0.0261906
v -0.660548 -2.27129 0.205574
vn -0.970912 0.121532 0.206298
v -0.693296 -2.82731 0.190255
vn -0.99836 -0.00681539 0.0568436
v -0.689412 -2.91262 0.197019
vn -0.992199 -0.0658591 0.10585
v -0.67217 -3.1273 0.198923
vn -0.995565 -0.066484 0.0665565
v -0.694131 -2.83017 0.153963
vn -0.997964 -0.0150655 -0.0619798
v -0.689473 -2.93764 0.154876
vn -0.996991 -0.0774429 0.00349743
v -0.679932 -3.01851 0.138281
vn -0.972239 -0.105533 -0.208841
v -0.668786 -3.15527 0.165891
vn -0.985809 -0.0663953 -0.154185
v -0.0807446 -2.31411 0.286252
vn 0.967343 -0.0514052 0.248204
v -0.0856174 -2.50272 0.286762
vn 0.974034 -0.0289197 0.224548
v -0.0597478 -2.25568 0.246837
vn 0.79068 -0.567904 0.228713
v -0.016306 -2.20913 0.218361
vn 0.234224 -0.958908 -0.160107
v -0.0512444 -2.23567 0.257948
vn 0.814907 -0.579551 0.0068783
v 0.0185087 -2.21052 0.223318
vn -0.404159 -0.902057 -0.151487
v 0.00408601 -2.20171 0.199246
vn -0.02604 -0.981747 -0.188401
v 0.0309569 -2.22056 0.255031
vn -0.514624 -0.855466 -0.0577885
v -0.0725495 -2.41251 0.223553
vn 0.989775 -0.0349168 0.138298
v -0.0610624 -2.33982 0.165027
vn 0.989568 -0.0941125 0.109081
v 0.0597562 -2.25568 0.246837
vn -0.864584 -0.452976 0.217502
v -0.0791989 -2.5396 0.246552
vn 0.991582 -0.0434777 0.121961
v -0.084829 -2.60702 0.253949
vn 0.981958 -0.0975263 0.16201
v -0.0977524 -2.68003 0.275218
vn 0.965565 -0.12927 0.225774
v -0.144811 -2.97294 0.264754
vn 0.977729 -0.185031 0.0990445
v -0.092135 -2.69979 0.226764
vn 0.984392 -0.135075 0.112811
v -0.106273 -2.79125 0.231402
vn 0.980478 -0.171424 0.0963142
v -0.124453 -2.88619 0.208721
vn 0.977234 -0.211545 0.0162328
v -0.14386 -2.97232 0.221562
vn 0.973498 -0.227282 -0.0253842
v -0.160993 -3.06156 0.257949
vn 0.978818 -0.179491 -0.0984813
v -0.0498086 -2.25968 0.160789
vn 0.974976 -0.203484 0.0895322
v -0.00956127 -2.18149 0.105793
vn 0.119975 -0.986377 -0.112548
v -0.0383471 -2.2205 0.1561
vn 0.927016 -0.374151 0.0255571
v -0.0212064 -2.18986 0.117753
vn 0.696479 -0.714401 -0.0674346
v 0.049817 -2.25968 0.160789
vn -0.974107 -0.207584 0.0895828
v 0.0610708 -2.33982 0.165027
vn -0.989568 -0.0941125 0.109081
v 0.0383555 -2.2205 0.1561
vn -0.902949 -0.429727 0.00423601
v 0.0245641 -2.19308 0.116306
vn -0.732138 -0.679154 -0.0521935
v -0.0718599 -2.49453 0.167322
vn 0.99694 -0.06473 0.0438219
v -0.0798679 -2.59952 0.214308
vn 0.994984 -0.0897909 0.0441064
v -0.0803227 -2.61244 0.154987
vn 0.995573 -0.0939297 0.00332807
v -0.0927883 -2.72324 0.153286
vn 0.99061 -0.136551 -0.00677885
v -0.156229 -3.01367 0.184976
vn 0.963659 -0.24943 -0.0956378
v -0.178133 -3.1106 0.19215
vn 0.968305 -0.189206 -0.163052
v -0.0837409 -2.63299 0.0815851
vn 0.992151 -0.11845 -0.0400742
v -0.104828 -2.79864 0.158302
vn 0.98168 -0.190493 -0.00417161
v -0.139183 -2.9383 0.122435
vn 0.9596 -0.269364 -0.0813019
v -0.188124 -3.09657 0.112954
vn 0.954277 -0.26214 -0.143656
v -0.648986 -3.57357 0.292628
vn -0.896475 0.0629912 0.438593
v -0.659733 -3.33666 0.231586
vn -0.946826 0.0293342 0.320406
v -0.668036 -3.55849 0.242861
vn -0.949577 0.0230289 0.312687
v -0.688982 -3.58379 0.17671
vn -0.947879 0.0581378 0.313281
v -0.675262 -3.85096 0.228395
vn -0.854077 0.0368448 0.518841
v -0.676902 -3.94552 0.224406
vn -0.884929 -0.0299214 0.464764
v -0.675539 -3.62767 0.211395
vn -0.927593 -0.0381387 0.37164
v -0.651645 -3.68128 0.259157
vn -0.902925 -0.0832933 0.421649
v -0.643528 -3.95019 0.271607
vn -0.728506 -0.0195182 0.684761
v -0.618033 -4.01147 0.294772
vn -0.647335 -0.024988 0.761796
v -0.655497 -3.82028 0.255114
vn -0.796643 0.000640956 0.604449
v -0.662478 -3.95471 0.247189
vn -0.811369 -0.0278703 0.583869
v -0.665663 -3.3245 0.180114
vn -0.995515 0.0855261 0.0404327
v -0.665469 -3.37634 0.21204
vn -0.971958 0.070192 0.224435
v -0.688173 -3.50487 0.155324
vn -0.975811 0.112415 0.1875
v -0.667816 -3.35067 0.152776
vn -0.986703 0.158271 -0.0369737
v -0.68888 -3.47999 0.131319
vn -0.97939 0.170229 0.108707
v -0.6644 -3.26358 0.204335
vn -0.999278 -0.0336684 0.0175913
v -0.656377 -3.29387 0.117144
vn -0.983194 0.0386331 -0.178428
v -0.69237 -3.68142 0.180254
vn -0.87364 0.0342645 0.485365
v -0.689643 -3.78533 0.198489
vn -0.894418 0.0286785 0.446311
v -0.693011 -3.90263 0.191636
vn -0.940573 -0.0484889 0.336113
v -0.68001 -4.00269 0.210489
vn -0.928909 -0.0785311 0.361886
v -0.704708 -3.81583 0.167436
vn -0.942488 0.00660536 0.334176
v -0.713673 -3.62996 0.118719
vn -0.953147 0.0931086 0.287821
v -0.70937 -3.71861 0.149376
vn -0.929463 0.0476683 0.365822
v -0.724177 -3.9954 0.0790023
vn -0.958016 -0.0624731 0.279825
v -0.71806 -3.83447 0.125036
vn -0.959125 -0.0342518 0.280903
v -0.180708 -3.16706 0.294544
vn 0.972562 -0.175146 0.153126
v -0.198506 -3.26703 0.262694
vn 0.964008 -0.248478 0.0945948
v -0.21596 -3.3166 0.283509
vn 0.917519 -0.298867 0.262369
v -0.245559 -3.43232 0.249158
vn 0.927793 -0.285357 0.240357
v -0.271327 -3.51658 0.256354
vn 0.898189 -0.249932 0.361648
v -0.182553 -3.1948 0.254962
vn 0.985001 -0.171138 0.0220278
v -0.198665 -3.26979 0.215056
vn 0.973307 -0.221868 -0.0587248
v -0.250416 -3.47117 0.223559
vn 0.961554 -0.2414 0.130922
v -0.327761 -3.63439 0.297484
vn 0.753186 -0.218812 0.620349
v -0.304494 -3.63984 0.260475
vn 0.859553 -0.259276 0.440391
v -0.324239 -3.69391 0.261117
vn 0.834195 -0.336024 0.437272
v -0.347959 -3.6976 0.293962
vn 0.743871 -0.309697 0.592235
v -0.365278 -3.78389 0.265735
vn 0.831275 -0.287907 0.475492
v -0.396291 -3.83135 0.294478
vn 0.797274 -0.223001 0.560914
v -0.395768 -3.92112 0.250943
vn 0.867265 -0.206874 0.45283
v -0.325737 -3.72729 0.228761
vn 0.899505 -0.337354 0.277639
v -0.28635 -3.63019 0.218388
vn 0.932345 -0.274708 0.23509
v -0.363138 -3.83083 0.226586
vn 0.916709 -0.229428 0.32712
v -0.367608 -3.88762 0.208173
vn 0.896707 -0.153454 0.415173
v -0.390458 -3.99972 0.21133
vn 0.812964 -0.205913 0.544692
v -0.192945 -3.21957 0.194174
vn 0.973054 -0.148901 -0.17605
v -0.209902 -3.28598 0.170355
vn 0.945997 -0.180146 -0.269513
v -0.244902 -3.45705 0.193409
vn 0.97651 -0.212684 -0.0345432
v -0.20348 -3.17744 0.131666
vn 0.950686 -0.19529 -0.24095
v -0.253524 -3.42107 0.118431
vn 0.916972 -0.172114 -0.359914
v -0.246675 -3.44595 0.155819
vn 0.961423 -0.187832 -0.200962
v -0.271212 -3.57396 0.142442
vn 0.96911 -0.203738 -0.138985
v -0.327815 -3.75608 0.18686
vn 0.941123 -0.312608 0.128701
v -0.270165 -3.58228 0.184903
vn 0.974767 -0.218957 0.0434452
v -0.286211 -3.64288 0.187755
vn 0.954782 -0.296397 0.0232431
v -0.329721 -3.78998 0.143738
vn 0.943839 -0.247283 0.219131
v -0.335542 -3.84702 0.148253
vn 0.892692 -0.0145509 0.450433
v -0.357557 -3.92076 0.181291
vn 0.847604 -0.078447 0.524799
v -0.31388 -3.73218 0.12333
vn 0.972639 -0.232268 0.00505868
v -0.312546 -3.74532 0.0976465
vn 0.967057 -0.0646759 0.246207
v -0.357864 -3.97191 0.172591
vn 0.789115 -0.12271 0.601864
v -0.306589 -3.97273 0.101576
vn 0.841079 -0.0567486 0.537927
v -0.574362 -4.0486 0.315958
vn -0.261274 -0.118411 0.957974
v -0.546298 -4.09671 0.309803
vn 0.107164 -0.20342 0.973209
v -0.574636 -4.10966 0.305631
vn -0.202461 -0.193177 0.960048
v -0.633842 -5.34742 0.444791
vn -0.164472 0.912834 0.373742
v -0.588191 -5.34261 0.443636
vn 0.0212652 0.915064 0.402747
v -0.798818 -5.54169 0.446708
vn -0.145108 -0.983471 -0.108299
v -0.817596 -5.53615 0.456047
vn -0.487629 -0.871093 -0.0584411
v -0.828782 -5.52279 0.43625
vn -0.744815 -0.611081 -0.268013
v -0.811756 -5.44696 0.351832
vn -0.857404 0.483521 -0.176257
v -0.830531 -5.48103 0.397022
vn -0.952568 -0.0236125 -0.30341
v -0.781548 -5.40486 0.356168
vn -0.728182 0.682838 -0.0590199
v -0.707701 -5.35375 0.376392
vn -0.504841 0.83508 0.21858
v -0.775169 -5.40452 0.40372
vn -0.546107 0.825382 0.143215
v -0.657161 -5.33766 0.40442
vn -0.373449 0.875531 0.306565
v -0.809067 -5.51447 0.371668
vn -0.699746 -0.621532 -0.352212
v -0.795314 -5.52746 0.378855
vn -0.397946 -0.877646 -0.267164
v -0.820268 -5.50002 0.377449
vn -0.888934 -0.316185 -0.331397
v -0.74894 -5.53328 0.3726
vn 0.00270211 -0.987405 -0.158193
v -0.708554 -5.51506 0.282005
vn 0.101947 -0.986743 -0.126276
v -0.754281 -5.52155 0.317079
vn -0.128629 -0.965136 -0.227961
v -0.535554 -5.50424 0.408184
vn 0.169895 -0.973475 -0.153241
v -0.466251 -5.4075 0.380597
vn 0.954452 0.29707 0.027772
v -0.46237 -5.45297 0.3703
vn 0.996451 -0.0192354 -0.0819476
v -0.488636 -5.48689 0.378261
vn 0.3543 -0.918356 -0.176334
v -0.558809 -5.29791 0.335939
vn 0.284717 0.869049 0.404586
v -0.471525 -5.46603 0.335943
vn 0.814477 -0.560785 -0.148821
v -0.66869 -5.30379 0.261005
vn -0.647995 0.740514 0.178162
v -0.586087 -5.26419 0.27643
vn -0.0619741 0.886365 0.458821
v -0.615215 -5.27281 0.278762
vn -0.422205 0.8485 0.319048
v -0.521798 -5.30832 0.316226
vn 0.597149 0.732371 0.327179
v -0.801156 -5.45 0.313799
vn -0.930322 0.180573 -0.31921
v -0.724469 -5.35792 0.333249
vn -0.613351 0.785158 0.085605
v -0.7719 -5.46864 0.237132
vn -0.893641 -0.279719 -0.350945
v -0.789775 -5.45802 0.281516
vn -0.940609 0.0867184 -0.328229
v -0.765792 -5.42246 0.241476
vn -0.883365 0.393474 -0.254646
v -0.736461 -5.37313 0.265932
vn -0.748456 0.651971 -0.12144
v -0.749496 -5.39564 0.238518
vn -0.803362 0.571191 -0.168375
v -0.547167 -5.4917 0.30835
vn 0.165399 -0.980672 -0.104526
v -0.491091 -5.33858 0.306305
vn 0.818644 0.537679 0.201802
v -0.466621 -5.44132 0.301513
vn 0.992877 -0.111895 -0.040923
v -0.472304 -5.36506 0.265192
vn 0.937184 0.304014 0.171058
v -0.466638 -5.396 0.263055
vn 0.998209 0.0531258 0.0274881
v -0.483557 -5.46956 0.290753
vn 0.71235 -0.693153 -0.109985
v -0.492234 -5.47438 0.254452
vn 0.402022 -0.91457 -0.044057
v -0.631321 -4.05934 0.277963
vn -0.712089 -0.0838591 0.697063
v -0.600615 -4.1327 0.291106
vn -0.483703 -0.158691 0.860725
v -0.623375 -4.158 0.270668
vn -0.663989 -0.132571 0.735896
v -0.573588 -4.16945 0.291805
vn -0.250443 -0.242218 0.937341
v -0.545417 -4.18238 0.288705
vn 0.0916312 -0.26674 0.959403
v -0.621977 -4.22583 0.2564
vn -0.593838 -0.203365 0.778459
v -0.44317 -4.06774 0.256687
vn 0.750311 -0.23282 0.618731
v -0.474954 -4.10176 0.277832
vn 0.63471 -0.230877 0.737455
v -0.511258 -4.17769 0.279669
vn 0.394815 -0.239027 0.887123
v -0.502356 -4.3219 0.233325
vn 0.531042 -0.19193 0.825323
v -0.591924 -4.36559 0.235219
vn -0.150006 -0.226256 0.962448
v -0.533759 -4.33468 0.243629
vn 0.153484 -0.205274 0.966595
v -0.668309 -4.0402 0.228725
vn -0.88836 -0.0923109 0.449772
v -0.652153 -4.07776 0.250335
vn -0.811259 -0.076641 0.579642
v -0.644203 -4.18579 0.242213
vn -0.83827 -0.121377 0.531574
v -0.441629 -4.17289 0.220808
vn 0.727456 -0.183689 0.66111
v -0.392967 -4.06481 0.193342
vn 0.758454 -0.168141 0.629663
v -0.4645 -4.26703 0.21815
vn 0.67179 -0.197793 0.713846
v -0.653149 -4.35377 0.184108
vn -0.823915 -0.128787 0.551885
v -0.609539 -4.35386 0.230419
vn -0.420394 -0.17825 0.889661
v -0.622811 -4.34337 0.223672
vn -0.696884 -0.144818 0.70241
v -0.567823 -4.35898 0.241005
vn -0.0604873 -0.154506 0.986139
v -0.522711 -4.47363 0.215325
vn 0.385684 -0.162052 0.908288
v -0.669922 -4.36124 0.150337
vn -0.909163 -0.0933478 0.405844
v -0.696166 -4.17889 0.126696
vn -0.941161 -0.0752704 0.329471
v -0.638709 -4.41073 0.193975
vn -0.774791 -0.113156 0.622008
v -0.427059 -4.31857 0.166921
vn 0.743301 -0.147198 0.652562
v -0.46877 -4.3518 0.201784
vn 0.648672 -0.140486 0.74799
v -0.489106 -4.59903 0.173566
vn 0.564893 -0.137978 0.813546
v -0.645211 -4.60364 0.146358
vn -0.856303 -0.10004 0.506693
v -0.617584 -4.6353 0.175336
vn -0.622309 -0.141177 0.769936
v -0.577015 -4.61441 0.197148
vn -0.104643 -0.171399 0.979629
v -0.597613 -4.7445 0.167542
vn -0.431175 -0.130336 0.892805
v -0.543868 -4.7533 0.170445
vn 0.165616 -0.152628 0.974308
v -0.50842 -4.77689 0.15631
vn 0.418765 -0.125541 0.899375
v -0.579334 -4.73318 0.174707
vn -0.0624632 -0.137642 0.98851
v -0.630641 -4.72489 0.146781
vn -0.736108 -0.0831972 0.671731
v -0.448595 -4.56471 0.146295
vn 0.676484 -0.111662 0.727943
v -0.467369 -4.7261 0.140556
vn 0.562372 -0.104087 0.820307
v -0.6229 -4.98069 0.128472
vn -0.552668 -0.0531985 0.831702
v -0.551096 -4.91498 0.151849
vn 0.0860528 -0.102675 0.990986
v -0.583015 -4.95597 0.146905
vn -0.216566 -0.0932295 0.971806
v -0.482944 -4.96049 0.123987
vn 0.527818 -0.0892258 0.844658
v -0.511402 -4.96692 0.138419
vn 0.366254 -0.0403843 0.929638
v -0.349613 -4.10818 0.134045
vn 0.773966 -0.139217 0.617734
v -0.375501 -4.15547 0.152859
vn 0.750212 -0.174875 0.637652
v -0.359615 -4.27761 0.095443
vn 0.77928 -0.164757 0.60463
v -0.689645 -5.31299 0.189903
vn -0.862406 0.496772 0.0973326
v -0.69703 -5.33171 0.258419
vn -0.747805 0.66388 -0.0072224
v -0.55846 -5.25952 0.267694
vn 0.214093 0.783828 0.582905
v -0.527337 -5.27459 0.266839
vn 0.540004 0.675999 0.50142
v -0.501041 -5.30186 0.264326
vn 0.648335 0.630468 0.426816
v -0.580206 -5.219 0.222188
vn -0.150121 0.659641 0.736435
v -0.605978 -5.24723 0.244771
vn -0.435924 0.735924 0.51806
v -0.62437 -5.24019 0.219621
vn -0.479477 0.649598 0.59002
v -0.650405 -5.26854 0.219682
vn -0.705336 0.614979 0.352565
v -0.52962 -5.20818 0.196864
vn 0.435497 0.535629 0.723494
v -0.500854 -5.26403 0.218988
vn 0.79297 0.459048 0.40059
v -0.766281 -5.48708 0.24214
vn -0.758399 -0.586 -0.285368
v -0.749012 -5.50381 0.250666
vn -0.372604 -0.891579 -0.257398
v -0.679653 -5.50984 0.250307
vn 0.134278 -0.990943 -0.000931518
v -0.719229 -5.36099 0.20761
vn -0.801022 0.595985 -0.0562603
v -0.528764 -5.48682 0.231447
vn 0.171315 -0.983518 0.057823
v -0.650766 -5.50943 0.188345
vn 0.0947654 -0.988236 0.120036
v -0.458899 -5.38524 0.207023
vn 0.976266 -0.0249705 0.21513
v -0.476124 -5.31179 0.209655
vn 0.914919 0.277723 0.292904
v -0.466689 -5.44144 0.233994
vn 0.950622 -0.295125 0.0960137
v -0.506546 -5.48428 0.210346
vn 0.379646 -0.907258 0.180978
v -0.67527 -5.27922 0.16243
vn -0.8489 0.500269 0.170587
v -0.573789 -5.12786 0.173482
vn 0.0348268 0.365622 0.930112
v -0.624798 -5.21038 0.188901
vn -0.655903 0.46064 0.597999
v -0.592925 -5.15598 0.180654
vn -0.422715 0.37248 0.826178
v -0.570374 -5.19321 0.202522
vn 0.29942 0.414791 0.859242
v -0.537156 -5.14675 0.17231
vn 0.359511 0.288505 0.887421
v -0.491337 -5.23681 0.184409
vn 0.70218 0.332798 0.629435
v -0.471402 -5.27601 0.172659
vn 0.892964 0.137031 0.428762
v -0.557657 -5.08236 0.15983
vn 0.0225533 0.191482 0.981237
v -0.588533 -5.01563 0.145213
vn -0.221477 0.0821142 0.971702
v -0.59145 -5.0675 0.151226
vn -0.344069 0.213335 0.914388
v -0.618749 -5.06763 0.136823
vn -0.666565 0.116982 0.73621
v -0.546467 -4.99626 0.147988
vn 0.0747797 0.0389332 0.99644
v -0.619589 -5.14259 0.159236
vn -0.630323 0.279739 0.724181
v -0.52869 -5.05334 0.148398
vn 0.334068 0.120154 0.934859
v -0.647162 -5.21369 0.157902
vn -0.829642 0.245449 0.501448
v -0.664281 -5.25113 0.15051
vn -0.904534 0.3273 0.273299
v -0.654889 -5.17365 0.122602
vn -0.895673 0.151627 0.418065
v -0.491595 -5.09601 0.135399
vn 0.538592 0.120571 0.833895
v -0.481883 -5.16578 0.148839
vn 0.560234 0.271896 0.782438
v -0.468238 -5.22305 0.153723
vn 0.725263 0.177856 0.665102
v -0.451723 -5.23732 0.134434
vn 0.843977 0.0359163 0.535176
v -0.450901 -5.32113 0.136962
vn 0.89707 0.156264 0.413336
v -0.736752 -5.39147 0.180357
vn -0.888082 0.439206 -0.135679
v -0.751486 -5.42451 0.187397
vn -0.945784 0.217493 -0.241224
v -0.753794 -5.46682 0.176102
vn -0.96265 -0.0176996 -0.270171
v -0.695944 -5.50878 0.180096
vn -0.128225 -0.991629 0.0151531
v -0.732475 -5.49939 0.176038
vn -0.383311 -0.919648 -0.0855581
v -0.742423 -5.48547 0.145048
vn -0.92734 -0.303939 -0.218314
v -0.71236 -5.3514 0.125275
vn -0.90447 0.426175 -0.0175448
v -0.726412 -5.44502 0.0639571
vn -0.978306 0.056655 -0.199268
v -0.725977 -5.49464 0.0964038
vn -0.701497 -0.69827 -0.142552
v -0.444898 -5.39065 0.158478
vn 0.939106 0.128721 0.318608
v -0.44829 -5.44023 0.160566
vn 0.917471 -0.195524 0.346435
v -0.472748 -5.46727 0.189501
vn 0.717809 -0.633216 0.28946
v -0.52845 -5.49621 0.17935
vn 0.174188 -0.956877 0.232476
v -0.597382 -5.51255 0.141082
vn 0.0870231 -0.97917 0.183448
v -0.601667 -5.52002 0.10132
vn 0.0246996 -0.99227 0.121613
v -0.412981 -5.42143 0.0816082
vn 0.937916 0.01906 0.346339
v -0.429967 -5.48974 0.078795
vn 0.737874 -0.551138 0.389602
v -0.484451 -5.49165 0.152111
vn 0.410636 -0.854551 0.317994
v 0.312208 -2.50759 0.52685
vn -0.249943 0.0156011 0.968135
v 0.297074 -2.40848 0.516475
vn -0.366991 0.0978832 0.92506
v 0.313582 -2.59354 0.52615
vn -0.216125 -0.0290177 0.975934
v 0.131935 -2.1648 0.479041
vn 0.563723 -0.654555 0.50376
v 0.26047 -2.36817 0.493633
vn -0.498932 0.110432 0.859576
v 0.273196 -2.47095 0.510426
vn -0.460354 0.0550334 0.886028
v 0.225495 -2.41726 0.476739
vn -0.568075 0.0827882 0.818802
v 0.234902 -2.49963 0.488997
vn -0.580929 0.0274174 0.813493
v 0.272879 -2.55639 0.5125
vn -0.437672 -0.017133 0.898972
v 0.238001 -2.5889 0.49173
vn -0.554818 -0.0225688 0.831665
v 0.404715 -2.32764 0.520285
vn 0.181463 0.0784283 0.980265
v 0.328924 -2.31171 0.51615
vn -0.259235 0.115697 0.958859
v 0.361898 -2.37371 0.527149
vn -0.0258387 0.0796142 0.996491
v 0.397841 -2.43041 0.52742
vn 0.155934 0.0274068 0.987387
v 0.437126 -2.42234 0.516725
vn 0.32745 0.0338092 0.944263
v 0.335587 -2.43989 0.529396
vn -0.154027 0.0542433 0.986577
v 0.36355 -2.54075 0.532446
vn 0.0308874 -0.0105635 0.999467
v 0.41932 -2.52343 0.522741
vn 0.307245 -0.0182587 0.951455
v 0.395957 -2.62084 0.525248
vn 0.19308 -0.0446305 0.980167
v 0.408261 -2.24449 0.510238
vn 0.205539 0.141809 0.96832
v 0.437476 -2.29761 0.507912
vn 0.361282 0.0948631 0.927619
v 0.483364 -2.26358 0.482074
vn 0.501043 0.135265 0.854786
v 0.474926 -2.37989 0.499019
vn 0.421999 0.0672366 0.904099
v 0.50914 -2.33646 0.477081
vn 0.514395 0.10219 0.851443
v 0.517887 -2.42376 0.47974
vn 0.537316 0.0472195 0.842058
v 0.486269 -2.48551 0.497705
vn 0.394372 -0.00670722 0.918926
v 0.52654 -2.54886 0.476594
vn 0.515195 -0.00297362 0.857068
v 0.490886 -2.73649 0.488998
vn 0.38173 -0.0338672 0.923653
v 0.510768 -2.63456 0.483721
vn 0.436543 -0.0234969 0.899376
v 0.28986 -2.69077 0.515259
vn -0.355115 -0.0421021 0.933874
v 0.249105 -2.74454 0.491826
vn -0.548966 -0.0442286 0.834674
v 0.270529 -2.81539 0.499777
vn -0.443027 -0.0582436 0.894615
v 0.305099 -2.7899 0.514224
vn -0.249385 -0.0661625 0.966142
v 0.285346 -2.91093 0.498382
vn -0.412062 -0.100346 0.905613
v 0.237886 -2.86102 0.476032
vn -0.611101 -0.0764441 0.787853
v 0.317692 -2.97541 0.500296
vn -0.211454 -0.104284 0.971809
v 0.248914 -2.99492 0.465996
vn -0.56696 -0.122279 0.814619
v 0.275953 -3.03758 0.476195
vn -0.480484 -0.146506 0.86468
v 0.297484 -3.02118 0.488557
vn -0.344603 -0.140764 0.928135
v 0.337709 -2.67017 0.526807
vn -0.103143 -0.0474972 0.993532
v 0.393068 -2.79658 0.516247
vn 0.175038 -0.0653647 0.982389
v 0.361251 -2.73899 0.5236
vn 0.0411974 -0.064463 0.997069
v 0.325849 -2.8261 0.515833
vn -0.104817 -0.0780041 0.991428
v 0.37719 -2.88727 0.510865
vn 0.12212 -0.0805245 0.989243
v 0.436812 -2.66646 0.512509
vn 0.303939 -0.0430534 0.951718
v 0.422601 -2.81663 0.507503
vn 0.261536 -0.0701747 0.962639
v 0.345692 -2.97894 0.503789
vn -0.049637 -0.0971508 0.994031
v 0.459514 -2.77876 0.498507
vn 0.332032 -0.0677696 0.940831
v 0.50642 -2.84347 0.475815
vn 0.386946 -0.0684697 0.919557
v 0.416298 -3.1002 0.487157
vn 0.240035 -0.0847647 0.967056
v 0.382072 -3.09344 0.493339
vn 0.0908394 -0.10626 0.99018
v 0.335351 -3.12471 0.485292
vn -0.216694 -0.146241 0.965224
v 0.45767 -3.0336 0.47877
vn 0.354672 -0.0832107 0.931281
v 0.301359 -3.157 0.466392
vn -0.450561 -0.196862 0.87077
v 0.440151 -3.20439 0.46797
vn 0.27593 -0.122573 0.95333
v 0.376749 -3.16494 0.484219
vn -0.0238713 -0.15173 0.988134
v 0.33581 -3.21257 0.468072
vn -0.258067 -0.213616 0.942215
v 0.382466 -3.24904 0.467338
vn -0.043303 -0.269132 0.962129
v 1.69086 -2.35423 0.470136
vn 0.199327 0.144762 0.969181
v 1.6926 -2.41495 0.478845
vn 0.248519 0.0605884 0.96673
v 1.67261 -2.38688 0.474706
vn -0.400101 0.133932 0.906632
v 1.6695 -2.44056 0.475644
vn -0.375518 0.00586932 0.926796
v 1.68317 -2.47851 0.476456
vn 0.0134661 -0.130359 0.991375
v 0.537524 -5.49356 0.795564
vn -0.1799 0.639552 0.747402
v 0.528524 -5.46077 0.754419
vn -0.249013 0.845472 0.472408
v 0.503175 -5.51832 0.772254
vn -0.761471 -0.44007 0.475921
v 0.513358 -5.50647 0.788701
vn -0.643445 0.0404247 0.764424
v 0.558947 -5.50882 0.807867
vn -0.121566 0.31779 0.940336
v 0.518845 -5.48311 0.776727
vn -0.56855 0.591782 0.571441
v 0.556973 -5.52769 0.80536
vn -0.329094 -0.544484 0.771514
v 0.516988 -5.53206 0.771276
vn -0.510771 -0.736817 0.442961
v 0.54775 -5.54093 0.779577
vn -0.138931 -0.937504 0.319038
v 0.531993 -5.54787 0.743892
vn -0.230322 -0.950286 0.209544
v 0.494803 -5.53917 0.7164
vn -0.506421 -0.844173 0.17581
v 0.479196 -5.52127 0.720353
vn -0.813015 -0.499664 0.298903
v 0.486342 -5.50367 0.748491
vn -0.894943 0.0457344 0.44383
v 0.488797 -5.48622 0.73818
vn -0.796213 0.479759 0.368615
v 0.50859 -5.46304 0.738408
vn -0.603046 0.689215 0.401644
v 0.566591 -5.4508 0.750967
vn -0.0919978 0.888875 0.448819
v 0.517216 -5.54904 0.708832
vn -0.0933095 -0.995579 0.0107687
v 0.497182 -5.54417 0.641732
vn -0.420099 -0.906434 -0.0435146
v 0.474659 -5.53075 0.668393
vn -0.703909 -0.710079 0.0173364
v 0.528341 -5.54957 0.685184
vn 0.0234957 -0.996543 -0.0796849
v 0.46791 -5.51515 0.67667
vn -0.970459 -0.221438 0.0957856
v 0.469995 -5.5013 0.702583
vn -0.959065 0.154242 0.237494
v 0.53853 -5.42928 0.687112
vn -0.333479 0.894616 0.297412
v 0.569677 -5.42348 0.68794
vn -0.16359 0.92969 0.330022
v 0.510603 -5.44494 0.699042
vn -0.511725 0.81422 0.274196
v 0.488959 -5.46353 0.699036
vn -0.767804 0.592342 0.244146
v 0.467413 -5.48347 0.654808
vn -0.934012 0.30892 0.179417
v 0.484121 -5.44592 0.626028
vn -0.702923 0.67465 0.225269
v 0.502905 -5.42377 0.608669
vn -0.534783 0.804925 0.257105
v 0.575313 -5.4664 0.774792
vn -0.0228009 0.785408 0.618559
v 0.598432 -5.48583 0.792955
vn 0.0489386 0.648337 0.759779
v 0.62301 -5.50773 0.806278
vn 0.153244 0.278894 0.948016
v 0.595303 -5.5219 0.810324
vn 0.0327278 -0.223972 0.974046
v 0.645528 -5.53794 0.782368
vn 0.179934 -0.898755 0.399829
v 0.603025 -5.5463 0.767697
vn 0.0614022 -0.978662 0.19609
v 0.628074 -5.52903 0.802321
vn 0.217261 -0.5506 0.806001
v 0.667383 -5.52225 0.790518
vn 0.42819 -0.301059 0.852066
v 0.659832 -5.47647 0.776166
vn 0.207369 0.681656 0.701672
v 0.659017 -5.50053 0.79429
vn 0.290024 0.408009 0.865687
v 0.586073 -5.53633 0.799521
vn 0.0112227 -0.88105 0.472889
v 0.642724 -5.46139 0.760548
vn 0.104574 0.818723 0.564586
v 0.71769 -5.5307 0.754209
vn 0.392155 -0.713768 0.580302
v 0.746911 -5.51601 0.745137
vn 0.567529 -0.355675 0.742567
v 0.734193 -5.49061 0.756498
vn 0.481674 0.299522 0.823576
v 0.575486 -5.55017 0.743744
vn 0.00701381 -0.999048 0.0430641
v 0.707728 -5.546 0.708052
vn 0.0673988 -0.99583 0.0614894
v 0.726084 -5.5397 0.732341
vn 0.203852 -0.947463 0.246493
v 0.654568 -5.43781 0.718906
vn 0.12351 0.884587 0.449724
v 0.609352 -5.43851 0.725966
vn 0.0517738 0.892579 0.447909
v 0.768939 -5.48758 0.723122
vn 0.682017 0.435525 0.587512
v 0.756089 -5.50271 0.741522
vn 0.718446 -0.0351338 0.694695
v 0.730171 -5.47241 0.746214
vn 0.363157 0.64469 0.672675
v 0.758332 -5.45937 0.706602
vn 0.604934 0.655885 0.451519
v 0.732083 -5.45382 0.722383
vn 0.197027 0.838825 0.507497
v 0.583872 -5.53947 0.650133
vn 0.028887 -0.993015 -0.114398
v 0.629963 -5.54689 0.702196
vn 0.00686325 -0.996978 -0.0773819
v 0.739849 -5.54544 0.650619
vn -0.0098603 -0.997934 -0.0634886
v 0.592707 -5.42341 0.694151
vn 0.0225285 0.932525 0.360402
v 0.778931 -5.54148 0.651701
vn 0.204501 -0.973148 0.10565
v 0.784546 -5.53355 0.682049
vn 0.437781 -0.861285 0.257946
v 0.770589 -5.52728 0.710441
vn 0.532986 -0.679049 0.504795
v 0.806829 -5.48733 0.670245
vn 0.759599 0.497971 0.418371
v 0.810827 -5.50446 0.677939
vn 0.85851 0.163121 0.48616
v 0.806588 -5.51448 0.680642
vn 0.731585 -0.462219 0.501135
v 0.744392 -5.43943 0.686489
vn 0.478734 0.813477 0.330257
v 0.724882 -5.42949 0.680564
vn 0.207619 0.907946 0.364044
v 0.692694 -5.41754 0.660563
vn 0.0910196 0.922173 0.375916
v 0.616616 -5.53711 0.633262
vn 0.0103211 -0.999947 -1.89081e-05
v 0.703183 -5.40956 0.632028
vn 0.233321 0.94769 0.217818
v 0.809271 -5.47373 0.64409
vn 0.688686 0.659528 0.301222
v 0.779371 -5.4484 0.642408
vn 0.558964 0.788572 0.256346
v 0.738152 -5.42438 0.646942
vn 0.410775 0.89324 0.182718
v 0.830925 -5.52501 0.617994
vn 0.575435 -0.784711 0.230441
v 0.529815 -5.54608 0.61745
vn 0.0445556 -0.998424 -0.0341158
v 0.51119 -5.54179 0.592047
vn -0.117325 -0.974474 -0.191403
v 0.460838 -5.45782 0.570243
vn -0.88248 0.431308 0.187625
v 0.458342 -5.50548 0.535215
vn -0.73102 -0.678769 -0.0698737
v 0.450731 -5.49163 0.543007
vn -0.991004 -0.101798 0.0868793
v 0.614244 -5.53797 0.538082
vn -0.0946382 -0.981347 -0.167337
v 0.486619 -5.53247 0.580951
vn -0.356808 -0.914166 -0.192322
v 0.510827 -5.36144 0.438109
vn -0.520087 0.807862 0.277251
v 0.555395 -5.35162 0.45933
vn -0.204593 0.926197 0.316703
v 0.516661 -5.51355 0.474681
vn -0.144176 -0.966052 -0.214373
v 0.463592 -5.42954 0.517459
vn -0.739856 0.638692 0.21139
v 0.449639 -5.4672 0.521476
vn -0.974441 0.200411 0.101486
v 0.483468 -5.37985 0.413877
vn -0.745475 0.64255 0.177193
v 0.460485 -5.42438 0.478217
vn -0.907781 0.413767 0.0687793
v 0.451383 -5.45197 0.466844
vn -0.98734 0.147659 -0.0579328
v 0.449956 -5.48083 0.484246
vn -0.954508 -0.273025 -0.119883
v 0.463706 -5.49137 0.452184
vn -0.574887 -0.795077 -0.19328
v 0.693781 -5.53978 0.602967
vn -0.0108996 -0.99958 0.026839
v 0.60721 -5.54227 0.581902
vn 0.00391728 -0.999771 0.0210401
v 0.645029 -5.39271 0.602466
vn 0.093024 0.952967 0.288444
v 0.595949 -5.3873 0.590702
vn -0.0442338 0.953795 0.297184
v 0.76806 -5.5405 0.5605
vn 0.0502381 -0.998728 0.00433153
v 0.795928 -5.54087 0.595265
vn 0.11609 -0.992854 -0.0276585
v 0.767891 -5.43099 0.597019
vn 0.44472 0.881126 0.160752
v 0.711834 -5.40297 0.572234
vn 0.364732 0.919467 0.146804
v 0.61049 -5.36003 0.491393
vn 0.0622732 0.958197 0.279252
v 0.732202 -5.54553 0.524133
vn -0.0317233 -0.999481 -0.00558665
v 0.758099 -5.41661 0.536224
vn 0.477918 0.866987 0.141167
v 0.792186 -5.43928 0.574367
vn 0.550557 0.829279 0.0958322
v 0.817842 -5.53515 0.588167
vn 0.366689 -0.92905 0.0490462
v 0.845907 -5.51511 0.595191
vn 0.914383 -0.247713 0.32022
v 0.853356 -5.49737 0.570739
vn 0.853902 0.447108 0.266357
v 0.805386 -5.45574 0.603149
vn 0.639365 0.745677 0.187559
v 0.844479 -5.52183 0.563678
vn 0.545877 -0.837128 -0.0351353
v 0.848866 -5.47901 0.536421
vn 0.692155 0.709586 0.131948
v 0.85591 -5.50808 0.551008
vn 0.926939 -0.375209 0.00139375
v 0.813488 -5.45304 0.525886
vn 0.578198 0.809538 0.101663
v 0.656715 -5.37193 0.506102
vn 0.273167 0.931917 0.238561
v 0.770106 -5.54587 0.494754
vn 0.131202 -0.990587 0.0390233
v 0.804711 -5.53424 0.518239
vn 0.307527 -0.951526 0.00494819
v 0.707084 -5.38796 0.493477
vn 0.353635 0.919222 0.173128
v 0.671427 -5.53655 0.484194
vn -0.146776 -0.980158 -0.133221
v 0.746503 -5.54475 0.46205
vn -0.0988028 -0.989384 -0.10657
v 0.824404 -5.45043 0.474467
vn 0.590253 0.798086 0.121075
v 0.723354 -5.38455 0.4509
vn 0.434966 0.871076 0.228103
v 0.856596 -5.49147 0.497524
vn 0.965578 0.227069 -0.126877
v 0.839524 -5.51816 0.465058
vn 0.575158 -0.817516 -0.0293444
v 0.85035 -5.50335 0.478136
vn 0.901978 -0.380877 -0.203391
v 0.84529 -5.47103 0.488238
vn 0.803774 0.591752 -0.0614578
v 0.168529 -2.1574 0.446508
vn 0.453555 -0.679001 0.577274
v 0.123654 -2.18808 0.454544
vn 0.531531 -0.781465 0.326785
v 0.218598 -2.1871 0.445341
vn -0.518505 -0.00376558 0.855066
v 0.214687 -2.22759 0.445117
vn -0.542364 0.0957223 0.834672
v 0.188803 -2.35488 0.442491
vn -0.638691 0.0859577 0.764647
v 0.184187 -2.43882 0.445567
vn -0.673959 0.0416174 0.737596
v 0.168509 -2.49923 0.432307
vn -0.732768 0.000773019 0.680478
v 0.193026 -2.63777 0.45237
vn -0.73857 -0.0503732 0.672292
v 0.204105 -2.58743 0.465777
vn -0.64666 -0.0284618 0.762248
v 0.172295 -2.23763 0.413721
vn -0.631109 0.0541486 0.773802
v 0.142059 -2.29176 0.390722
vn -0.730649 0.0568443 0.680382
v 0.129612 -2.36032 0.383576
vn -0.784329 0.0230369 0.619918
v 0.137119 -2.22857 0.383946
vn -0.62746 -0.173666 0.759035
v 0.178469 -2.17043 0.431322
vn 0.0485636 -0.598468 0.799673
v 0.133257 -2.20549 0.401463
vn 0.241378 -0.799885 0.549473
v 0.10545 -2.21575 0.394275
vn 0.278951 -0.947049 0.159011
v 0.166958 -2.59784 0.427871
vn -0.784188 -0.0399557 0.619235
v 0.532493 -2.3333 0.459888
vn 0.650122 0.100615 0.753138
v 0.556178 -2.41586 0.447886
vn 0.690805 0.0680738 0.71983
v 0.542533 -2.50136 0.465149
vn 0.615541 0.024289 0.787731
v 0.199232 -2.85153 0.44225
vn -0.717414 -0.0779687 0.692271
v 0.222806 -2.99188 0.444002
vn -0.688405 -0.128781 0.713802
v 0.178456 -2.86929 0.412942
vn -0.80681 -0.081197 0.585205
v 0.203923 -3.01619 0.417302
vn -0.785832 -0.147605 0.600567
v 0.185445 -3.01595 0.389466
vn -0.879498 -0.143512 0.453749
v 0.544252 -2.7493 0.462669
vn 0.480467 -0.0347517 0.876324
v 0.532204 -2.87463 0.461473
vn 0.461851 -0.0941553 0.881946
v 0.543687 -3.07813 0.430056
vn 0.547861 -0.10993 0.829315
v 0.475908 -3.17443 0.456885
vn 0.447896 -0.116069 0.88652
v 0.0999877 -2.28148 0.33232
vn -0.861339 -0.000636523 0.50803
v 0.117928 -2.44182 0.366714
vn -0.851271 -0.0123714 0.524581
v 0.0973412 -2.24918 0.33663
vn -0.729891 -0.381558 0.567162
v 0.0938714 -2.2325 0.350908
vn -0.629023 -0.636304 0.446595
v 0.079698 -2.23346 0.334173
vn -0.603421 -0.723023 0.336335
v 0.130793 -2.55793 0.381785
vn -0.84631 -0.0636699 0.528871
v 0.110986 -2.59883 0.338804
vn -0.901871 -0.0862284 0.423313
v 0.0929921 -2.40203 0.316069
vn -0.925358 -0.0160747 0.378753
v 0.0684384 -2.26784 0.267923
vn -0.946522 -0.206829 0.247626
v 0.105085 -2.49982 0.341317
vn -0.916801 -0.0378987 0.397541
v 0.0911863 -2.58211 0.291668
vn -0.947305 -0.0765896 0.311042
v 0.163759 -2.86761 0.388656
vn -0.877445 -0.0946951 0.470238
v 0.153472 -2.88099 0.362676
vn -0.914697 -0.117842 0.386577
v 0.165885 -3.02216 0.343252
vn -0.946799 -0.151414 0.283982
v 0.123996 -2.78142 0.319346
vn -0.936562 -0.118283 0.32994
v 0.124869 -2.8274 0.298756
vn -0.972283 -0.158396 0.17198
v 0.57555 -2.60453 0.440716
vn 0.669862 0.0274979 0.741976
v 0.572206 -2.72917 0.445143
vn 0.607306 -0.0161543 0.794304
v 0.583271 -2.42625 0.41977
vn 0.76438 0.0967168 0.637471
v 0.576213 -2.28738 0.403268
vn 0.793753 0.135206 0.593022
v 0.602384 -2.44417 0.398058
vn 0.816531 0.0738238 0.572561
v 0.591116 -2.55277 0.422745
vn 0.746815 0.0470579 0.663365
v 0.623277 -2.6083 0.386402
vn 0.830977 0.0491995 0.554128
v 0.560967 -2.84842 0.44708
vn 0.569145 -0.0720252 0.819077
v 0.585352 -2.8999 0.424047
vn 0.634192 -0.101537 0.766479
v 0.618934 -2.70132 0.399162
vn 0.787496 0.0276398 0.6157
v 0.596945 -2.71791 0.423299
vn 0.702227 0.000731128 0.711953
v 0.620187 -2.77298 0.397764
vn 0.780955 -0.0337289 0.623676
v 0.606552 -2.85721 0.407887
vn 0.716847 -0.0636115 0.694322
v 0.608454 -3.12845 0.369239
vn 0.753228 -0.100327 0.650064
v 0.60701 -2.38073 0.378873
vn 0.840837 0.113311 0.529296
v 0.625747 -2.40894 0.352132
vn 0.89294 0.0984634 0.439276
v 0.597033 -2.2721 0.368047
vn 0.845266 0.148105 0.51341
v 0.631517 -2.51808 0.361527
vn 0.879007 0.0750176 0.470871
v 0.633036 -2.27739 0.298319
vn 0.920472 0.13803 0.365621
v 0.641453 -2.39342 0.31421
vn 0.921417 0.10306 0.374659
v 0.653577 -2.52441 0.313757
vn 0.929624 0.0753561 0.360722
v 0.647253 -2.66274 0.350997
vn 0.896308 0.0482795 0.440796
v 0.653432 -2.73917 0.342887
vn 0.911946 0.0112105 0.410156
v 0.638609 -2.78225 0.3708
vn 0.854388 -0.0060533 0.5196
v 0.632292 -2.92973 0.367567
vn 0.822914 -0.077474 0.562859
v 0.666005 -2.66196 0.303259
vn 0.95621 0.0468298 0.288911
v 0.664254 -2.76173 0.316823
vn 0.942564 -0.001828 0.334021
v 0.652822 -2.85011 0.339853
vn 0.917725 -0.0529622 0.393669
v 0.642851 -3.08458 0.326017
vn 0.884564 -0.0761726 0.460156
v 0.235223 -3.11784 0.428031
vn -0.714606 -0.189203 0.673454
v 0.256872 -3.10042 0.451607
vn -0.589374 -0.178986 0.787783
v 0.267977 -3.19765 0.43338
vn -0.60673 -0.240295 0.757718
v 0.273792 -3.25799 0.4163
vn -0.657992 -0.279733 0.69914
v 0.31897 -3.26931 0.444908
vn -0.475134 -0.289912 0.830782
v 0.224674 -3.17378 0.396626
vn -0.767286 -0.233708 0.597204
v 0.199321 -3.11677 0.379838
vn -0.854876 -0.190804 0.482475
v 0.252375 -3.28015 0.382372
vn -0.75613 -0.306987 0.57795
v 0.288159 -3.31635 0.404379
vn -0.612241 -0.330359 0.718348
v 0.296652 -3.36616 0.385301
vn -0.660174 -0.395155 0.638767
v 0.318662 -3.36401 0.404162
vn -0.511154 -0.388893 0.766475
v 0.411537 -3.22991 0.47026
vn 0.152732 -0.19088 0.969659
v 0.418591 -3.28756 0.454981
vn 0.153919 -0.264395 0.952053
v 0.354516 -3.2685 0.458456
vn -0.256743 -0.301177 0.918354
v 0.520766 -3.2207 0.424588
vn 0.509701 -0.124489 0.851298
v 0.452816 -3.24999 0.454822
vn 0.368805 -0.189065 0.910076
v 0.514575 -3.33323 0.407877
vn 0.461244 -0.147485 0.87493
v 0.371389 -3.34615 0.435195
vn -0.129816 -0.34646 0.929039
v 0.433453 -3.41616 0.413504
vn 0.00335337 -0.301341 0.953511
v 0.476081 -3.38726 0.415319
vn 0.260168 -0.203951 0.943778
v 0.561125 -3.36128 0.374397
vn 0.574912 -0.0925381 0.812966
v 0.397685 -3.4432 0.39847
vn -0.268657 -0.367466 0.890389
v 0.343772 -3.36404 0.41864
vn -0.360957 -0.394619 0.844977
v 0.405239 -3.49951 0.383426
vn -0.450466 -0.155297 0.879183
v 0.505779 -3.41863 0.403681
vn 0.287705 -0.00768447 0.957688
v 0.555906 -3.41609 0.378555
vn 0.607886 0.108734 0.786544
v 0.530429 -3.44746 0.395973
vn 0.387864 0.107198 0.915462
v 0.456204 -3.45727 0.405716
vn -0.0950768 -0.0748321 0.992653
v 0.443084 -3.52219 0.399049
vn -0.381046 -0.0269161 0.924164
v 0.480877 -3.55236 0.410927
vn -0.154162 0.00464578 0.988035
v 0.514275 -3.57149 0.412255
vn 0.132124 0.0466764 0.990134
v 0.549313 -3.54775 0.400713
vn 0.38447 0.0781716 0.919822
v 0.543392 -3.59657 0.40462
vn 0.324428 -0.0521016 0.944475
v 0.469272 -3.6699 0.39325
vn -0.421938 -0.305004 0.85378
v 0.490745 -3.66891 0.398809
vn -0.0596608 -0.282557 0.957394
v 0.538331 -3.63956 0.400483
vn 0.252911 -0.22969 0.939829
v 0.498663 -3.61849 0.410393
vn 0.0200601 -0.127531 0.991632
v 0.471689 -3.58832 0.409858
vn -0.253818 -0.0326155 0.966702
v 0.422812 -3.59109 0.386627
vn -0.481639 -0.0874458 0.871996
v 0.461995 -3.62078 0.403661
vn -0.37765 -0.141801 0.915026
v 0.183617 -3.1238 0.340384
vn -0.92099 -0.196453 0.336427
v 0.213752 -3.21221 0.359632
vn -0.851213 -0.25834 0.456834
v 0.246567 -3.32578 0.347026
vn -0.795901 -0.340022 0.500926
v 0.287193 -3.44481 0.321545
vn -0.77362 -0.344787 0.531633
v 0.209916 -3.24928 0.327622
vn -0.88675 -0.279163 0.368431
v 0.200377 -3.25195 0.297072
vn -0.940873 -0.233864 0.245083
v 0.248413 -3.39373 0.297226
vn -0.854537 -0.317445 0.411091
v 0.288959 -3.50855 0.290178
vn -0.722444 -0.303937 0.621045
v 0.350773 -3.4716 0.362997
vn -0.509578 -0.406662 0.758259
v 0.359558 -3.5122 0.35215
vn -0.599591 -0.182364 0.779252
v 0.40654 -3.61274 0.371318
vn -0.616143 -0.151995 0.77283
v 0.425282 -3.64449 0.377077
vn -0.546554 -0.266791 0.793789
v 0.385071 -3.73779 0.312277
vn -0.643424 -0.258156 0.720667
v 0.435495 -3.73097 0.349532
vn -0.515307 -0.260727 0.816383
v 0.464743 -3.75268 0.359009
vn -0.389405 -0.225062 0.893146
v 0.501522 -3.77284 0.365762
vn -0.131138 -0.218833 0.96691
v 0.536584 -3.76266 0.367869
vn 0.186205 -0.250444 0.950055
v 0.526847 -3.85079 0.35019
vn 0.226855 -0.171593 0.958693
v 0.314916 -3.53302 0.310076
vn -0.653049 -0.160623 0.740086
v 0.353402 -3.66347 0.313815
vn -0.635848 -0.216497 0.740828
v 0.414136 -3.81433 0.318559
vn -0.590586 -0.175168 0.787734
v 0.412101 -3.875 0.29877
vn -0.769267 -0.240941 0.591756
v 0.444351 -3.83466 0.335913
vn -0.479095 -0.183983 0.858265
v 0.471225 -3.86835 0.341173
vn -0.296714 -0.200661 0.933647
v 0.526789 -4.0006 0.325372
vn -0.121659 -0.18798 0.974609
v 0.535544 -3.93869 0.335219
vn 0.138831 -0.134105 0.981194
v 0.436174 -3.88862 0.317203
vn -0.62902 -0.242423 0.738624
v 0.471736 -4.00249 0.305464
vn -0.459361 -0.233955 0.856885
v 0.50694 -4.03493 0.313307
vn -0.320576 -0.222005 0.920839
v 0.561754 -3.24924 0.392586
vn 0.598731 -0.1203 0.791864
v 0.584411 -3.18381 0.384292
vn 0.663638 -0.113671 0.739367
v 0.580463 -3.59166 0.385094
vn 0.624671 -0.00673264 0.780859
v 0.565305 -3.6328 0.39106
vn 0.451693 -0.180207 0.873784
v 0.591333 -3.36887 0.346579
vn 0.711726 -0.102279 0.694972
v 0.604689 -3.42524 0.332812
vn 0.749596 0.0898861 0.655764
v 0.574316 -3.52773 0.38466
vn 0.525763 0.113153 0.843071
v 0.6208 -3.37605 0.310374
vn 0.813777 -0.0893733 0.574264
v 0.642156 -3.38879 0.274855
vn 0.888225 -0.0521568 0.456438
v 0.630039 -3.45683 0.30298
vn 0.852113 0.0993328 0.513845
v 0.612475 -3.53761 0.349122
vn 0.793191 0.0867305 0.602765
v 0.596289 -3.55647 0.370425
vn 0.692324 0.135803 0.708693
v 0.601799 -3.63855 0.361913
vn 0.790853 -0.117251 0.60067
v 0.619821 -3.61858 0.34404
vn 0.797607 -0.0628927 0.59989
v 0.585812 -3.64824 0.374347
vn 0.624728 -0.184168 0.758813
v 0.570657 -3.76925 0.351992
vn 0.433001 -0.221202 0.873831
v 0.631803 -3.56857 0.324723
vn 0.859858 0.0650488 0.506371
v 0.640222 -3.62278 0.308687
vn 0.912221 -0.0935837 0.398867
v 0.624326 -3.71574 0.306189
vn 0.865193 -0.145748 0.47979
v 0.592678 -3.80191 0.328448
vn 0.620597 -0.165816 0.766397
v 0.600483 -3.88802 0.309794
vn 0.584283 -0.0524707 0.809852
v 0.563932 -3.86145 0.335039
vn 0.451087 -0.142777 0.880985
v 0.564982 -3.93338 0.327511
vn 0.394244 -0.0708948 0.916267
v 0.599978 -4.02338 0.306221
vn 0.503007 -0.0682601 0.861583
v 0.622101 -3.8024 0.298897
vn 0.743705 -0.0822802 0.663425
v 0.62885 -3.7545 0.291676
vn 0.862543 0.00204965 0.50598
v 0.080753 -2.31411 0.286252
vn -0.967343 -0.0514052 0.248204
v 0.0856258 -2.50272 0.286762
vn -0.974034 -0.0289197 0.224548
v 0.0725579 -2.41251 0.223553
vn -0.989775 -0.0349168 0.138298
v 0.0792073 -2.5396 0.246552
vn -0.991582 -0.0434777 0.121961
v 0.0848374 -2.60702 0.253949
vn -0.981958 -0.0975263 0.16201
v 0.0977607 -2.68003 0.275218
vn -0.965565 -0.12927 0.225774
v 0.14482 -2.97294 0.264754
vn -0.977729 -0.185031 0.0990445
v 0.0921434 -2.69979 0.226764
vn -0.984392 -0.135075 0.112811
v 0.106281 -2.79125 0.231402
vn -0.980478 -0.171424 0.0963142
v 0.124461 -2.88619 0.208721
vn -0.977234 -0.211545 0.0162328
v 0.143868 -2.97232 0.221562
vn -0.973498 -0.227282 -0.0253842
v 0.161002 -3.06156 0.257949
vn -0.978818 -0.179491 -0.0984812
v 0.0718683 -2.49453 0.167322
vn -0.99694 -0.06473 0.0438219
v 0.0798763 -2.59952 0.214308
vn -0.994984 -0.0897909 0.0441064
v 0.0803311 -2.61244 0.154987
vn -0.995573 -0.0939297 0.00332804
v 0.0927967 -2.72324 0.153286
vn -0.99061 -0.136551 -0.00677884
v 0.156237 -3.01367 0.184976
vn -0.963659 -0.24943 -0.0956378
v 0.178141 -3.1106 0.19215
vn -0.968305 -0.189206 -0.163052
v 0.0837493 -2.63299 0.0815851
vn -0.992151 -0.11845 -0.0400742
v 0.104837 -2.79864 0.158302
vn -0.98168 -0.190493 -0.00417161
v 0.139191 -2.9383 0.122435
vn -0.9596 -0.269364 -0.0813019
v 0.188132 -3.09657 0.112954
vn -0.954277 -0.26214 -0.143656
v 0.651672 -2.32381 0.263593
vn 0.945825 0.110971 0.305123
v 0.660136 -2.4069 0.264808
vn 0.963869 0.0776953 0.254794
v 0.672367 -2.36725 0.193823
vn 0.985176 0.0813475 0.151035
v 0.673264 -2.56392 0.255468
vn 0.971441 0.0595887 0.229678
v 0.677758 -2.48096 0.211181
vn 0.989516 0.0539771 0.133959
v 0.687099 -2.72096 0.227577
vn 0.979827 0.036925 0.196405
v 0.669012 -2.8582 0.296272
vn 0.947352 -0.0524455 0.315869
v 0.678187 -2.79067 0.272038
vn 0.967262 -0.00334762 0.253758
v 0.651665 -3.27867 0.268478
vn 0.945075 -0.0601721 0.321266
v 0.679087 -2.94193 0.245319
vn 0.970457 -0.0552984 0.234854
v 0.688145 -2.82814 0.226182
vn 0.982285 -0.0189354 0.186435
v 0.659254 -3.20901 0.25492
vn 0.988145 -0.0634065 0.139815
v 0.660556 -2.27129 0.205574
vn 0.970912 0.121532 0.206298
v 0.692811 -2.7475 0.191174
vn 0.995401 0.0374126 0.0881934
v 0.676885 -2.36158 0.127393
vn 0.996407 0.0836212 0.0134055
v 0.67023 -2.28983 0.133945
vn 0.991968 0.126491 -0.000104859
v 0.691694 -2.69027 0.15303
vn 0.998546 0.0263576 -0.0470251
v 0.682969 -2.46207 0.146833
vn 0.998503 0.0480117 0.0261906
v 0.693304 -2.82731 0.190255
vn 0.99836 -0.00681537 0.0568437
v 0.689421 -2.91262 0.197019
vn 0.992199 -0.0658591 0.10585
v 0.672178 -3.1273 0.198923
vn 0.995565 -0.066484 0.0665565
v 0.69414 -2.83017 0.153963
vn 0.997964 -0.0150655 -0.0619798
v 0.689481 -2.93764 0.154876
vn 0.996991 -0.0774429 0.00349742
v 0.679941 -3.01851 0.138281
vn 0.972239 -0.105533 -0.208841
v 0.668795 -3.15527 0.165891
vn 0.985809 -0.0663953 -0.154185
v 0.182561 -3.1948 0.254962
vn -0.985001 -0.171138 0.0220277
v 0.180716 -3.16706 0.294544
vn -0.972562 -0.175146 0.153126
v 0.198515 -3.26703 0.262694
vn -0.964008 -0.248478 0.0945947
v 0.215968 -3.3166 0.283509
vn -0.917519 -0.298867 0.262369
v 0.245567 -3.43232 0.249158
vn -0.927793 -0.285357 0.240357
v 0.271335 -3.51658 0.256354
vn -0.898189 -0.249932 0.361648
v 0.198673 -3.26979 0.215056
vn -0.973307 -0.221868 -0.0587248
v 0.250424 -3.47117 0.223559
vn -0.961554 -0.2414 0.130922
v 0.304503 -3.63984 0.260475
vn -0.859553 -0.259276 0.440391
v 0.286359 -3.63019 0.218388
vn -0.932345 -0.274708 0.23509
v 0.325746 -3.72729 0.228761
vn -0.899505 -0.337354 0.277639
v 0.327769 -3.63439 0.297484
vn -0.753186 -0.218812 0.620349
v 0.324248 -3.69391 0.261117
vn -0.834195 -0.336024 0.437272
v 0.347967 -3.6976 0.293962
vn -0.743871 -0.309697 0.592235
v 0.365287 -3.78389 0.265735
vn -0.831275 -0.287907 0.475492
v 0.396299 -3.83135 0.294478
vn -0.797274 -0.223001 0.560914
v 0.395776 -3.92112 0.250943
vn -0.867265 -0.206874 0.45283
v 0.363146 -3.83083 0.226586
vn -0.916709 -0.229428 0.32712
v 0.367616 -3.88762 0.208173
vn -0.896707 -0.153454 0.415173
v 0.390466 -3.99972 0.21133
vn -0.812964 -0.205913 0.544692
v 0.192954 -3.21957 0.194174
vn -0.973054 -0.148901 -0.17605
v 0.20991 -3.28598 0.170355
vn -0.945997 -0.180146 -0.269513
v 0.24491 -3.45705 0.193409
vn -0.97651 -0.212684 -0.0345432
v 0.203488 -3.17744 0.131666
vn -0.950686 -0.19529 -0.24095
v 0.253532 -3.42107 0.118431
vn -0.916972 -0.172114 -0.359914
v 0.246683 -3.44595 0.155819
vn -0.961423 -0.187832 -0.200962
v 0.27122 -3.57396 0.142442
vn -0.96911 -0.203738 -0.138985
v 0.270173 -3.58228 0.184903
vn -0.974767 -0.218957 0.0434452
v 0.327823 -3.75608 0.18686
vn -0.941123 -0.312608 0.128701
v 0.286219 -3.64288 0.187755
vn -0.954782 -0.296397 0.0232431
v 0.313888 -3.73218 0.12333
vn -0.972639 -0.232268 0.00505871
v 0.32973 -3.78998 0.143738
vn -0.943839 -0.247283 0.219131
v 0.335551 -3.84702 0.148253
vn -0.892692 -0.0145508 0.450433
v 0.357565 -3.92076 0.181291
vn -0.847604 -0.078447 0.524799
v 0.312555 -3.74532 0.0976465
vn -0.967057 -0.064676 0.246207
v 0.357872 -3.97191 0.172591
vn -0.789115 -0.12271 0.601864
v 0.306597 -3.97273 0.101576
vn -0.841079 -0.0567487 0.537927
v 0.648994 -3.57357 0.292628
vn 0.896475 0.0629913 0.438593
v 0.659741 -3.33666 0.231586
vn 0.946826 0.0293342 0.320406
v 0.668045 -3.55849 0.242861
vn 0.949577 0.0230289 0.312687
v 0.675548 -3.62767 0.211395
vn 0.927593 -0.0381387 0.37164
v 0.651653 -3.68128 0.259157
vn 0.902925 -0.0832933 0.421649
v 0.643537 -3.95019 0.271607
vn 0.728506 -0.0195182 0.684761
v 0.618042 -4.01147 0.294772
vn 0.647335 -0.024988 0.761796
v 0.655505 -3.82028 0.255114
vn 0.796643 0.000640942 0.604449
v 0.688991 -3.58379 0.17671
vn 0.947879 0.0581378 0.313281
v 0.662486 -3.95471 0.247189
vn 0.811369 -0.0278703 0.583869
v 0.67527 -3.85096 0.228395
vn 0.854077 0.0368448 0.518841
v 0.67691 -3.94552 0.224406
vn 0.884929 -0.0299214 0.464764
v 0.664409 -3.26358 0.204335
vn 0.999278 -0.0336684 0.0175914
v 0.665671 -3.3245 0.180114
vn 0.995515 0.0855261 0.0404327
v 0.665478 -3.37634 0.21204
vn 0.971958 0.070192 0.224435
v 0.656385 -3.29387 0.117144
vn 0.983194 0.0386331 -0.178428
v 0.667825 -3.35067 0.152776
vn 0.986703 0.158271 -0.0369737
v 0.688181 -3.50487 0.155324
vn 0.975811 0.112415 0.1875
v 0.688889 -3.47999 0.131319
vn 0.97939 0.170229 0.108707
v 0.692378 -3.68142 0.180254
vn 0.87364 0.0342645 0.485365
v 0.689651 -3.78533 0.198489
vn 0.894418 0.0286785 0.446311
v 0.69302 -3.90263 0.191636
vn 0.940573 -0.0484889 0.336113
v 0.680018 -4.00269 0.210489
vn 0.928909 -0.0785311 0.361886
v 0.704716 -3.81583 0.167436
vn 0.942488 0.00660537 0.334176
v 0.713681 -3.62996 0.118719
vn 0.953147 0.0931086 0.287821
v 0.709378 -3.71861 0.149376
vn 0.929463 0.0476683 0.365822
v 0.724185 -3.9954 0.0790023
vn 0.958016 -0.0624731 0.279825
v 0.718068 -3.83447 0.125036
vn 0.959125 -0.0342517 0.280903
v 1.65021 -2.28829 0.445469
vn -0.681213 0.0891019 0.726643
v 1.63903 -2.25847 0.426019
vn -0.945784 0.0131722 0.324528
v 1.65219 -2.41811 0.445355
vn -0.981158 -0.146752 -0.125673
v 1.69558 -2.21416 0.443021
vn 0.000728233 0.229784 0.973241
v 1.66782 -2.22647 0.441804
vn -0.29299 0.210556 0.932643
v 1.72153 -2.19936 0.434922
vn 0.268435 0.227253 0.936108
v 1.6477 -2.22051 0.428693
vn -0.67168 0.202756 0.712556
v 1.72393 -2.27493 0.445008
vn 0.469762 0.0418844 0.881799
v 1.74261 -2.28622 0.433089
vn -0.0406971 -0.718476 0.69436
v 1.72577 -2.31093 0.422688
vn 0.910089 -0.397839 -0.116024
v 1.70902 -2.34543 0.458433
vn 0.677977 0.0590104 0.732711
v 1.71779 -2.37029 0.447453
vn 0.988868 -0.0680054 0.132346
v 1.71257 -2.45578 0.449293
vn 0.871093 -0.180689 -0.45667
v 1.65536 -2.45488 0.45878
vn -0.850835 -0.0147295 0.525227
v 1.70723 -2.47639 0.463506
vn 0.808835 -0.541994 0.228099
v 1.66252 -2.47978 0.456238
vn -0.842266 -0.416083 -0.342728
v 1.66559 -2.45802 0.433747
vn -0.540508 -0.34235 -0.768536
v 1.71407 -2.35298 0.418814
vn 0.850177 -0.180582 -0.49456
v 1.70239 -2.41749 0.430189
vn 0.466643 -0.238947 -0.851557
v 1.70549 -2.45609 0.472282
vn 0.590867 -0.0330217 0.806093
v 1.71473 -2.44957 0.461058
vn 0.91116 -0.0105844 0.411917
v 1.68986 -2.46559 0.433387
vn 0.275823 -0.338809 -0.899517
v 1.70225 -2.48183 0.451203
vn 0.58837 -0.591485 -0.551331
v 1.67022 -2.48674 0.468764
vn -0.645627 -0.411088 0.643562
v 1.68169 -2.49017 0.453235
vn -0.0749758 -0.824434 -0.56097
v 1.68892 -2.49194 0.469301
vn 0.386176 -0.699234 0.601614
v 1.64106 -2.32163 0.424513
vn -0.974132 -0.120986 -0.190865
v 1.64036 -2.17945 0.35177
vn -0.869318 -0.227015 -0.439035
v 1.64474 -2.31419 0.415298
vn -0.613284 -0.288191 -0.73541
v 1.65597 -2.40654 0.427609
vn -0.745678 -0.223227 -0.627801
v 1.7406 -2.30234 0.412427
vn -0.133448 -0.990149 0.0423853
v 1.78475 -2.31088 0.422147
vn 0.0355128 -0.076597 0.996429
v 1.79635 -2.25769 0.416591
vn 0.383288 0.125529 0.915059
v 1.65528 -2.24712 0.372908
vn -0.58487 -0.436176 -0.68387
v 1.67236 -2.31581 0.397746
vn -0.332208 -0.297078 -0.895199
v 1.70605 -2.31407 0.399521
vn 0.54217 -0.309898 -0.781034
v 1.71388 -2.29064 0.386307
vn 0.0536943 -0.65908 -0.750153
v 1.76166 -2.31628 0.412271
vn -0.629354 -0.366914 0.685046
v 1.7428 -2.30179 0.39286
vn -0.817598 -0.561875 0.12582
v 1.75233 -2.34444 0.379516
vn -0.975946 -0.158683 0.149498
v 1.76067 -2.34843 0.399973
vn -0.813651 -0.050645 0.579144
v 1.77932 -2.38987 0.413022
vn -0.466224 -0.0407258 0.883729
v 1.76971 -2.48364 0.404051
vn -0.945016 0.00386159 0.327001
v 1.68226 -2.35612 0.402737
vn 0.0684613 -0.277609 -0.958252
v 1.66259 -2.39057 0.415176
vn -0.50372 -0.21566 -0.836515
v 1.76886 -2.4843 0.388105
vn -0.955514 -0.0356853 -0.29278
v 1.75583 -2.57927 0.401709
vn -0.990059 0.0468042 -0.132638
v 1.78151 -2.47841 0.418807
vn -0.566902 0.0635951 0.821327
v 1.76035 -2.54277 0.410076
vn -0.772392 0.0978012 0.627571
v 1.75775 -2.62407 0.412433
vn -0.938598 -0.0958636 0.331426
v 1.76879 -2.62464 0.424118
vn -0.429864 -8.65126e-05 0.902894
v 1.68064 -2.41971 0.423693
vn 0.119142 -0.271516 -0.955031
v 1.82959 -2.25094 0.397412
vn 0.603038 0.17939 0.77728
v 1.81855 -2.33163 0.41628
vn 0.463975 0.0285067 0.88539
v 1.84379 -2.30612 0.390058
vn 0.865793 -0.00236299 0.500396
v 1.83523 -2.41121 0.401254
vn 0.706273 0.00583522 0.707916
v 1.79798 -2.4355 0.419634
vn 0.118369 0.0198341 0.992772
v 1.81021 -2.49402 0.422714
vn 0.32721 0.0299855 0.944476
v 1.83727 -2.50042 0.394643
vn 0.99022 -0.12495 0.0620687
v 1.82271 -2.51287 0.416805
vn 0.683024 -0.0557058 0.728269
v 1.81702 -2.57654 0.409207
vn 0.852155 -0.189046 0.487949
v 1.79334 -2.64305 0.421011
vn 0.45422 -0.13335 0.880853
v 1.78609 -2.54468 0.428089
vn -0.0240735 0.0150654 0.999597
v 1.80726 -2.64645 0.39628
vn 0.973205 -0.229756 0.009203
v 1.76081 -2.61774 0.38449
vn -0.819783 0.00202237 -0.57267
v 1.77014 -2.65215 0.416807
vn -0.632331 -0.397859 0.66473
v 1.7633 -2.65158 0.389227
vn -0.934274 -0.275256 -0.226639
v 1.77528 -2.67079 0.402776
vn -0.461543 -0.80749 0.367339
v 1.79752 -2.66877 0.396064
vn 0.79757 -0.462408 0.387376
v 1.78841 -2.66058 0.417023
vn 0.194543 -0.624024 0.7568
v 1.77987 -2.67298 0.390272
vn -0.156131 -0.685849 -0.710798
v 1.68583 -2.27686 0.376251
vn -0.282778 -0.603833 -0.745266
v 1.74388 -2.31771 0.35676
vn -0.936443 -0.308952 -0.166199
v 1.73807 -2.29316 0.373022
vn -0.507558 -0.708015 -0.49102
v 1.70154 -2.23396 0.328627
vn -0.473546 -0.591692 -0.652422
v 1.73358 -2.2777 0.351583
vn -0.770825 -0.50697 -0.38576
v 1.76199 -2.34775 0.349121
vn -0.726771 -0.284045 -0.625398
v 1.75836 -2.36442 0.362668
vn -0.914267 -0.189444 -0.358089
v 1.7808 -2.48089 0.365493
vn -0.833765 -0.0769715 -0.546728
v 1.79073 -2.49214 0.359919
vn -0.368144 -0.130644 -0.920545
v 1.7729 -2.55085 0.370412
vn -0.533132 -0.0383357 -0.845163
v 1.73063 -2.22628 0.296407
vn -0.744042 -0.50145 -0.44153
v 1.74105 -2.27451 0.322713
vn -0.919307 -0.305146 -0.248519
v 1.75615 -2.31807 0.319057
vn -0.877815 -0.449601 -0.165225
v 1.77677 -2.34893 0.338285
vn -0.301069 -0.299042 -0.905501
v 1.84578 -2.32921 0.376949
vn 0.995529 -0.0909406 -0.0255309
v 1.81637 -2.38394 0.345125
vn 0.727266 -0.114273 -0.676776
v 1.85013 -2.3179 0.347895
vn 0.935148 -0.244516 0.25634
v 1.83185 -2.34401 0.344386
vn 0.858932 -0.445598 0.252345
v 1.83728 -2.34844 0.362308
vn 0.824548 -0.111444 -0.554708
v 1.84645 -2.24901 0.379328
vn 0.879308 0.141029 0.454894
v 1.85931 -2.26677 0.344877
vn 0.877411 0.0227325 0.479201
v 1.81354 -2.39968 0.345444
vn 0.475862 -0.153812 -0.865966
v 1.80759 -2.40978 0.347431
vn -0.104165 -0.142042 -0.984365
v 1.83453 -2.47988 0.372285
vn 0.768271 -0.134235 -0.625891
v 1.78361 -2.59311 0.368813
vn -0.27409 -0.0907131 -0.957416
v 1.79244 -2.64087 0.374782
vn 0.368681 -0.166403 -0.91454
v 1.79823 -2.65714 0.383643
vn 0.827379 -0.242252 -0.506712
v 1.87496 -2.20969 0.302124
vn 0.975877 0.168829 0.13842
v 1.87655 -2.25119 0.314245
vn 0.897484 0.0998468 0.429597
v 1.79075 -2.34431 0.325163
vn -0.697399 -0.707491 -0.114419
v 1.7764 -2.33906 0.28355
vn -0.745679 -0.609314 -0.269627
v 1.87694 -2.31339 0.31792
vn 0.890774 -0.0304892 0.453423
v 1.805 -2.36886 0.338224
vn -0.776852 -0.401381 -0.485174
v 1.78914 -2.35146 0.308401
vn -0.920226 -0.0613443 0.38655
v 1.80252 -2.38108 0.332147
vn -0.816281 -0.0211948 0.577266
v 1.85949 -2.40572 0.330716
vn 0.595927 -0.032736 0.802371
v 1.86699 -2.45318 0.323494
vn 0.838316 -0.0384671 0.543826
v 1.85227 -2.34131 0.337049
vn 0.289229 -0.085542 0.95343
v 1.87502 -2.38435 0.305874
vn 0.998284 -0.0564024 0.0157606
v 1.81989 -2.37849 0.33944
vn 0.357505 -0.140496 0.923283
v 1.84039 -2.43137 0.340119
vn 0.11469 0.0175981 0.993245
v 1.81299 -2.4011 0.337981
vn -0.266553 -0.00550785 0.963805
v 1.80924 -2.50886 0.337424
vn -0.646688 0.0953159 0.756776
v 1.79917 -2.50453 0.32163
vn -0.947125 0.0555353 0.316023
v 1.80994 -2.56348 0.343818
vn -0.0685023 0.0061629 0.997632
v 1.84544 -2.51969 0.340733
vn 0.399181 -0.0549232 0.915225
v 1.80006 -2.50366 0.302359
vn -0.909728 0.0446391 -0.412797
v 1.86872 -2.5109 0.310094
vn 0.986593 -0.0954336 0.132387
v 1.86072 -2.52868 0.325574
vn 0.828678 -0.24469 0.503408
v 1.8246 -2.5937 0.336542
vn 0.586694 -0.229069 0.776735
v 1.85903 -2.54698 0.302333
vn 0.938173 -0.337621 -0.0764462
v 1.80104 -2.68402 0.325807
vn 0.812234 -0.333941 0.478288
v 1.79692 -2.64702 0.338864
vn 0.302375 -0.171142 0.937699
v 1.77534 -2.56864 0.310167
vn -0.954001 0.255036 -0.157605
v 1.77701 -2.58315 0.330454
vn -0.798387 0.220095 0.560479
v 1.80354 -2.69123 0.309522
vn 0.905081 -0.425066 -0.0120917
v 1.77176 -2.65134 0.338295
vn -0.473399 0.0664588 0.878337
v 1.7598 -2.64588 0.322005
vn -0.93931 0.159874 0.303541
v 1.77275 -2.70568 0.319273
vn -0.430664 -0.758657 0.488844
v 1.75932 -2.69501 0.308017
vn -0.9306 -0.365913 -0.00950385
v 1.75893 -2.67843 0.323448
vn -0.8343 -0.171798 0.52386
v 1.7562 -2.66716 0.305585
vn -0.977405 0.0937008 -0.189472
v 1.7697 -2.70636 0.29976
vn -0.375834 -0.83632 -0.399146
v 1.78054 -2.64655 0.375241
vn -0.385547 -0.207017 -0.899165
v 1.78877 -2.70343 0.3221
vn 0.436893 -0.572699 0.693643
v 1.77693 -2.68403 0.336902
vn -0.0751979 -0.213295 0.974089
v 1.73899 -2.24314 0.284322
vn -0.947183 -0.318804 -0.0347706
v 1.75222 -2.2892 0.243727
vn -0.941075 -0.334828 -0.047629
v 1.76591 -2.31479 0.236756
vn -0.766002 -0.638919 -0.0708832
v 1.73538 -2.23719 0.209805
vn -0.938686 -0.344304 -0.0179725
v 1.76539 -2.59765 0.230344
vn -0.595208 0.197956 0.778807
v 1.7656 -2.58022 0.221972
vn -0.804465 0.391456 0.446764
v 1.84896 -2.35745 0.271826
vn 0.513097 -0.0897448 -0.853626
v 1.87266 -2.35709 0.292601
vn 0.914571 -0.121312 -0.385803
v 1.81056 -2.38863 0.273996
vn -0.405586 -0.171703 -0.897785
v 1.80627 -2.35104 0.259971
vn -0.613518 -0.705799 -0.354179
v 1.87765 -2.24508 0.271185
vn 0.999154 0.0408072 0.00515531
v 1.88148 -2.28323 0.29298
vn 0.999219 -0.0119153 -0.0376633
v 1.78462 -2.35059 0.29245
vn -0.990318 -0.134181 -0.0355678
v 1.79786 -2.40092 0.283745
vn -0.769704 -0.136652 -0.623604
v 1.86281 -2.33385 0.26858
vn 0.776456 -0.622191 -0.0999741
v 1.83122 -2.3669 0.267721
vn 0.0061011 -0.195377 -0.980709
v 1.81428 -2.51477 0.282772
vn -0.503608 0.00992442 -0.863875
v 1.83124 -2.50437 0.277996
vn -0.127298 -0.011602 -0.991797
v 1.83281 -2.55576 0.28076
vn 0.304198 -0.0840244 -0.948896
v 1.86752 -2.49828 0.297139
vn 0.768193 -0.0752567 -0.63578
v 1.84815 -2.54685 0.287635
vn 0.587409 -0.154673 -0.794372
v 1.7837 -2.58155 0.289382
vn -0.73656 0.215457 -0.641138
v 1.80502 -2.67706 0.293607
vn 0.741032 -0.313983 -0.593537
v 1.77604 -2.64865 0.281909
vn -0.318987 0.0352606 -0.947103
v 1.79121 -2.66444 0.280943
vn 0.244413 -0.126561 -0.961377
v 1.82658 -2.36415 0.257339
vn -0.335423 -0.144408 0.930934
v 1.87077 -2.3431 0.247657
vn 0.681044 -0.132367 0.72018
v 1.84854 -2.3613 0.256413
vn 0.359473 -0.164266 0.918584
v 1.80516 -2.3529 0.241926
vn -0.811728 -0.0798641 0.57855
v 1.88844 -2.27217 0.212127
vn 0.995266 0.0592919 0.0770129
v 1.88316 -2.27423 0.237597
vn 0.988646 -0.00352794 0.150224
v 1.87326 -2.31441 0.256906
vn 0.953086 -0.276229 0.123796
v 1.88449 -2.34048 0.222315
vn 0.992047 -0.0714351 0.103632
v 1.7971 -2.34625 0.219218
vn -0.925846 -0.377892 0.00250149
v 1.87632 -2.41771 0.233731
vn 0.832331 -0.0798196 0.548502
v 1.81705 -2.5039 0.245092
vn -0.586757 0.0277998 0.809285
v 1.83387 -2.49453 0.249276
vn 0.117844 -0.0942575 0.988549
v 1.85875 -2.49981 0.238181
vn 0.573861 -0.136249 0.807539
v 1.80335 -2.49575 0.226238
vn -0.95818 0.142762 0.24801
v 1.88187 -2.42277 0.219205
vn 0.989648 -0.0989375 0.103962
v 1.82518 -2.54707 0.241802
vn 0.274058 -0.232144 0.933275
v 1.84697 -2.53887 0.233181
vn 0.653237 -0.387833 0.650282
v 1.82157 -2.59395 0.220995
vn 0.675826 -0.546081 0.495031
v 1.7904 -2.57777 0.238897
vn -0.0634731 -0.12967 0.989524
v 1.80889 -2.59744 0.230438
vn 0.346916 -0.403502 0.846661
v 1.76341 -2.66214 0.290852
vn -0.832159 0.14909 -0.53412
v 1.76616 -2.69124 0.291185
vn -0.590648 -0.218274 -0.776847
v 1.75767 -2.63324 0.227694
vn -0.0163882 -0.332939 0.942806
v 1.73751 -2.64117 0.21842
vn -0.638319 0.0099612 0.769708
v 1.78562 -2.69606 0.288643
vn 0.182418 -0.413125 -0.892217
v 1.78913 -2.70675 0.301554
vn 0.396533 -0.898694 -0.187379
v 1.74767 -2.26074 0.16627
vn -0.917767 -0.359299 -0.169139
v 1.76956 -2.32326 0.184751
vn -0.860499 -0.499866 -0.0983672
v 1.76572 -2.57065 0.207291
vn -0.871392 0.490225 -0.0188767
v 1.76647 -2.57699 0.189132
vn -0.72899 0.451722 -0.514316
v 1.7404 -2.60375 0.197826
vn -0.852725 0.502434 -0.142901
v 1.73928 -2.61169 0.212461
vn -0.795043 0.361474 0.487076
v 1.73755 -2.62057 0.186074
vn -0.672478 0.308857 -0.672592
v 1.78786 -2.33155 0.135962
vn -0.902214 -0.278368 -0.329426
v 1.77016 -2.51036 0.138255
vn -0.702237 0.366149 0.610571
v 1.79096 -2.52348 0.151762
vn -0.0552376 -0.184256 0.981325
v 1.78052 -2.57746 0.1788
vn -0.365001 0.268227 -0.891532
v 1.80578 -2.3468 0.185081
vn -0.796414 -0.5151 -0.316854
v 1.80814 -2.3591 0.195314
vn -0.407375 -0.134084 -0.903364
v 1.88363 -2.22412 0.19988
vn 0.978218 0.179039 -0.10505
v 1.88325 -2.25484 0.173479
vn 0.975558 0.0489867 -0.214212
v 1.88539 -2.30238 0.189614
vn 0.972109 -0.147768 -0.182123
v 1.87072 -2.36143 0.192124
vn 0.574975 -0.069254 -0.815235
v 1.86977 -2.33236 0.177894
vn 0.869918 -0.443907 -0.214917
v 1.87841 -2.38973 0.201064
vn 0.911506 -0.0157372 -0.410985
v 1.83192 -2.35727 0.179075
vn -0.69624 -0.689966 -0.197979
v 1.8366 -2.37593 0.183998
vn 0.0154879 -0.0482167 -0.998717
v 1.85309 -2.35376 0.181286
vn 0.420965 -0.580867 -0.696694
v 1.83197 -2.43215 0.183923
vn -0.382926 0.0701936 -0.921108
v 1.80346 -2.43326 0.206499
vn -0.872381 -0.0292609 -0.48795
v 1.87392 -2.49186 0.209368
vn 0.981563 -0.172468 -0.082394
v 1.81067 -2.49159 0.189526
vn -0.82632 0.286384 -0.484954
v 1.86977 -2.48544 0.195225
vn 0.752498 -0.0826916 -0.653383
v 1.8429 -2.50993 0.179675
vn 0.316141 -0.0552489 -0.947102
v 1.86599 -2.51895 0.220283
vn 0.88593 -0.284794 0.366087
v 1.86196 -2.52841 0.20309
vn 0.799802 -0.356305 -0.483077
v 1.81325 -2.6001 0.18503
vn 0.57884 -0.304191 -0.756579
v 1.83967 -2.56979 0.212038
vn 0.850704 -0.510725 0.124348
v 1.81035 -2.61314 0.194576
vn 0.757981 -0.609209 -0.233085
v 1.80982 -2.34842 0.168572
vn -0.600044 -0.251034 0.759558
v 1.79346 -2.34622 0.151839
vn -0.890769 -0.17291 0.420278
v 1.84428 -2.36642 0.176236
vn 0.891801 0.0371117 0.450903
v 1.87417 -2.26124 0.143172
vn 0.857668 0.111121 -0.502053
v 1.87491 -2.32638 0.146198
vn 0.99103 -0.124218 -0.0492926
v 1.78056 -2.3278 0.166282
vn -0.598426 -0.800662 -0.0287429
v 1.86395 -2.34893 0.164769
vn 0.659803 -0.235471 0.713592
v 1.83549 -2.377 0.172504
vn 0.0121703 -0.17976 0.983635
v 1.81873 -2.34972 0.177461
vn 0.725015 -0.622443 0.294819
v 1.81122 -2.47034 0.157524
vn -0.367725 -0.0363837 0.929223
v 1.85633 -2.45026 0.14534
vn 0.936314 -0.179717 0.301693
v 1.82931 -2.48491 0.157158
vn 0.268729 -0.19982 0.942261
v 1.80355 -2.46268 0.147561
vn -0.83031 0.0321406 0.556374
v 1.84476 -2.47568 0.150824
vn 0.723074 -0.295515 0.624367
v 1.82607 -2.51083 0.14343
vn 0.50375 -0.511482 0.696148
v 1.78776 -2.56277 0.131721
vn 0.719373 -0.660416 0.215299
v 1.7504 -2.58939 0.131427
vn 0.190804 -0.482561 0.854827
v 1.78311 -2.60987 0.173658
vn 0.0102188 -0.0036718 -0.999941
v 1.73278 -2.65524 0.205149
vn -0.543904 -0.675672 0.49763
v 1.75069 -2.66344 0.209555
vn -0.21056 -0.796071 0.567394
v 1.72838 -2.64006 0.201229
vn -0.990252 0.132262 0.0436864
v 1.76195 -2.65812 0.211928
vn 0.564567 -0.741416 0.362721
v 1.7729 -2.64483 0.183061
vn 0.546027 -0.622465 -0.560707
v 1.7495 -2.6604 0.186566
vn 0.148646 -0.877472 -0.456013
v 1.73331 -2.65682 0.188984
vn -0.838527 -0.291904 -0.460069
v 1.75187 -2.63753 0.172099
vn -0.121474 -0.00763629 -0.992565
v 1.74176 -2.6442 0.176165
vn -0.555449 -0.176736 -0.812552
v 1.80414 -2.62308 0.207559
vn 0.741123 -0.652287 0.158927
v 0.546306 -4.09671 0.309803
vn -0.107164 -0.20342 0.973209
v 0.57437 -4.0486 0.315958
vn 0.261274 -0.118411 0.957974
v 0.574644 -4.10966 0.305631
vn 0.202461 -0.193177 0.960048
v 0.466259 -5.4075 0.380597
vn -0.954452 0.29707 0.027772
v 0.462378 -5.45297 0.3703
vn -0.996451 -0.0192354 -0.0819476
v 0.488644 -5.48689 0.378261
vn -0.3543 -0.918356 -0.176334
v 0.535562 -5.50424 0.408184
vn -0.169895 -0.973475 -0.153241
v 0.558817 -5.29791 0.335939
vn -0.284717 0.869049 0.404586
v 0.471533 -5.46603 0.335943
vn -0.814477 -0.560785 -0.148821
v 0.521807 -5.30832 0.316226
vn -0.597149 0.732371 0.327179
v 0.491099 -5.33858 0.306305
vn -0.818644 0.537679 0.201802
v 0.466629 -5.44132 0.301513
vn -0.992877 -0.111895 -0.040923
v 0.547176 -5.4917 0.30835
vn -0.165399 -0.980672 -0.104526
v 0.472312 -5.36506 0.265192
vn -0.937184 0.304014 0.171058
v 0.466646 -5.396 0.263055
vn -0.998209 0.0531258 0.0274881
v 0.483565 -5.46956 0.290753
vn -0.71235 -0.693153 -0.109985
v 0.492242 -5.47438 0.254452
vn -0.402022 -0.91457 -0.044057
v 0.63385 -5.34742 0.444791
vn 0.164472 0.912834 0.373742
v 0.5882 -5.34261 0.443636
vn -0.0212652 0.915064 0.402747
v 0.657169 -5.33766 0.40442
vn 0.373449 0.875531 0.306565
v 0.798827 -5.54169 0.446708
vn 0.145108 -0.983471 -0.108299
v 0.707709 -5.35375 0.376392
vn 0.504841 0.83508 0.21858
v 0.775177 -5.40452 0.40372
vn 0.546107 0.825382 0.143215
v 0.708563 -5.51506 0.282005
vn -0.101947 -0.986743 -0.126276
v 0.748949 -5.53328 0.3726
vn -0.00270211 -0.987405 -0.158193
v 0.75429 -5.52155 0.317079
vn 0.128629 -0.965136 -0.227961
v 0.817605 -5.53615 0.456047
vn 0.487629 -0.871093 -0.0584411
v 0.828791 -5.52279 0.43625
vn 0.744815 -0.611081 -0.268013
v 0.811764 -5.44696 0.351832
vn 0.857404 0.483521 -0.176257
v 0.830539 -5.48103 0.397022
vn 0.952568 -0.0236125 -0.30341
v 0.781557 -5.40486 0.356168
vn 0.728182 0.682838 -0.0590199
v 0.809076 -5.51447 0.371668
vn 0.699746 -0.621532 -0.352212
v 0.795322 -5.52746 0.378855
vn 0.397945 -0.877646 -0.267164
v 0.820277 -5.50002 0.377449
vn 0.888934 -0.316185 -0.331397
v 0.586095 -5.26419 0.27643
vn 0.0525118 0.887084 0.458612
v 0.615223 -5.27281 0.278762
vn 0.426043 0.843212 0.327844
v 0.668698 -5.30379 0.261005
vn 0.647995 0.740514 0.178162
v 0.724477 -5.35792 0.333249
vn 0.613351 0.785158 0.085605
v 0.736469 -5.37313 0.265932
vn 0.748456 0.651971 -0.12144
v 0.749505 -5.39564 0.238518
vn 0.803362 0.571191 -0.168375
v 0.801164 -5.45 0.313799
vn 0.930322 0.180573 -0.31921
v 0.771909 -5.46864 0.237132
vn 0.893641 -0.279719 -0.350945
v 0.789784 -5.45802 0.281516
vn 0.940609 0.0867183 -0.328229
v 0.7658 -5.42246 0.241476
vn 0.883365 0.393474 -0.254646
v 0.443178 -4.06774 0.256687
vn -0.750311 -0.23282 0.618731
v 0.474962 -4.10176 0.277832
vn -0.63471 -0.230877 0.737455
v 0.511267 -4.17769 0.279669
vn -0.394815 -0.239027 0.887123
v 0.545425 -4.18238 0.288705
vn -0.0916312 -0.26674 0.959403
v 0.502364 -4.3219 0.233325
vn -0.531042 -0.19193 0.825323
v 0.533768 -4.33468 0.243629
vn -0.153484 -0.205274 0.966595
v 0.441638 -4.17289 0.220808
vn -0.727456 -0.183689 0.66111
v 0.392976 -4.06481 0.193342
vn -0.758454 -0.168141 0.629663
v 0.464508 -4.26703 0.21815
vn -0.67179 -0.197793 0.713846
v 0.52272 -4.47363 0.215325
vn -0.385684 -0.162052 0.908288
v 0.427067 -4.31857 0.166921
vn -0.743301 -0.147198 0.652562
v 0.468778 -4.3518 0.201784
vn -0.648672 -0.140486 0.74799
v 0.489115 -4.59903 0.173566
vn -0.564893 -0.137978 0.813546
v 0.349621 -4.10818 0.134045
vn -0.773966 -0.139217 0.617734
v 0.375509 -4.15547 0.152859
vn -0.750212 -0.174875 0.637652
v 0.359623 -4.27761 0.095443
vn -0.77928 -0.164757 0.60463
v 0.543877 -4.7533 0.170445
vn -0.165616 -0.152628 0.974308
v 0.508428 -4.77689 0.15631
vn -0.418765 -0.125541 0.899375
v 0.448603 -4.56471 0.146295
vn -0.676484 -0.111662 0.727943
v 0.467377 -4.7261 0.140556
vn -0.562372 -0.104087 0.820307
v 0.482952 -4.96049 0.123987
vn -0.527818 -0.0892258 0.844658
v 0.511411 -4.96692 0.138419
vn -0.364063 -0.048711 0.9301
v 0.551104 -4.91498 0.151849
vn -0.0860528 -0.102675 0.990986
v 0.631329 -4.05934 0.277963
vn 0.712089 -0.0838591 0.697063
v 0.600623 -4.1327 0.291106
vn 0.483703 -0.158691 0.860725
v 0.623383 -4.158 0.270668
vn 0.663989 -0.132571 0.735896
v 0.573596 -4.16945 0.291805
vn 0.250443 -0.242218 0.937341
v 0.621985 -4.22583 0.2564
vn 0.593838 -0.203365 0.778459
v 0.591933 -4.36559 0.235219
vn 0.150006 -0.226256 0.962448
v 0.668317 -4.0402 0.228725
vn 0.88836 -0.0923109 0.449772
v 0.652162 -4.07776 0.250335
vn 0.811259 -0.076641 0.579642
v 0.644211 -4.18579 0.242213
vn 0.83827 -0.121377 0.531574
v 0.653157 -4.35377 0.184108
vn 0.823915 -0.128787 0.551885
v 0.609547 -4.35386 0.230419
vn 0.420394 -0.17825 0.889661
v 0.622819 -4.34337 0.223672
vn 0.696884 -0.144818 0.70241
v 0.567832 -4.35898 0.241005
vn 0.0604873 -0.154506 0.986139
v 0.66993 -4.36124 0.150337
vn 0.909163 -0.0933478 0.405844
v 0.638717 -4.41073 0.193975
vn 0.774791 -0.113156 0.622008
v 0.696174 -4.17889 0.126696
vn 0.941161 -0.0752704 0.329471
v 0.645219 -4.60364 0.146358
vn 0.856303 -0.10004 0.506693
v 0.617593 -4.6353 0.175336
vn 0.622309 -0.141177 0.769936
v 0.577023 -4.61441 0.197148
vn 0.104643 -0.171399 0.979629
v 0.597622 -4.7445 0.167542
vn 0.42554 -0.131149 0.895386
v 0.579343 -4.73318 0.174707
vn 0.0624632 -0.137642 0.98851
v 0.63065 -4.72489 0.146781
vn 0.755903 -0.0833818 0.649352
v 0.624646 -4.85793 0.139478
vn 0.605222 -0.0750374 0.792512
v 0.583023 -4.95597 0.146905
vn 0.21733 -0.0850183 0.972389
v 0.527345 -5.27459 0.266839
vn -0.540004 0.675999 0.50142
v 0.501049 -5.30186 0.264326
vn -0.648335 0.630468 0.426816
v 0.529628 -5.20818 0.196864
vn -0.43428 0.577687 0.691143
v 0.558468 -5.25952 0.267694
vn -0.232074 0.785209 0.574098
v 0.500863 -5.26403 0.218988
vn -0.79297 0.459048 0.40059
v 0.458908 -5.38524 0.207023
vn -0.976266 -0.0249705 0.21513
v 0.476132 -5.31179 0.209655
vn -0.914919 0.277723 0.292904
v 0.466697 -5.44144 0.233994
vn -0.950622 -0.295125 0.0960137
v 0.528772 -5.48682 0.231447
vn -0.171315 -0.983518 0.057823
v 0.506554 -5.48428 0.210346
vn -0.379646 -0.907258 0.180978
v 0.555463 -5.17238 0.18806
vn -0.318932 0.358776 0.877247
v 0.491345 -5.23681 0.184409
vn -0.712016 0.349253 0.609143
v 0.47141 -5.27601 0.172659
vn -0.892964 0.137031 0.428762
v 0.530154 -5.04891 0.148188
vn -0.306732 0.0971261 0.946827
v 0.534237 -5.12098 0.163342
vn -0.369347 0.241001 0.897497
v 0.546475 -4.99626 0.147988
vn -0.0790238 0.0317584 0.996367
v 0.495264 -5.18163 0.162626
vn -0.503406 0.313648 0.805113
v 0.468247 -5.22305 0.153723
vn -0.719687 0.181536 0.670146
v 0.468518 -5.14993 0.135053
vn -0.564125 0.222625 0.795111
v 0.451731 -5.23732 0.134434
vn -0.843977 0.0359163 0.535176
v 0.450909 -5.32113 0.136962
vn -0.89707 0.156264 0.413336
v 0.444907 -5.39065 0.158478
vn -0.939106 0.128721 0.318608
v 0.448298 -5.44023 0.160566
vn -0.917471 -0.195524 0.346435
v 0.472757 -5.46727 0.189501
vn -0.717809 -0.633216 0.28946
v 0.528459 -5.49621 0.17935
vn -0.158602 -0.961565 0.224138
v 0.650775 -5.50943 0.188345
vn -0.100128 -0.987674 0.120308
v 0.41299 -5.42143 0.0816082
vn -0.937916 0.0190601 0.346339
v 0.429975 -5.48974 0.078795
vn -0.737874 -0.551138 0.389602
v 0.484459 -5.49165 0.152111
vn -0.410636 -0.854551 0.317994
v 0.598712 -5.23426 0.233952
vn 0.378207 0.709605 0.594491
v 0.624378 -5.24019 0.219621
vn 0.546053 0.566881 0.616824
v 0.650413 -5.26854 0.219682
vn 0.69937 0.618857 0.357629
v 0.566728 -5.22909 0.232098
vn -0.0899074 0.736362 0.670587
v 0.689653 -5.31299 0.189903
vn 0.862406 0.496772 0.0973326
v 0.697038 -5.33171 0.258419
vn 0.747805 0.66388 -0.0072224
v 0.679662 -5.50984 0.250307
vn -0.134278 -0.990943 -0.000931518
v 0.76629 -5.48708 0.24214
vn 0.758399 -0.586 -0.285368
v 0.74902 -5.50381 0.250666
vn 0.372604 -0.891579 -0.257398
v 0.719237 -5.36099 0.20761
vn 0.801022 0.595985 -0.0562603
v 0.582294 -5.19348 0.202596
vn 0.118933 0.555901 0.822696
v 0.624806 -5.21038 0.188901
vn 0.666208 0.51375 0.540581
v 0.60549 -5.16147 0.175451
vn 0.474079 0.342961 0.810942
v 0.675278 -5.27922 0.16243
vn 0.8489 0.500269 0.170587
v 0.569542 -5.13962 0.177511
vn 0.0218827 0.367471 0.929778
v 0.572417 -5.0797 0.157978
vn 0.0932857 0.224976 0.969889
v 0.622908 -4.98069 0.128472
vn 0.532686 -0.0420244 0.845269
v 0.583284 -5.03381 0.148087
vn 0.266703 0.0816727 0.960312
v 0.614884 -5.08623 0.143787
vn 0.597169 0.172215 0.78341
v 0.64717 -5.21369 0.157902
vn 0.78589 0.25827 0.561848
v 0.664289 -5.25113 0.15051
vn 0.904534 0.3273 0.273299
v 0.654897 -5.17365 0.122602
vn 0.895673 0.151627 0.418065
v 0.736761 -5.39147 0.180357
vn 0.888082 0.439206 -0.135679
v 0.751494 -5.42451 0.187397
vn 0.945784 0.217493 -0.241224
v 0.753802 -5.46682 0.176102
vn 0.96265 -0.0176996 -0.270171
v 0.695952 -5.50878 0.180096
vn 0.138254 -0.990359 0.00871444
v 0.732484 -5.49939 0.176038
vn 0.383311 -0.919648 -0.0855581
v 0.742432 -5.48547 0.145048
vn 0.92734 -0.303939 -0.218314
v 0.62282 -5.5191 0.116126
vn -0.0520125 -0.984589 0.166969
v 0.712369 -5.3514 0.125275
vn 0.90447 0.426175 -0.0175448
v 0.72642 -5.44502 0.0639571
vn 0.978306 0.056655 -0.199268
v 0.725986 -5.49464 0.0964038
vn 0.701497 -0.698269 -0.142552
v -0.943709 -0.0386401 0.118412
vn -0.669408 0.324684 0.668186
v -0.984421 -0.0924691 0.0982799
vn -0.746531 0.237677 0.621451
v -0.994679 -0.186058 0.112875
vn -0.717812 0.127406 0.68448
v -1.02494 -0.334821 0.102146
vn -0.733568 0.102897 0.671782
v -0.916111 0.0763805 0.0575059
vn -0.649864 0.573275 0.499032
v -0.955641 0.0393473 0.0441146
vn -0.74271 0.525151 0.41545
v -0.952987 0.00322096 0.0819608
vn -0.683775 0.448975 0.575217
v -0.888552 0.0567945 0.107038
vn -0.58734 0.522111 0.618411
v -0.981452 -0.0162518 0.0578955
vn -0.776158 0.420767 0.469611
v -0.986537 -0.05315 0.0759272
vn -0.77785 0.326783 0.536807
v -1.01951 -0.106485 0.0518605
vn -0.870936 0.239224 0.429235
v -1.03559 -0.196611 0.0589713
vn -0.884312 0.148342 0.442704
v -1.04837 -0.315934 0.0643899
vn -0.886965 0.134203 0.441908
v -1.05098 -0.371778 0.0823902
vn -0.733 0.219811 0.643735
v -1.01475 -0.173826 0.0862873
vn -0.806802 0.146169 0.572455
v -0.9088 0.126385 -0.0329761
vn -0.64784 0.741776 0.173413
v -0.904836 0.117689 0.00830093
vn -0.627108 0.713764 0.311893
v -0.933207 0.0913328 0.00375079
vn -0.728579 0.624806 0.280696
v -0.969719 0.0383307 0.0124454
vn -0.817061 0.529283 0.228626
v -0.996728 -0.0238754 0.0339459
vn -0.848718 0.395418 0.351172
v -1.0145 -0.0466125 0.00743049
vn -0.91979 0.366515 0.140191
v -1.02253 -0.0770019 0.021484
vn -0.920646 0.285312 0.266474
v -1.04093 -0.139783 0.0103306
vn -0.974493 0.173708 0.14209
v -1.04838 -0.209133 0.0309455
vn -0.949663 0.137492 0.281491
v -1.06444 -0.297483 0.0028312
vn -0.970609 0.187606 0.150738
v -1.0656 -0.348499 0.0397065
vn -0.874057 0.276637 0.39937
v -1.03423 -0.0951777 -0.0178175
vn -0.968425 0.244246 0.0499781
v -0.984088 0.0274474 -0.0298625
vn -0.868224 0.49232 0.0617117
v -0.94449 0.0892969 -0.0402426
vn -0.78952 0.605464 0.10036
v -0.995838 0.00066784 -0.00705714
vn -0.890064 0.433701 0.140317
v -1.02098 -0.0514655 -0.0468137
vn -0.937183 0.348834 -0.0014999
v -1.05127 -0.181068 -0.0513547
vn -0.988723 0.149745 -0.00197332
v -1.09109 -0.3695 -0.0248436
vn -0.90568 0.392374 0.160583
v -0.912589 0.126315 -0.072872
vn -0.709176 0.704388 -0.0301202
v -0.932837 0.101889 -0.0974901
vn -0.775891 0.605103 -0.178446
v -1.038 -0.115444 -0.0729916
vn -0.972506 0.221168 -0.0729157
v -0.957908 0.0711157 -0.0683623
vn -0.81829 0.574472 -0.019576
v -0.978475 0.0365886 -0.0823856
vn -0.864646 0.492576 -0.0987795
v -1.00132 -0.00470023 -0.0652464
vn -0.913439 0.398794 -0.0811989
v -1.06085 -0.262649 -0.0544245
vn -0.97349 0.203609 -0.104213
v -1.07608 -0.325013 -0.0497994
vn -0.955598 0.287893 0.0628467
v -0.969268 0.043889 -0.108931
vn -0.826884 0.495667 -0.265665
v -0.996622 -0.0120303 -0.111568
vn -0.885067 0.388879 -0.255793
v -1.02591 -0.0825474 -0.102133
vn -0.936885 0.279026 -0.210694
v -1.04123 -0.156583 -0.0966452
vn -0.968245 0.132988 -0.211697
v -1.04985 -0.243802 -0.0983562
vn -0.946673 0.160884 -0.279154
v -1.05824 -0.312428 -0.133415
vn -0.894926 0.360115 -0.263485
v -1.08783 -0.356454 -0.0827175
vn -0.912831 0.400266 -0.0807825
v -0.930219 0.0833806 -0.143573
vn -0.753901 0.549057 -0.36079
v -0.89487 0.132576 -0.127725
vn -0.679381 0.679749 -0.276374
v -0.963518 0.0237224 -0.151155
vn -0.819412 0.411584 -0.398952
v -1.00602 -0.0639468 -0.142344
vn -0.865567 0.299091 -0.40167
v -1.02738 -0.148671 -0.139778
vn -0.935015 0.137927 -0.326684
v -1.02424 -0.253537 -0.179536
vn -0.881917 0.176846 -0.436976
v -1.01685 -0.148918 -0.163297
vn -0.847384 0.169099 -0.503335
v -0.936943 0.0399478 -0.18174
vn -0.741841 0.467118 -0.481115
v -0.958209 -0.023007 -0.19936
vn -0.745833 0.347148 -0.568525
v -0.980341 -0.0620726 -0.188504
vn -0.815831 0.236853 -0.527562
v -0.985638 -0.133639 -0.207345
vn -0.787209 0.16871 -0.593161
v -1.03977 -0.312268 -0.181514
vn -0.864667 0.317072 -0.389636
v -1.1327 -0.492483 -0.139397
vn -0.841853 0.360247 -0.401878
v -0.300425 1.23945 0.0783608
vn -0.938898 0.322844 -0.119338
v -0.260942 1.32596 0.070474
vn -0.830075 0.543252 -0.125908
v -0.225764 1.37644 0.088707
vn -0.743877 0.66239 -0.0888
v -0.37698 1.03734 0.105255
vn -0.98576 0.0319313 0.165096
v -0.367691 1.04719 0.0874143
vn -0.268375 0.96161 -0.0572828
v -0.356469 1.04392 0.108536
vn 0.728405 0.681524 0.0703663
v -0.364524 1.04016 0.117267
vn 0.186022 0.783326 0.593124
v -0.326361 0.99796 0.124523
vn 0.774913 0.628344 0.0685113
v -0.333245 1.00979 0.0986608
vn 0.754567 0.653279 -0.0620894
v -0.326117 1.03582 0.0940159
vn -0.999277 0.0226167 0.0305737
v -0.32398 1.09176 0.0623045
vn -0.995385 0.0777849 -0.0562019
v -0.313224 1.20326 0.101065
vn -0.967888 0.236953 -0.0839347
v -0.275904 1.27119 0.00361214
vn -0.913695 0.35917 -0.190155
v -0.270947 1.29635 0.0392085
vn -0.88342 0.4348 -0.174696
v -0.21828 1.37234 0.029912
vn -0.721566 0.657625 -0.2165
v -0.185309 1.40846 0.0522165
vn -0.639884 0.75457 -0.145509
v -0.359806 1.03874 0.0669744
vn 0.61406 0.6565 -0.438107
v -0.376301 1.03519 0.0686938
vn -0.568701 0.671144 -0.475547
v -0.326577 1.00769 0.102745
vn -0.944472 0.275723 0.178744
v -0.317465 1.16232 0.0648731
vn -0.98118 0.129425 -0.143302
v -0.302119 1.19905 0.016333
vn -0.956203 0.23177 -0.178767
v -0.145943 1.44025 0.0764352
vn -0.526399 0.845261 -0.0918594
v -0.0505948 1.46976 0.0589752
vn -0.175838 0.977449 -0.116936
v -0.0168577 1.47636 0.0897372
vn -0.0331981 0.996022 -0.0826927
v 0.0415631 1.47484 0.101081
vn 0.155612 0.986933 -0.0418051
v -0.158972 1.42406 0.0304772
vn -0.529817 0.82441 -0.199101
v -0.112161 1.45045 0.0379002
vn -0.345497 0.920763 -0.181182
v 0.0949325 1.45962 0.0511388
vn 0.261427 0.958843 -0.110792
v 0.0335423 1.47165 0.0531896
vn 0.0929957 0.985639 -0.140954
v -0.323114 0.871874 0.123775
vn -0.861114 0.331074 0.385842
v -0.316949 0.797482 0.119783
vn -0.476094 -0.669156 0.570583
v -0.351349 0.97086 0.124928
vn -0.93694 -0.251911 0.242248
v -0.360782 0.954929 0.0783559
vn -0.86259 -0.311789 0.398405
v -0.366503 0.998364 0.0931958
vn -0.94558 -0.190916 0.263495
v -0.327827 0.898499 0.108393
vn -0.92378 -0.190624 0.332105
v -0.35558 0.868963 0.0784033
vn -0.883934 0.10983 0.454531
v -0.336992 0.815611 0.118213
vn -0.810734 -0.336971 0.478708
v -0.348858 0.833082 0.0957217
vn -0.960322 -0.267946 0.0773661
v -0.327368 0.797259 0.104482
vn -0.538705 -0.841148 -0.0476191
v -0.29791 0.79717 0.0882608
vn -0.723287 -0.504582 -0.471437
v -0.289157 0.792174 0.0624009
vn -0.915644 -0.266962 -0.300545
v -0.268751 0.702749 0.0813558
vn -0.969453 -0.243084 0.0327331
v -0.330372 1.01142 0.0764796
vn -0.871715 0.46614 0.151086
v -0.37527 0.951538 0.057497
vn -0.948772 -0.167267 0.268055
v -0.339558 1.01049 0.0688304
vn 0.58066 0.708567 -0.400957
v -0.333911 1.00886 0.0576244
vn -0.971601 0.202827 -0.12187
v -0.375629 0.969922 0.0343881
vn -0.947563 -0.149137 -0.282635
v -0.38126 1.01319 0.049754
vn -0.999743 -0.0110329 0.019803
v -0.364357 0.913254 0.0625393
vn -0.903558 -0.119445 0.41148
v -0.335688 0.807622 0.0873895
vn -0.78963 -0.511636 -0.338692
v -0.366727 0.917372 0.0368588
vn -0.874617 -0.314544 -0.368927
v -0.314611 0.807064 0.0857023
vn -0.0732776 -0.786326 -0.613451
v -0.336718 0.827391 0.0674147
vn -0.236088 -0.49113 -0.838483
v -0.314351 0.840326 0.0626404
vn -0.182958 -0.505836 -0.843004
v -0.314723 0.907845 0.0176
vn -0.830434 -0.347107 -0.43577
v -0.249702 0.54441 0.0513318
vn -0.952771 -0.0953044 0.288348
v -0.255722 0.626225 0.0709916
vn -0.958152 -0.181327 0.221507
v -0.264869 0.671728 0.046548
vn -0.992512 -0.102624 -0.0662469
v -0.24334 1.33872 0.0251011
vn -0.824528 0.526814 -0.206449
v -0.172968 1.39819 -0.0192483
vn -0.618457 0.73905 -0.267053
v -0.363237 0.999599 0.0319494
vn 0.154727 0.541929 -0.826058
v -0.328872 0.999276 0.0301559
vn -0.976159 0.0823048 -0.200847
v -0.306515 1.10734 -0.0403685
vn -0.974287 0.114101 -0.194284
v -0.341794 0.979418 0.0356483
vn 0.455975 0.514392 -0.726284
v -0.265451 1.26199 -0.0487834
vn -0.87897 0.375366 -0.29413
v -0.252934 1.29024 -0.0443884
vn -0.831975 0.466318 -0.300608
v -0.236257 1.32567 -0.0299745
vn -0.753764 0.592882 -0.283428
v -0.188433 1.36631 -0.0582565
vn -0.661368 0.658961 -0.358279
v -0.311528 1.04469 -0.0379717
vn -0.955243 -0.00952111 -0.295669
v -0.298324 1.15105 -0.0478814
vn -0.934246 0.217201 -0.282856
v -0.281901 1.231 -0.033435
vn -0.923275 0.276972 -0.266175
v -0.130224 1.42892 -0.01468
vn -0.439828 0.852524 -0.282408
v -0.063882 1.46044 0.0165104
vn -0.179359 0.955999 -0.232153
v -0.00274977 1.46542 0.0142247
vn -0.0148765 0.976351 -0.215679
v 0.0669004 1.45929 0.0150288
vn 0.175775 0.958936 -0.222587
v -0.0833455 1.44005 -0.0360279
vn -0.263735 0.908941 -0.32291
v -0.0335153 1.44881 -0.0359703
vn -0.0816267 0.931521 -0.35441
v 0.0329305 1.45542 -0.0170415
vn 0.0839967 0.948695 -0.304832
v 0.0839752 1.44561 -0.0199735
vn 0.266646 0.910805 -0.315174
v -0.330031 0.910942 0.0302614
vn -0.318287 -0.343613 -0.883529
v -0.35187 0.913722 0.0290213
vn -0.131443 -0.29834 -0.945366
v -0.360096 0.960344 0.0208494
vn -0.162084 0.0233518 -0.986501
v -0.334384 0.963203 0.0269952
vn -0.436216 0.0891651 -0.895414
v -0.373397 0.990037 0.0311683
vn -0.598969 0.186099 -0.778847
v -0.254043 0.834228 -0.0457472
vn -0.854662 -0.319263 -0.40942
v -0.256513 0.559735 0.0185531
vn -0.993259 -0.0705201 0.0919967
v -0.270087 0.745612 0.0353459
vn -0.930698 -0.0844069 -0.355916
v -0.2574 0.682224 0.0030535
vn -0.96464 0.0364554 -0.261036
v -0.320007 0.949372 0.00606974
vn -0.920485 -0.108462 -0.375425
v -0.218257 0.808844 -0.110432
vn -0.894633 -0.18503 -0.40669
v -0.257118 0.587833 -0.0118873
vn -0.997174 0.00724365 -0.0747737
v -0.260871 0.525871 -0.0181775
vn -0.994508 0.0634537 0.0832329
v -0.805639 0.142151 0.0896256
vn -0.434353 0.7127 0.550815
v -0.650835 0.207414 0.102478
vn -0.324952 0.790172 0.519649
v -0.714897 0.174352 0.1096
vn -0.358897 0.752115 0.552735
v -0.758744 0.177062 0.0733939
vn -0.37902 0.830089 0.409019
v -0.866178 0.120686 0.0622617
vn -0.545394 0.674304 0.497855
v -0.648717 0.223032 0.0754959
vn -0.275755 0.873202 0.401843
v -0.577668 0.230002 0.0901238
vn -0.116547 0.910389 0.396999
v -0.570059 0.260684 0.0195501
vn -0.146174 0.881988 0.44803
v -0.424517 0.241 0.0878529
vn -0.165959 0.815707 0.554148
v -0.640516 0.244988 0.0250555
vn -0.278627 0.91521 0.291131
v -0.599736 0.261083 0.00645505
vn -0.17886 0.922697 0.341526
v -0.486019 0.292384 0.00680916
vn -0.28961 0.721131 0.629361
v -0.879862 0.087824 0.0864028
vn -0.553211 0.599261 0.578657
v -0.75697 0.204562 0.00574446
vn -0.374235 0.890379 0.259178
v -0.834706 0.172134 -0.00153597
vn -0.495704 0.836765 0.232599
v -0.829948 0.158012 0.0413359
vn -0.436723 0.811888 0.387442
v -0.877742 0.134695 0.0230535
vn -0.557271 0.758847 0.337045
v -0.672286 0.230727 0.0359142
vn -0.363371 0.869867 0.333608
v -0.810241 0.192979 -0.0447659
vn -0.418169 0.905348 0.0740281
v -0.8475 0.175914 -0.0650521
vn -0.497795 0.865623 0.0538227
v -0.611612 0.276222 -0.052526
vn -0.38292 0.884636 0.266066
v -0.689175 0.243905 -0.0465648
vn -0.375274 0.911263 0.169616
v -0.374468 0.266089 0.0803371
vn -0.333207 0.655907 0.677318
v -0.361692 0.382781 -0.028377
vn -0.380605 0.739799 0.554831
v -0.524655 0.306268 -0.0354576
vn -0.374223 0.806112 0.458411
v -0.367458 0.346446 0.010758
vn -0.394419 0.646573 0.652975
v -0.247552 0.458276 0.0769577
vn -0.885816 0.18369 0.426131
v -0.266231 0.385056 0.08004
vn -0.79022 0.332244 0.514943
v -0.312484 0.317298 0.0815132
vn -0.561265 0.560024 0.609389
v -0.376177 0.237644 0.111529
vn -0.281281 0.775332 0.565456
v -0.296606 0.365678 0.0542071
vn -0.726893 0.519029 0.449706
v -0.254158 0.499679 0.0371258
vn -0.961423 0.128816 0.243047
v -0.267619 0.422289 0.0484319
vn -0.900861 0.319586 0.293793
v -0.319397 0.391403 -0.00505318
vn -0.505681 0.671154 0.542069
v -0.26723 0.504495 -0.0535789
vn -0.959044 0.260125 0.112111
v -0.283922 0.458891 -0.0480968
vn -0.846479 0.446748 0.289637
v -0.299196 0.441497 -0.0528253
vn -0.615241 0.682647 0.3943
v -0.222384 1.32048 -0.0702244
vn -0.751854 0.528454 -0.394274
v -0.298575 1.08332 -0.0735873
vn -0.932992 0.0633177 -0.354284
v -0.259205 1.23743 -0.0893765
vn -0.876826 0.295635 -0.379179
v -0.236008 1.2627 -0.109497
vn -0.784102 0.397889 -0.476308
v -0.216709 1.27967 -0.124337
vn -0.703104 0.464605 -0.538318
v -0.199862 1.32386 -0.103615
vn -0.664138 0.576645 -0.475816
v -0.283862 1.05542 -0.110181
vn -0.899231 -0.0193565 -0.437045
v -0.298091 0.992794 -0.0691265
vn -0.917684 -0.109742 -0.381853
v -0.274743 1.11421 -0.121909
vn -0.866084 0.109293 -0.487805
v -0.286495 1.13957 -0.0881414
vn -0.909024 0.188034 -0.371913
v -0.256518 1.1873 -0.125715
vn -0.843278 0.249481 -0.476068
v -0.144586 1.40219 -0.0607678
vn -0.528447 0.767281 -0.363351
v -0.108276 1.41452 -0.074874
vn -0.354038 0.83694 -0.417359
v -0.0710908 1.41786 -0.0904699
vn -0.194013 0.860977 -0.470189
v 0.0190432 1.44467 -0.0495351
vn 0.0328113 0.922928 -0.383572
v 0.016707 1.42651 -0.0879916
vn 0.0489042 0.874915 -0.481801
v 0.0593523 1.43147 -0.069749
vn 0.180927 0.894824 -0.408112
v -0.154076 1.35431 -0.123964
vn -0.554611 0.652549 -0.516321
v -0.137465 1.38628 -0.0974854
vn -0.492454 0.724367 -0.482474
v -0.0963203 1.38758 -0.127154
vn -0.283747 0.794787 -0.536471
v -0.00121409 1.40674 -0.121767
vn -0.0110325 0.825141 -0.564819
v -0.0368939 1.42278 -0.0927046
vn -0.0825276 0.872422 -0.481736
v 0.082378 1.40795 -0.10283
vn 0.202986 0.828642 -0.52168
v -0.292084 0.937345 -0.0540025
vn -0.851376 -0.286122 -0.439652
v -0.240573 0.887582 -0.112168
vn -0.844573 -0.29013 -0.450023
v -0.237318 0.658052 -0.0716185
vn -0.930437 0.107913 -0.350203
v -0.226316 0.755519 -0.0798597
vn -0.914345 0.00550795 -0.4049
v -0.254705 0.568137 -0.0477246
vn -0.975604 0.137601 -0.171065
v -0.273627 1.00672 -0.120614
vn -0.840951 -0.179214 -0.510572
v -0.247845 0.93156 -0.125614
vn -0.803668 -0.246536 -0.541607
v -0.214587 0.655189 -0.1192
vn -0.847838 0.0895585 -0.522637
v -0.246185 0.566216 -0.0863259
vn -0.903925 0.238499 -0.355018
v -0.215918 0.586417 -0.135522
vn -0.783985 0.213456 -0.582927
v -0.205062 1.24218 -0.163878
vn -0.670431 0.386037 -0.633639
v -0.165896 1.31835 -0.150205
vn -0.607555 0.503193 -0.614552
v -0.251831 1.00499 -0.150435
vn -0.773788 -0.184026 -0.606124
v -0.254492 1.06655 -0.157876
vn -0.812068 -0.0296803 -0.582808
v -0.242223 1.11469 -0.169937
vn -0.764825 0.11124 -0.634561
v -0.242 1.15609 -0.161103
vn -0.795687 0.191643 -0.574592
v -0.233696 1.20795 -0.149225
vn -0.753043 0.311983 -0.579304
v -0.149939 1.27926 -0.190805
vn -0.524379 0.452784 -0.721119
v -0.218875 1.02994 -0.196331
vn -0.74209 -0.111234 -0.661006
v -0.226003 1.0827 -0.192427
vn -0.730251 0.0158015 -0.682997
v -0.216244 1.16956 -0.185217
vn -0.681313 0.224558 -0.696697
v -0.184367 1.2193 -0.196228
vn -0.606857 0.322109 -0.726616
v -0.0985155 1.36742 -0.151986
vn -0.303013 0.692732 -0.654451
v -0.0446089 1.3848 -0.148586
vn -0.135375 0.772912 -0.619904
v -0.00973754 1.37428 -0.163356
vn -0.017048 0.732645 -0.680398
v 0.0334688 1.38773 -0.146058
vn 0.105009 0.802199 -0.587749
v -0.125411 1.33793 -0.165324
vn -0.45221 0.578745 -0.678646
v -0.0922343 1.32596 -0.191581
vn -0.292384 0.579058 -0.761054
v -0.0364791 1.3384 -0.194693
vn -0.109067 0.636398 -0.763611
v 0.0331732 1.36197 -0.174196
vn 0.0787547 0.683384 -0.725798
v 0.0671817 1.33274 -0.194427
vn 0.212493 0.591418 -0.777864
v 0.0794258 1.36978 -0.156233
vn 0.240621 0.748216 -0.618284
v 0.0243285 1.33181 -0.200753
vn 0.0415294 0.592978 -0.804147
v -0.194126 0.814143 -0.152458
vn -0.787823 -0.21409 -0.577495
v -0.185347 0.61911 -0.161032
vn -0.64916 0.108671 -0.752849
v -0.168473 0.707111 -0.167651
vn -0.567556 0.0420321 -0.822261
v -0.187799 0.754888 -0.147159
vn -0.773851 -0.00328572 -0.633359
v -0.237847 0.542745 -0.128017
vn -0.80849 0.413232 -0.419027
v -0.177911 0.826068 -0.174533
vn -0.622239 -0.248191 -0.742441
v -0.204262 0.949937 -0.19083
vn -0.754682 -0.224426 -0.616513
v -0.155477 0.544565 -0.203587
vn -0.503928 0.39321 -0.769053
v -0.147055 0.804566 -0.190825
vn -0.491973 -0.207792 -0.84545
v -0.150395 0.573499 -0.193738
vn -0.343916 0.326609 -0.880368
v -0.122236 0.601898 -0.200233
vn -0.414702 0.0778548 -0.90662
v -0.144114 0.731388 -0.183753
vn -0.493959 -0.0173478 -0.869312
v -0.115183 0.733121 -0.193544
vn -0.17735 0.0214104 -0.983915
v 4.19e-06 0.648196 -0.192173
vn -0.00100517 0.265213 -0.964189
v 0.0157834 0.685682 -0.185658
vn -0.0582373 0.115419 -0.991608
v -0.0107761 0.701043 -0.183156
vn 0.105068 0.0448699 -0.993452
v 0.00562957 0.737362 -0.183752
vn -0.103115 -0.0849596 -0.991034
v -0.0224144 0.751627 -0.187156
vn 0.106481 -0.158903 -0.981535
v -0.0617605 0.674839 -0.194228
vn 0.0724724 0.191982 -0.978719
v -0.0895928 0.698581 -0.195466
vn 0.107424 0.0135838 -0.994121
v -0.0865213 0.756388 -0.197377
vn 0.057713 -0.110976 -0.992146
v 0.0617689 0.674839 -0.194228
vn -0.0608291 0.188362 -0.980214
v 0.0896012 0.698581 -0.195466
vn -0.104067 0.0200596 -0.994368
v 0.0865297 0.756388 -0.197377
vn -0.0727647 -0.151508 -0.985774
v 0.0257669 0.787245 -0.196755
vn -0.0686028 -0.30195 -0.950852
v -0.875938 0.156682 -0.051476
vn -0.59013 0.800466 0.104886
v -0.828012 0.184832 -0.0955742
vn -0.458812 0.880231 -0.12118
v -0.878405 0.154084 -0.0992978
vn -0.583366 0.803766 -0.11681
v -0.640534 0.27678 -0.124631
vn -0.451325 0.888475 0.0831774
v -0.350298 0.408677 -0.0607788
vn -0.441488 0.803256 0.399835
v -0.486315 0.354972 -0.0968051
vn -0.41656 0.841321 0.344466
v -0.364796 0.412399 -0.0923353
vn -0.435254 0.871695 0.22517
v -0.501988 0.352932 -0.119876
vn -0.455989 0.873393 0.171055
v -0.829586 0.165445 -0.164392
vn -0.473972 0.810854 -0.343316
v -0.728263 0.228698 -0.142136
vn -0.480673 0.867134 -0.13051
v -0.863267 0.152476 -0.14194
vn -0.526828 0.803451 -0.277341
v -0.747686 0.195365 -0.200211
vn -0.489097 0.727077 -0.481813
v -0.851099 0.140083 -0.181846
vn -0.551606 0.679234 -0.484121
v -0.893048 0.105934 -0.175006
vn -0.661558 0.588657 -0.46457
v -0.685211 0.247533 -0.179439
vn -0.534496 0.806035 -0.254207
v -0.400684 0.401726 -0.13092
vn -0.415058 0.909367 0.027895
v -0.517187 0.348086 -0.147304
vn -0.460674 0.886506 0.0434405
v -0.500552 0.356269 -0.172742
vn -0.444878 0.890686 -0.0936093
v -0.332566 0.428548 -0.15373
vn -0.425882 0.894036 -0.139012
v -0.450443 0.369422 -0.21366
vn -0.363455 0.895266 -0.257681
v -0.578217 0.309504 -0.194626
vn -0.493644 0.854567 -0.161339
v -0.282489 0.47564 -0.0943088
vn -0.813108 0.581626 0.0238214
v -0.320038 0.438945 -0.0946768
vn -0.556 0.828221 0.0701009
v -0.26083 0.510466 -0.108815
vn -0.884176 0.418335 -0.207913
v -0.278898 0.467966 -0.152746
vn -0.638779 0.728608 -0.247167
v -0.251659 0.488987 -0.167478
vn -0.678645 0.57781 -0.453406
v -0.218114 0.537261 -0.158222
vn -0.610379 0.471261 -0.636672
v -0.295911 0.437281 -0.194519
vn -0.506783 0.807864 -0.300877
v -0.331389 0.421917 -0.187977
vn -0.359822 0.894373 -0.265753
v -0.251394 0.454963 -0.214651
vn -0.48888 0.718398 -0.494874
v -0.204694 0.508617 -0.196478
vn -0.529531 0.593816 -0.605788
v -1.53315 -1.21436 0.0847927
vn -0.887367 0.426647 0.174788
v -1.56644 -1.30321 0.114207
vn -0.904626 0.37805 0.196797
v -1.39116 -1.00023 0.1056
vn -0.494312 0.589892 0.6385
v -1.44005 -1.05579 0.104861
vn -0.736254 0.52013 0.432892
v -1.48938 -1.13781 0.107304
vn -0.831881 0.448442 0.326917
v -1.4077 -0.980816 0.0533319
vn -0.758689 0.572788 0.31033
v -1.39077 -0.967781 0.0671914
vn -0.671512 0.592136 0.445474
v -1.51179 -1.16435 0.0552758
vn -0.898308 0.438457 0.0282592
v -1.56017 -1.27474 0.0764455
vn -0.920035 0.389348 0.044092
v -1.45673 -1.058 0.0570141
vn -0.869823 0.487367 0.0766874
v -1.46388 -1.0811 0.0882556
vn -0.850906 0.485022 0.201772
v -1.33276 -0.85434 -0.018503
vn -0.857831 0.513788 -0.0121408
v -1.42161 -0.997929 0.0435087
vn -0.848782 0.528331 0.0208689
v -1.46975 -1.08476 0.0244704
vn -0.87974 0.45499 -0.137988
v -1.53409 -1.23255 0.00232027
vn -0.893459 0.379817 -0.239731
v -1.53647 -1.22168 0.0383133
vn -0.911588 0.393408 -0.119321
v -1.35362 -0.893558 -0.0432954
vn -0.887374 0.447615 -0.110486
v -1.43883 -1.03421 -0.0014953
vn -0.863872 0.44667 -0.232833
v -1.52951 -1.25119 -0.029836
vn -0.856009 0.333303 -0.395167
v -1.43754 -1.06018 -0.0433002
vn -0.850651 0.419473 -0.316916
v -1.49425 -1.16763 -0.0293266
vn -0.846916 0.380521 -0.371398
v -1.19567 -0.820504 0.100908
vn -0.513231 0.22076 0.829373
v -1.12865 -0.720787 0.118121
vn -0.423902 0.157799 0.891856
v -1.13381 -0.566967 0.0653024
vn -0.711138 0.305791 0.633068
v -1.22616 -0.795515 0.0709144
vn -0.643477 0.278896 0.71285
v -1.02063 -0.400325 0.114177
vn -0.519771 0.113117 0.846784
v -1.07795 -0.536718 0.104684
vn -0.57801 0.21866 0.786189
v -1.01309 -0.473796 0.126445
vn -0.382491 0.128196 0.915023
v -1.00465 -0.563518 0.140489
vn -0.1574 0.0362182 0.986871
v -1.02236 -0.550405 0.134603
vn -0.311491 0.115801 0.943167
v -1.05397 -0.754449 0.130152
vn 0.0860503 -0.0869904 0.992486
v -1.13666 -0.814708 0.126526
vn -0.22684 0.0777356 0.970825
v -1.04523 -0.828669 0.115393
vn 0.394462 -0.200707 0.896725
v -1.09734 -0.862912 0.129333
vn 0.272572 -0.104153 0.956481
v -0.965161 -0.678027 0.124688
vn 0.364074 -0.28194 0.887671
v -0.851324 -0.562454 0.111387
vn 0.511726 -0.370775 0.775024
v -0.988386 -0.766236 0.103411
vn 0.527568 -0.348139 0.774901
v -1.10213 -0.4925 0.0686513
vn -0.776218 0.282 0.563881
v -0.943006 -0.755338 0.0732467
vn 0.64117 -0.416787 0.644352
v -0.87117 -0.632545 0.0861894
vn 0.656887 -0.439824 0.612418
v -0.956686 -0.816394 0.0452701
vn 0.745218 -0.415266 0.521732
v -1.2834 -0.90715 0.0870636
vn -0.378928 0.476288 0.79345
v -1.25401 -0.941155 0.111626
vn -0.23709 0.357669 0.90325
v -1.36885 -0.991145 0.115439
vn -0.408348 0.61116 0.678037
v -1.21583 -0.909548 0.113515
vn -0.342008 0.209318 0.916088
v -1.2104 -1.0059 0.13
vn -0.0711339 0.0651785 0.995335
v -1.15064 -0.949484 0.132276
vn 0.0778234 -0.0534346 0.995534
v -1.23402 -0.983299 0.125359
vn 0.0135868 0.260643 0.96534
v -1.19909 -1.05178 0.126415
vn 0.281811 -0.197025 0.939023
v -1.12221 -1.02071 0.107461
vn 0.448116 -0.34823 0.823364
v -1.15832 -1.07909 0.0966066
vn 0.614777 -0.478628 0.626869
v -1.18645 -1.11928 0.0994138
vn 0.555476 -0.235871 0.797378
v -1.20389 -1.16673 0.105768
vn 0.680816 -0.0489189 0.730819
v -1.26625 -0.820658 0.0492336
vn -0.605289 0.416134 0.67857
v -1.30629 -0.868836 0.0485019
vn -0.520337 0.561491 0.643411
v -1.34938 -0.913795 0.0508314
vn -0.635017 0.609747 0.474301
v -1.24946 -0.858609 0.080281
vn -0.441525 0.336519 0.831751
v -1.13276 -1.10848 0.0507923
vn 0.706543 -0.345361 0.617675
v -1.15715 -1.1864 0.0565262
vn 0.768021 -0.0970389 0.63303
v -1.13045 -1.20221 0.0159513
vn 0.840712 -0.112603 0.529645
v -1.02039 -0.8433 0.0967798
vn 0.567579 -0.2679 0.778514
v -1.10016 -0.929078 0.1243
vn 0.315642 -0.149441 0.937036
v -1.07925 -0.954111 0.105002
vn 0.583506 -0.284821 0.760524
v -1.12979 -0.990778 0.122405
vn 0.365936 -0.252663 0.895685
v -1.00059 -0.853855 0.0741858
vn 0.65625 -0.333369 0.676906
v -1.04239 -0.947896 0.0719848
vn 0.749008 -0.41915 0.513128
v -1.10872 -1.03137 0.0902973
vn 0.645627 -0.449215 0.617553
v -1.10404 -1.05969 0.0577884
vn 0.739109 -0.478504 0.474081
v -1.20906 -0.650096 0.00862323
vn -0.826614 0.387014 0.408569
v -1.12904 -0.494907 0.026574
vn -0.803912 0.356354 0.47617
v -1.25002 -0.758673 0.0264987
vn -0.74785 0.366079 0.553811
v -1.31906 -0.840112 -0.000888779
vn -0.735013 0.53484 0.416775
v -1.17887 -0.563366 -0.0145581
vn -0.860196 0.400775 0.315343
v -1.26353 -0.737211 -0.0160086
vn -0.838684 0.442699 0.317216
v -1.0862 -0.395366 0.0285499
vn -0.871415 0.348397 0.345335
v -0.891276 -0.718544 0.0356412
vn 0.747159 -0.47625 0.463616
v -0.964757 -0.864577 0.0120675
vn 0.808069 -0.466585 0.359616
v -1.13663 -0.465019 -0.0267472
vn -0.886434 0.414443 0.206087
v -1.06224 -1.02096 0.0283618
vn 0.791444 -0.465906 0.395661
v -1.0513 -1.04694 -0.0335812
vn 0.834358 -0.443046 0.32796
v -1.10821 -1.11507 0.0118375
vn 0.826543 -0.324319 0.460048
v -0.863428 -0.71712 -0.0230753
vn 0.820048 -0.490582 0.294703
v -1.0775 -1.13153 -0.0619212
vn 0.882835 -0.319336 0.344422
v -1.10082 -1.17417 -0.0337957
vn 0.898261 -0.236573 0.370353
v -1.17677 -1.29803 0.0730872
vn 0.882887 -0.207163 0.421419
v -1.58824 -1.35101 0.039691
vn -0.931481 0.325149 -0.16316
v -1.66022 -1.55785 0.0755856
vn -0.927621 0.258156 -0.269953
v -1.7043 -1.69512 0.104514
vn -0.909651 0.234456 -0.342879
v -1.59709 -1.3912 0.0229181
vn -0.916945 0.260724 -0.30205
v -1.64863 -1.56933 0.0378342
vn -0.882731 0.185536 -0.431697
v -1.68781 -1.70082 0.0688307
vn -0.839488 0.130971 -0.527358
v -1.32211 -1.56527 0.0633492
vn 0.744576 -0.666477 0.0376271
v -1.41373 -1.65507 0.050709
vn 0.686829 -0.703698 -0.181867
v -1.78853 -1.95403 0.123194
vn -0.772986 0.200924 -0.601766
v -1.71385 -1.77634 0.0876211
vn -0.765264 0.162615 -0.622839
v -1.6605 -1.89989 0.100272
vn 0.427485 -0.57766 -0.695388
v -1.64863 -1.90756 0.122128
vn 0.677404 -0.571359 -0.463327
v -1.7306 -1.86141 0.0885867
vn -0.581 0.0545697 -0.812072
v -1.7117 -1.95779 0.101536
vn 0.324245 -0.256943 -0.910409
v -1.77637 -1.98053 0.106746
vn -0.582146 0.132702 -0.802182
v -1.75379 -1.96916 0.0977164
vn -0.154069 -0.0388686 -0.987295
v -1.80139 -2.13571 0.0987732
vn -0.342283 0.0764533 -0.936481
v -1.7736 -2.06147 0.0990433
vn 0.0185436 0.0102204 -0.999776
v -1.83992 -2.14933 0.126428
vn -0.727936 0.169191 -0.664442
v -1.67238 -1.9484 0.125467
vn 0.70791 -0.273889 -0.651036
v -1.71112 -2.01233 0.111888
vn 0.500793 -0.110762 -0.858451
v -1.69407 -2.02615 0.127144
vn 0.765146 -0.151864 -0.62569
v -1.74015 -2.02208 0.101321
vn 0.244128 -0.0129732 -0.969656
v -1.72882 -2.10169 0.106003
vn 0.496711 -0.0741677 -0.864741
v -1.71237 -2.10459 0.118774
vn 0.701941 -0.171146 -0.691367
v -1.72774 -2.17117 0.124227
vn 0.754238 -0.288592 -0.589779
v -1.76902 -2.21189 0.101055
vn 0.480687 -0.188703 -0.856348
v -1.6797 -1.75147 0.0527337
vn -0.684077 -0.00260872 -0.729405
v -1.6687 -1.79853 0.0496806
vn -0.424498 -0.177233 -0.887913
v -1.63295 -1.79674 0.0391662
vn -0.00961146 -0.464864 -0.88533
v -1.71368 -1.88263 0.0801585
vn -0.179352 -0.181089 -0.966974
v -1.59613 -1.81336 0.059142
vn 0.348225 -0.645509 -0.679748
v -1.69206 -1.89794 0.0832909
vn 0.0949015 -0.392744 -0.914738
v -1.76857 -2.12104 0.0938045
vn -0.0177716 0.0103966 -0.999788
v -1.75299 -2.12258 0.0965107
vn 0.313572 -0.0463641 -0.948432
v -1.58312 -1.83058 0.0945982
vn 0.633235 -0.69469 -0.341202
v -1.53492 -1.75766 0.0373838
vn 0.485991 -0.694884 -0.530046
v -1.58436 -1.7682 0.0234287
vn 0.149018 -0.580467 -0.800532
v -1.63461 -1.58837 0.00994538
vn -0.807175 0.104151 -0.581051
v -1.61256 -1.59978 -0.0157193
vn -0.686846 -0.0034471 -0.726794
v -1.58425 -1.40028 -0.014935
vn -0.862355 0.196973 -0.466417
v -1.32783 -1.55809 -0.00199429
vn 0.633685 -0.703659 -0.321413
v -1.4835 -1.70928 0.0259578
vn 0.593362 -0.695966 -0.404417
v -1.56947 -1.33464 -0.00725226
vn -0.890407 0.301096 -0.341344
v -1.5664 -1.44005 -0.0543631
vn -0.786934 0.120608 -0.605135
v -1.58142 -1.61211 -0.0391414
vn -0.529625 -0.133455 -0.837667
v -1.52601 -1.68488 -0.0238543
vn 0.209668 -0.55468 -0.805214
v -1.53533 -1.65734 -0.0398207
vn 0.00387223 -0.45417 -0.890907
v -1.60759 -1.70867 -0.00222378
vn -0.336972 -0.279967 -0.898926
v -1.55011 -1.64385 -0.0435988
vn -0.216117 -0.340378 -0.915115
v -1.36013 -1.56528 -0.0346203
vn 0.540417 -0.676089 -0.500852
v -1.41592 -1.60934 -0.0316586
vn 0.460846 -0.648515 -0.605846
v -1.50625 -1.70344 -0.00161296
vn 0.382733 -0.635314 -0.670739
v -1.4359 -1.60044 -0.0525123
vn 0.341865 -0.597189 -0.725599
v -1.20542 -1.29986 0.117794
vn 0.807973 -0.0755928 0.58435
v -1.21469 -1.3442 0.118013
vn 0.814723 -0.248446 0.523929
v -1.25531 -1.45264 0.103218
vn 0.81782 -0.454089 0.353515
v -1.27456 -1.49879 0.0821485
vn 0.791069 -0.568733 0.225281
v -1.19129 -1.34557 0.0745032
vn 0.849792 -0.327078 0.413368
v -1.21181 -1.39954 0.0663602
vn 0.839676 -0.417096 0.347816
v -1.22266 -1.43004 0.0462968
vn 0.840024 -0.508058 0.19036
v -1.27398 -1.50835 0.0465502
vn 0.806998 -0.583972 0.0879192
v -1.17843 -1.353 0.0364906
vn 0.89572 -0.32653 0.301768
v -1.15673 -1.33071 -0.0135752
vn 0.908388 -0.411628 0.07344
v -1.18469 -1.38142 -0.00256312
vn 0.865877 -0.490686 0.0973874
v -1.20506 -1.41505 -0.0133091
vn 0.824525 -0.565728 -0.0104579
v -1.25832 -1.48875 0.00818529
vn 0.783184 -0.619895 -0.0485146
v -1.30786 -1.54823 0.0288756
vn 0.710079 -0.688366 -0.148121
v -1.24696 -1.46867 -0.0241592
vn 0.736082 -0.645986 -0.202201
v -1.13182 -1.27335 -0.0278506
vn 0.918745 -0.300477 0.256168
v -1.2872 -1.503 -0.0396193
vn 0.612113 -0.673504 -0.414379
v -1.35581 -0.938736 -0.0979681
vn -0.838848 0.386968 -0.38287
v -1.46164 -1.16118 -0.0854056
vn -0.811168 0.341407 -0.474813
v -1.5375 -1.30747 -0.0534843
vn -0.825003 0.296169 -0.481304
v -1.3717 -1.00616 -0.122008
vn -0.782241 0.329116 -0.528944
v -1.46753 -1.21716 -0.10895
vn -0.768072 0.282583 -0.574641
v -1.38255 -1.0713 -0.146587
vn -0.752275 0.308607 -0.582103
v -1.40676 -1.14928 -0.152572
vn -0.708462 0.254353 -0.658321
v -1.45698 -1.26488 -0.138875
vn -0.676004 0.178825 -0.714871
v -1.35833 -1.1094 -0.187143
vn -0.660753 0.220873 -0.71737
v -1.36481 -1.17564 -0.196769
vn -0.576627 0.122865 -0.807716
v -1.45214 -1.31173 -0.149105
vn -0.58204 0.0458764 -0.811865
v -1.16821 -0.521181 -0.0535433
vn -0.901038 0.431005 0.0486344
v -1.19386 -0.579147 -0.0729676
vn -0.893898 0.420403 -0.155592
v -1.20932 -0.614884 -0.0399233
vn -0.883303 0.435863 0.172622
v -1.21386 -0.628691 -0.0894402
vn -0.867754 0.416464 -0.271222
v -1.30007 -0.808825 -0.092246
vn -0.858512 0.401471 -0.319026
v -1.00192 -0.986294 -0.0749297
vn 0.833031 -0.479333 0.276224
v -1.0804 -1.15963 -0.0914545
vn 0.916347 -0.374281 0.142201
v -0.909425 -0.855426 -0.136141
vn 0.854356 -0.491885 0.167704
v -0.991915 -0.98883 -0.119382
vn 0.866684 -0.485133 0.11621
v -1.03463 -1.05992 -0.101874
vn 0.869718 -0.429371 0.243374
v -1.07069 -1.14259 -0.124623
vn 0.896993 -0.437436 -0.0636632
v -1.12689 -1.27237 -0.0996915
vn 0.909799 -0.414981 -0.00758551
v -1.20716 -0.64992 -0.132337
vn -0.826293 0.385959 -0.410213
v -1.25947 -0.768758 -0.14011
vn -0.809445 0.365667 -0.459441
v -1.17648 -0.641864 -0.173475
vn -0.769404 0.349758 -0.534497
v -1.24206 -0.803587 -0.183148
vn -0.697183 0.296854 -0.652544
v -1.26698 -0.815456 -0.159443
vn -0.752903 0.315712 -0.577463
v -1.08747 -0.442632 -0.186568
vn -0.811844 0.299092 -0.501452
v -1.10884 -0.532704 -0.201179
vn -0.711155 0.269549 -0.649309
v -1.31385 -0.973338 -0.178295
vn -0.693408 0.277231 -0.665077
v -1.32165 -1.06757 -0.205617
vn -0.60175 0.22384 -0.766676
v -1.02475 -1.04644 -0.157316
vn 0.868581 -0.487501 -0.0889432
v -1.1347 -1.27662 -0.12655
vn 0.854122 -0.459209 -0.244138
v -0.920633 -0.872467 -0.161173
vn 0.84862 -0.498955 -0.175751
v -0.977322 -0.951316 -0.189876
vn 0.791516 -0.464372 -0.397318
v -1.12744 -1.24065 -0.157264
vn 0.829928 -0.46545 -0.307532
v -1.12343 -1.19883 -0.18853
vn 0.681135 -0.427719 -0.594232
v -1.15202 -1.26614 -0.169331
vn 0.641845 -0.49522 -0.585484
v -1.52098 -1.30856 -0.0789019
vn -0.797384 0.200796 -0.569087
v -1.5076 -1.48576 -0.100647
vn -0.399435 -0.187942 -0.89729
v -1.525 -1.57165 -0.0730232
vn -0.33667 -0.241487 -0.91013
v -1.4408 -1.47217 -0.126622
vn -0.178685 -0.331062 -0.926536
v -1.4146 -1.53699 -0.0924915
vn 0.191211 -0.530658 -0.825736
v -1.5105 -1.33325 -0.0998413
vn -0.728416 0.156048 -0.667128
v -1.52446 -1.39698 -0.0951405
vn -0.68359 0.0450342 -0.728475
v -1.52163 -1.44705 -0.0983049
vn -0.586999 -0.0485121 -0.808133
v -1.38539 -1.45174 -0.138892
vn 0.0557337 -0.452654 -0.889943
v -1.45081 -1.3573 -0.149327
vn -0.458949 -0.0798462 -0.884868
v -1.4319 -1.40033 -0.15128
vn -0.323949 -0.203731 -0.923878
v -1.35658 -1.26792 -0.200813
vn -0.31759 -0.159861 -0.934656
v -1.39302 -1.40038 -0.160484
vn -0.129589 -0.304841 -0.943546
v -1.16259 -1.34274 -0.0724235
vn 0.854496 -0.512228 -0.0863655
v -1.19849 -1.39348 -0.0755479
vn 0.733756 -0.620922 -0.275785
v -1.26928 -1.43068 -0.113305
vn 0.453201 -0.633768 -0.626855
v -1.16606 -1.33008 -0.117342
vn 0.760657 -0.549262 -0.345995
v -1.20172 -1.36592 -0.124179
vn 0.585939 -0.63367 -0.505112
v -1.25311 -1.36477 -0.159273
vn 0.317731 -0.551067 -0.771603
v -1.3262 -1.4248 -0.143441
vn 0.226421 -0.521841 -0.822445
v -1.32991 -1.37221 -0.171902
vn 0.0513068 -0.404425 -0.913131
v -1.16961 -1.31412 -0.144161
vn 0.626173 -0.558234 -0.544318
v -1.23384 -1.2666 -0.210939
vn 0.1856 -0.452176 -0.872404
v -1.28108 -1.22136 -0.23107
vn -0.105734 -0.286679 -0.952174
v -1.16893 -1.23204 -0.207106
vn 0.502756 -0.437925 -0.745291
v -1.19482 -1.31469 -0.166217
vn 0.441521 -0.548074 -0.710404
v -1.19095 -1.23472 -0.214792
vn 0.312606 -0.455726 -0.833421
v -0.762682 -0.429854 0.105628
vn 0.707806 -0.429283 0.561005
v -0.672292 -0.457272 0.103321
vn -0.928973 -0.0730879 0.36286
v -0.696468 -0.407261 0.0503591
vn -0.922132 -0.0813273 0.37823
v -0.658621 -0.35897 0.134906
vn -0.887967 -0.113314 0.44573
v -0.682024 -0.357833 0.0995868
vn -0.61844 -0.544973 0.56616
v -0.699445 -0.388451 0.057113
vn 0.074168 -0.711682 0.698576
v -0.728835 -0.36084 0.1228
vn 0.60874 -0.427407 0.668401
v -0.719787 -0.386419 0.0870019
vn 0.692574 -0.538305 0.480176
v -0.816996 -0.556901 0.0836403
vn 0.663328 -0.430043 0.61242
v -0.806241 -0.571305 0.0572927
vn 0.751498 -0.444521 0.487496
v -0.732625 -0.425423 0.0632006
vn 0.79087 -0.421651 0.443548
v -0.680042 -0.615698 0.0492722
vn -0.914725 -0.113706 0.387748
v -0.632119 -0.786975 0.0763076
vn -0.88313 -0.185988 0.430685
v -0.583242 -0.908559 0.102664
vn -0.898689 -0.341163 0.27562
v -0.617321 -0.837951 0.0854927
vn -0.891587 -0.26463 0.367483
v -0.549921 -1.04588 0.0648362
vn -0.97348 -0.170223 0.152844
v -0.538076 -1.12482 0.0847918
vn -0.990318 -0.114489 0.0785069
v -0.531462 -1.17828 0.0672746
vn -0.980531 -0.150484 -0.126148
v -0.566347 -0.980826 0.0390342
vn -0.955771 -0.284906 0.0730116
v -0.577646 -0.935995 0.0676116
vn -0.910138 -0.386121 0.150196
v -0.621959 -0.843005 0.0637823
vn -0.917201 -0.381048 0.116378
v -0.655143 -0.754881 0.03319
vn -0.927346 -0.305714 0.215796
v -0.525004 -1.20683 0.037649
vn -0.987061 -0.065761 -0.146242
v -0.693981 -0.60725 0.00797557
vn -0.963192 -0.0782435 0.257175
v -0.704945 -0.479975 0.00283331
vn -0.969228 -0.105346 0.222484
v -0.712179 -0.451474 -0.00546797
vn -0.792076 -0.465652 0.394694
v -0.718077 -0.428503 0.026179
vn 0.846307 -0.445541 0.29199
v -0.757542 -0.527657 0.009268
vn 0.866114 -0.428136 0.257964
v -0.778051 -0.550738 0.0297752
vn 0.801275 -0.461837 0.380348
v -0.829055 -0.634678 0.0230744
vn 0.783529 -0.510291 0.35452
v -0.67655 -0.698204 0.0220235
vn -0.908666 -0.226103 0.351003
v -0.688552 -0.662644 0.00428391
vn -0.955789 -0.152751 0.251266
v -0.706396 -0.537851 -0.0551975
vn -0.994096 -0.104353 0.0297303
v -0.721719 -0.472647 -0.0441163
vn 0.742837 -0.599067 0.298849
v -0.737656 -0.517397 -0.0565559
vn 0.893258 -0.409341 0.185822
v -0.790698 -0.608314 -0.0314974
vn 0.827307 -0.500443 0.255185
v -0.659887 -0.770949 -0.0313277
vn -0.911595 -0.408384 0.0470773
v -0.681521 -0.714644 -0.0208208
vn -0.942674 -0.312265 0.117716
v -0.689836 -0.684365 -0.0345447
vn -0.97965 -0.199812 0.0189962
v -0.648956 -0.780407 0.0167391
vn -0.923878 -0.376977 0.0658598
v -0.553259 -1.0408 0.0295696
vn -0.978409 -0.204379 -0.0307496
v -0.588757 -0.922158 0.0200548
vn -0.920313 -0.390354 0.0254615
v -0.630342 -0.827223 -0.00244057
vn -0.908143 -0.417731 0.0278618
v -0.518519 -1.25378 0.0138707
vn -0.971825 -0.0226676 -0.234613
v -0.547942 -1.03795 -0.00923654
vn -0.926562 -0.280179 -0.250965
v -0.572797 -0.952063 -0.0411903
vn -0.920792 -0.364492 -0.138883
v -0.597632 -0.896356 -0.0487822
vn -0.904633 -0.423654 -0.0464294
v -0.518435 -1.12906 -0.0341985
vn -0.945826 -0.163242 -0.280651
v -0.502806 -1.23826 -0.0350498
vn -0.906484 -0.0540303 -0.418768
v -0.530365 -1.39385 0.0647189
vn -0.989397 -0.0243494 -0.14318
v -0.540333 -1.58448 0.102791
vn -0.970373 0.238237 0.0402388
v -0.526241 -1.54001 0.0437236
vn -0.966623 0.222348 -0.127283
v -0.582509 -1.74699 0.0785334
vn -0.974321 0.219606 -0.049714
v -0.520353 -1.49587 0.0407283
vn -0.982297 0.00750324 -0.187181
v -0.622631 -1.95529 0.112473
vn -0.986277 0.161481 -0.0343755
v -0.649828 -2.14947 0.11415
vn -0.989276 0.140267 -0.0407108
v -0.617441 -1.94669 0.0666861
vn -0.979181 0.156569 -0.129191
v -0.637296 -2.09042 0.0731299
vn -0.976877 0.132239 -0.168
v -0.662882 -2.24702 0.0934136
vn -0.986723 0.119519 -0.109968
v -0.525692 -1.34784 0.0331044
vn -0.98289 0.0165246 -0.18345
v -0.516735 -1.40069 0.00376396
vn -0.956054 -0.0231189 -0.292276
v -0.557541 -1.66816 0.0372287
vn -0.951413 0.230282 -0.204411
v -0.523223 -1.55698 0.011851
vn -0.933514 0.212791 -0.288569
v -0.505039 -1.39805 -0.0266187
vn -0.911129 -0.0205073 -0.41161
v -0.50411 -1.51011 -0.0256834
vn -0.930492 0.0737269 -0.358817
v -0.562332 -1.72361 0.0104914
vn -0.920336 0.204321 -0.333518
v -0.513214 -1.58411 -0.0324924
vn -0.887464 0.212998 -0.408705
v -0.577487 -1.74804 0.0458875
vn -0.958728 0.183672 -0.217039
v -0.613144 -1.96245 0.032192
vn -0.960598 0.138983 -0.240697
v -0.62202 -2.09819 0.0106486
vn -0.929704 0.108178 -0.352061
v -0.649345 -2.24264 0.0325421
vn -0.955636 0.121078 -0.268513
v -0.593157 -1.90335 -0.00536729
vn -0.9384 0.176419 -0.297122
v -0.595522 -1.95585 -0.0240904
vn -0.938866 0.103 -0.328515
v -0.605942 -2.12389 -0.0361867
vn -0.909108 0.0822902 -0.408351
v -0.712416 -0.489503 -0.081457
vn -0.919462 -0.393143 0.00521616
v -0.719237 -0.491056 -0.0956918
vn 0.881318 -0.468886 0.0585249
v -0.766404 -0.584279 -0.082135
vn 0.877355 -0.464247 0.12134
v -0.670875 -0.739037 -0.0644378
vn -0.929637 -0.316947 -0.187935
v -0.691529 -0.668535 -0.0550553
vn -0.9658 -0.190491 -0.175906
v -0.700562 -0.609542 -0.0395436
vn -0.993697 -0.105455 0.0380162
v -0.697227 -0.602027 -0.0790376
vn -0.959585 -0.150306 -0.237919
v -0.690475 -0.49028 -0.159266
vn -0.857759 -0.279143 -0.431658
v -0.703193 -0.502216 -0.116175
vn -0.957637 -0.193778 -0.213027
v -0.791914 -0.636599 -0.123151
vn 0.880909 -0.471442 0.0417386
v -0.836218 -0.709721 -0.0933499
vn 0.844186 -0.496847 0.201228
v -0.677985 -0.68417 -0.0917713
vn -0.895422 -0.21111 -0.391985
v -0.686138 -0.564448 -0.128237
vn -0.881167 -0.209019 -0.424095
v -0.638551 -0.813401 -0.0672909
vn -0.894233 -0.431622 -0.118533
v -0.648712 -0.780494 -0.0870602
vn -0.876859 -0.361738 -0.316643
v -0.629806 -0.795361 -0.113733
vn -0.798531 -0.359657 -0.482696
v -0.650737 -0.742489 -0.11379
vn -0.833198 -0.254255 -0.491055
v -0.564376 -0.942773 -0.0867026
vn -0.853874 -0.419394 -0.308232
v -0.525012 -1.03808 -0.0700576
vn -0.826888 -0.346161 -0.443203
v -0.504726 -1.13251 -0.0617255
vn -0.818932 -0.206873 -0.535308
v -0.481639 -1.17701 -0.0811619
vn -0.759359 -0.115561 -0.640327
v -0.583157 -0.873251 -0.125794
vn -0.757457 -0.422097 -0.498089
v -0.617102 -0.841353 -0.0949964
vn -0.846488 -0.441694 -0.297261
v -0.521644 -0.961938 -0.138158
vn -0.719418 -0.428389 -0.546735
v -0.482702 -1.32949 -0.0668997
vn -0.808399 -0.0288615 -0.587927
v -0.452739 -1.23126 -0.100257
vn -0.610948 -0.0691739 -0.788643
v -0.44611 -1.13976 -0.122037
vn -0.557646 -0.252785 -0.790652
v -0.480249 -1.09091 -0.107425
vn -0.708479 -0.255671 -0.657792
v -0.490875 -1.02 -0.132239
vn -0.647128 -0.361207 -0.671383
v -0.708277 -0.473898 -0.140893
vn -0.177551 -0.627688 -0.757947
v -0.718364 -0.487875 -0.12432
vn 0.853391 -0.495206 -0.162773
v -0.716707 -0.468437 -0.147392
vn 0.840711 -0.36292 -0.401864
v -0.768748 -0.588476 -0.138138
vn 0.892129 -0.437883 -0.111195
v -0.868379 -0.77888 -0.157029
vn 0.880607 -0.463183 -0.0999648
v -0.664066 -0.580119 -0.161957
vn -0.810764 -0.233999 -0.53657
v -0.670627 -0.460006 -0.210622
vn -0.793894 -0.285173 -0.537037
v -0.702891 -0.392961 -0.206267
vn -0.743359 -0.37646 -0.552898
v -0.713927 -0.367351 -0.218959
vn 0.0413789 -0.618633 -0.784589
v -0.737392 -0.391824 -0.219632
vn 0.72134 -0.30347 -0.622555
v -0.757292 -0.517022 -0.187898
vn 0.799076 -0.283065 -0.530426
v -0.792105 -0.601678 -0.189949
vn 0.816144 -0.350458 -0.459443
v -0.80781 -0.655743 -0.167905
vn 0.870081 -0.415755 -0.264776
v -0.845006 -0.70984 -0.195489
vn 0.805245 -0.389184 -0.447342
v -0.883494 -0.797786 -0.18154
vn 0.830625 -0.454509 -0.321688
v -0.593224 -0.824126 -0.148573
vn -0.734748 -0.367592 -0.570107
v -0.61159 -0.766523 -0.157521
vn -0.75327 -0.291733 -0.589472
v -0.626643 -0.683962 -0.174661
vn -0.746237 -0.241923 -0.620164
v -0.568082 -0.808802 -0.185857
vn -0.686354 -0.306342 -0.659601
v -0.63218 -0.560659 -0.211897
vn -0.717714 -0.259786 -0.646063
v -0.54264 -0.872997 -0.176211
vn -0.640273 -0.404531 -0.652997
v -0.439943 -1.3244 -0.106705
vn -0.508147 -0.0171712 -0.861099
v -0.406214 -1.1799 -0.132552
vn -0.396566 -0.139245 -0.907384
v -0.403814 -1.12496 -0.147736
vn -0.395043 -0.324704 -0.859365
v -0.441565 -1.00826 -0.175282
vn -0.458286 -0.374639 -0.80599
v -0.491091 -0.87837 -0.213578
vn -0.518031 -0.405266 -0.753262
v -0.534067 -0.830779 -0.206413
vn -0.596391 -0.333269 -0.730239
v -0.38278 -1.2682 -0.134284
vn -0.306768 -0.0243033 -0.951474
v -0.362916 -1.2292 -0.141986
vn -0.274741 -0.140997 -0.951124
v -0.320078 -1.15243 -0.169424
vn -0.234798 -0.283358 -0.929827
v -0.372905 -0.968488 -0.225996
vn -0.321083 -0.383921 -0.865743
v -0.291498 -1.24099 -0.159522
vn -0.280883 -0.0776123 -0.956599
v -0.250242 -1.1829 -0.179665
vn -0.231255 -0.149143 -0.961394
v -0.352573 -1.12071 -0.169789
vn -0.337822 -0.335465 -0.879397
v -0.209562 -1.32247 -0.184096
vn -0.095123 -0.00634861 -0.995445
v -0.232764 -1.25144 -0.1791
vn -0.286748 -0.0250415 -0.957679
v -0.179602 -1.17025 -0.193813
vn -0.116779 -0.098057 -0.988305
v -0.229593 -1.13076 -0.193736
vn -0.13939 -0.21755 -0.966045
v -0.00404175 -1.21724 -0.130029
vn 0.345878 -0.108515 -0.931983
v 0.00399603 -1.177 -0.13514
vn -0.323901 -0.154702 -0.933357
v -0.0143764 -1.27026 -0.130737
vn 0.396075 0.01734 -0.918054
v -0.012001 -1.13275 -0.147
vn 0.443602 -0.166997 -0.880528
v -0.0340219 -1.24853 -0.142259
vn 0.451076 -0.0928478 -0.887643
v 4.19e-06 -1.28067 -0.12699
vn -0.0716677 0.058073 -0.995737
v 0.018291 -1.25814 -0.133027
vn -0.440644 -0.0391737 -0.896827
v 0.0555129 -1.19913 -0.161009
vn -0.444785 -0.125618 -0.886784
v 0.0118086 -1.09294 -0.156701
vn -0.397326 -0.229437 -0.888533
v -0.00722816 -1.06068 -0.162574
vn 0.0843288 -0.272775 -0.958375
v -0.0242839 -1.04013 -0.17541
vn 0.461222 -0.249974 -0.851344
v 0.00365279 -0.854606 -0.225727
vn -0.272396 -0.29209 -0.916779
v 0.0490853 -1.04011 -0.189965
vn -0.413882 -0.232207 -0.880217
v -0.0868988 -1.16786 -0.180929
vn 0.376943 -0.159219 -0.912449
v -0.0569437 -1.07952 -0.184867
vn 0.426315 -0.227483 -0.875504
v -0.0940192 -1.26533 -0.169617
vn 0.311739 -0.0722168 -0.947419
v -0.155459 -1.29058 -0.183419
vn 0.139546 -0.0278876 -0.989823
v -0.146726 -1.20449 -0.189617
vn 0.14122 -0.132089 -0.981127
v -0.483475 -1.4684 -0.061186
vn -0.811026 0.0222632 -0.584587
v -0.48213 -1.56656 -0.0806614
vn -0.807823 0.140883 -0.572341
v -0.483493 -1.63075 -0.103191
vn -0.787929 0.289689 -0.543367
v -0.508784 -1.707 -0.104181
vn -0.842461 0.261822 -0.47086
v -0.531215 -1.78585 -0.104051
vn -0.891909 0.222441 -0.393724
v -0.464554 -1.36932 -0.0859477
vn -0.697162 -0.0197522 -0.716642
v -0.440258 -1.44729 -0.106967
vn -0.637936 0.0649047 -0.767349
v -0.44835 -1.5649 -0.119076
vn -0.658238 0.188193 -0.728907
v -0.573309 -1.94353 -0.0807945
vn -0.923393 0.0996682 -0.370691
v -0.570531 -2.02713 -0.0997979
vn -0.887163 0.0424436 -0.4595
v -0.597114 -2.23399 -0.0709928
vn -0.840845 0.0456156 -0.53935
v -0.557092 -1.88499 -0.0981632
vn -0.913266 0.192844 -0.358826
v -0.559984 -2.13411 -0.11709
vn -0.822802 -0.0222194 -0.567893
v -0.437449 -1.61446 -0.150242
vn -0.662703 0.355084 -0.659348
v -0.410974 -1.55936 -0.148729
vn -0.559625 0.295452 -0.774292
v -0.438202 -1.69122 -0.196882
vn -0.603953 0.38646 -0.697058
v -0.545062 -1.91627 -0.138912
vn -0.898457 0.111556 -0.424652
v -0.508461 -1.84021 -0.182319
vn -0.865093 0.201695 -0.459275
v -0.546052 -1.99129 -0.147088
vn -0.870479 0.00905302 -0.492122
v -0.526903 -2.03536 -0.175494
vn -0.810482 -0.0361682 -0.584646
v -0.463808 -1.73116 -0.192157
vn -0.742254 0.344287 -0.574913
v -0.49192 -1.79357 -0.187057
vn -0.825709 0.268167 -0.496277
v -0.52137 -1.91443 -0.183766
vn -0.842089 0.0713383 -0.534599
v -0.505237 -2.05476 -0.200057
vn -0.737686 -0.106967 -0.666617
v -0.55384 -2.19121 -0.122989
vn -0.753555 -0.03128 -0.65664
v -0.50537 -2.20508 -0.167775
vn -0.643717 -0.143349 -0.751718
v -0.0106463 -2.12208 -0.11595
vn 0.348674 -0.711602 -0.609958
v 0.00697722 -2.14775 -0.078605
vn -0.247438 -0.804793 -0.539521
v -0.0541356 -2.17782 -0.0971168
vn 0.703449 -0.558482 -0.439611
v 0.0123501 -2.10472 -0.135387
vn -0.589773 -0.584836 -0.556897
v 0.0356259 -2.16459 -0.0841898
vn -0.674344 -0.663433 -0.324216
v -0.384997 -1.49242 -0.148149
vn -0.438428 0.143522 -0.887233
v -0.401837 -1.37947 -0.128496
vn -0.44915 0.04266 -0.892437
v -0.366806 -1.37303 -0.13952
vn -0.274951 0.0890195 -0.957328
v -0.292202 -1.49624 -0.180899
vn -0.241752 0.209299 -0.947497
v -0.313521 -1.37863 -0.152979
vn -0.259377 0.119182 -0.958394
v -0.301112 -1.31438 -0.153178
vn -0.288132 0.00476869 -0.957579
v -0.36083 -1.53566 -0.170109
vn -0.396685 0.312591 -0.863092
v -0.271193 -1.45352 -0.176958
vn -0.204298 0.166737 -0.964604
v -0.218741 -1.44603 -0.187778
vn -0.164218 0.114397 -0.979768
v -0.251951 -1.3723 -0.174075
vn -0.31561 0.0298017 -0.948421
v -0.168273 -1.40076 -0.187617
vn 0.0220379 0.0829659 -0.996309
v -0.327044 -1.54054 -0.184452
vn -0.256347 0.355387 -0.89888
v -0.382076 -1.61751 -0.195723
vn -0.469571 0.409591 -0.782137
v -0.220847 -1.55384 -0.211405
vn -0.150726 0.37378 -0.915189
v 0.00812447 -1.39833 -0.144866
vn -0.200225 0.192497 -0.960653
v -0.00811609 -1.39833 -0.144866
vn 0.284371 0.197093 -0.938236
v -0.0163778 -1.33617 -0.137108
vn 0.309207 0.128848 -0.942225
v -0.0862087 -1.34008 -0.165901
vn 0.352143 0.0538388 -0.934396
v 0.0163862 -1.33617 -0.137108
vn -0.350324 0.113336 -0.929746
v 0.0862171 -1.34008 -0.165901
vn -0.355928 0.0197659 -0.934304
v -0.0671515 -1.55599 -0.205497
vn 0.30377 0.246446 -0.92032
v -0.0720455 -1.40294 -0.170133
vn 0.293453 0.195222 -0.935828
v -0.117921 -1.38638 -0.179673
vn 0.192012 0.146603 -0.970381
v -0.132472 -1.49139 -0.201567
vn 0.0998347 0.210634 -0.972454
v -0.140839 -1.34685 -0.180253
vn 0.224039 0.025275 -0.974252
v -0.00954442 -1.49485 -0.168369
vn 0.268454 0.21063 -0.939983
v 0.011466 -1.49229 -0.168131
vn -0.311978 0.211248 -0.926307
v 0.0720539 -1.40294 -0.170133
vn -0.294014 0.194401 -0.935823
v -0.00735767 -1.57995 -0.183094
vn 0.286734 0.269263 -0.919392
v 0.00946509 -1.59532 -0.188267
vn -0.308755 0.241024 -0.920096
v 0.0671599 -1.55599 -0.205497
vn -0.30343 0.242232 -0.92155
v 0.0253182 -2.01508 -0.200664
vn -0.257193 -0.462922 -0.848266
v -0.0207258 -2.10381 -0.142637
vn 0.560837 -0.547307 -0.621222
v -0.0802492 -2.13324 -0.184395
vn 0.630295 -0.419529 -0.653241
v 0.0812867 -2.2046 -0.106777
vn -0.705504 -0.534816 -0.465013
v 0.0240129 -2.08329 -0.160617
vn -0.616099 -0.367859 -0.696493
v 0.0802576 -2.13324 -0.184395
vn -0.620296 -0.437414 -0.651078
v -0.0361429 -2.04711 -0.192147
vn 0.525309 -0.386807 -0.757912
v -0.101319 -2.16698 -0.178052
vn 0.573225 -0.554331 -0.603433
v -0.00646105 -2.03134 -0.186252
vn 0.116394 -0.45764 -0.881486
v -0.916818 0.0430832 -0.206089
vn -0.685566 0.438778 -0.580924
v -0.876814 0.0402497 -0.249643
vn -0.647727 0.396233 -0.650729
v -0.90845 -0.0250627 -0.252173
vn -0.667869 0.309563 -0.676847
v -0.954227 -0.0733603 -0.224756
vn -0.704728 0.231071 -0.670794
v -1.03891 -0.356711 -0.210272
vn -0.738693 0.26228 -0.62092
v -0.992428 -0.239018 -0.222188
vn -0.75847 0.133022 -0.637987
v -1.00481 -0.290317 -0.221342
vn -0.712418 0.234594 -0.661382
v -0.864661 -0.0569363 -0.307118
vn -0.646386 0.250027 -0.720883
v -0.950952 -0.156612 -0.253729
vn -0.699435 0.159451 -0.696682
v -0.896051 -0.121047 -0.296618
vn -0.630947 0.129856 -0.764881
v -0.930703 -0.210241 -0.27701
vn -0.586196 0.0476705 -0.808765
v -0.936319 -0.307794 -0.280804
vn -0.484337 0.118511 -0.866818
v -0.967256 -0.300085 -0.259396
vn -0.635167 0.167578 -0.753977
v -1.00367 -0.390148 -0.25776
vn -0.61692 0.20133 -0.760839
v -0.898832 -0.254362 -0.293452
vn -0.340623 -0.000415109 -0.9402
v -0.890554 -0.317299 -0.296709
vn -0.152931 -0.0304792 -0.987767
v -0.196111 1.05203 -0.220979
vn -0.638464 -0.0540826 -0.767749
v -0.197447 1.10831 -0.217395
vn -0.641261 0.127939 -0.756582
v -0.173015 1.08015 -0.237564
vn -0.526118 0.00398949 -0.850402
v -0.168848 1.16665 -0.226111
vn -0.575241 0.21607 -0.788931
v -0.146138 1.22629 -0.220251
vn -0.483957 0.347645 -0.803075
v -0.107678 1.22138 -0.242423
vn -0.348537 0.345823 -0.871165
v -0.106439 1.29179 -0.208869
vn -0.389021 0.443181 -0.807622
v -0.0729288 1.28399 -0.224713
vn -0.214472 0.468466 -0.857054
v -0.0171857 1.30748 -0.218244
vn -0.0542828 0.542701 -0.83817
v 0.0147953 1.27838 -0.235628
vn 0.0344591 0.47408 -0.879807
v -0.0419528 1.26493 -0.241418
vn -0.101551 0.422936 -0.900451
v 0.0557518 1.29497 -0.222542
vn 0.158363 0.502648 -0.849862
v -0.150873 1.11223 -0.247745
vn -0.489664 0.1234 -0.863135
v -0.0668559 1.19144 -0.266073
vn -0.237416 0.285017 -0.928654
v 0.00981356 1.22302 -0.261618
vn 0.0117658 0.343335 -0.939139
v 0.0574931 1.23797 -0.251458
vn 0.183475 0.40892 -0.893936
v -0.16628 1.00863 -0.237133
vn -0.500468 -0.131426 -0.855721
v -0.119226 1.02447 -0.263642
vn -0.396171 -0.138107 -0.907731
v -0.12984 1.07009 -0.261228
vn -0.411798 0.0182153 -0.911093
v -0.0746731 1.10781 -0.280712
vn -0.303778 0.102237 -0.947241
v -0.114001 1.15672 -0.259012
vn -0.366406 0.170313 -0.914735
v -0.139212 1.1711 -0.243198
vn -0.46686 0.235957 -0.852271
v -0.0351055 1.19456 -0.270512
vn -0.0704171 0.271609 -0.959828
v 0.0443737 1.2121 -0.263793
vn 0.0813637 0.285294 -0.95498
v 0.0745324 1.18026 -0.266872
vn 0.287106 0.251274 -0.924355
v -0.196068 0.983538 -0.209413
vn -0.649021 -0.198527 -0.734411
v -0.111961 0.779348 -0.199158
vn -0.212096 -0.187102 -0.95917
v -0.102024 0.861418 -0.223592
vn -0.231181 -0.29909 -0.925797
v -0.152745 0.943535 -0.230186
vn -0.482157 -0.249926 -0.839679
v -0.071384 0.79053 -0.204022
vn 0.0337979 -0.291234 -0.956055
v -0.00723814 0.80492 -0.201749
vn 0.0284981 -0.357978 -0.933295
v -0.114024 0.95143 -0.250078
vn -0.33305 -0.243894 -0.91082
v -0.0571843 0.869711 -0.230868
vn -0.0126511 -0.382689 -0.92379
v 0.0551184 0.901455 -0.244053
vn -0.0156315 -0.400846 -0.916012
v 0.0861119 0.822892 -0.214069
vn 0.0274892 -0.316263 -0.948273
v -0.0785757 0.574965 -0.217121
vn -0.172923 0.303524 -0.937001
v -0.0998637 0.635823 -0.201545
vn -0.0714467 0.129897 -0.98895
v -0.0461082 0.609501 -0.208412
vn 0.0373377 0.306133 -0.951256
v 0.0026361 0.538509 -0.22937
vn 0.0174589 0.313108 -0.949557
v 0.0485939 0.600334 -0.21095
vn 0.00532979 0.2883 -0.957525
v -0.0534305 0.973474 -0.273007
vn -0.152403 -0.317034 -0.936089
v 0.0102695 0.952381 -0.269175
vn -0.0129375 -0.398571 -0.917046
v -0.0694505 1.03724 -0.283747
vn -0.27107 -0.0987751 -0.957478
v 0.0394939 0.970928 -0.274703
vn 0.153699 -0.312683 -0.93734
v -0.0446133 1.10803 -0.286891
vn -0.118089 0.0965341 -0.9883
v -0.0275792 1.02091 -0.288921
vn -0.109081 -0.104477 -0.988527
v 0.0125127 1.04963 -0.293084
vn -0.00227087 -0.0349346 -0.999387
v 0.0108816 1.12194 -0.288634
vn 0.000105172 0.182199 -0.983262
v 0.0509471 1.02518 -0.285877
vn 0.190473 -0.15181 -0.969884
v 0.0421509 1.07784 -0.290477
vn 0.209261 0.0443702 -0.976853
v 0.0422451 1.1525 -0.280319
vn 0.16228 0.18398 -0.969441
v -0.000288977 0.985555 -0.282484
vn 0.0116727 -0.251109 -0.967888
v -0.775543 0.107472 -0.278778
vn -0.419096 0.651975 -0.631892
v -0.830851 0.118518 -0.227714
vn -0.517827 0.616494 -0.593119
v -0.818609 0.149004 -0.203376
vn -0.443459 0.686252 -0.576543
v -0.714106 0.176709 -0.248943
vn -0.536053 0.558623 -0.63292
v -0.699243 0.152094 -0.278729
vn -0.422488 0.571285 -0.70366
v -0.636392 0.251435 -0.244115
vn -0.528291 0.673679 -0.516784
v -0.461023 0.351636 -0.246488
vn -0.345175 0.820385 -0.455876
v -0.521875 0.332758 -0.22201
vn -0.437138 0.836526 -0.330356
v -0.599459 0.290528 -0.216909
vn -0.516981 0.791268 -0.326534
v -0.582291 0.290487 -0.240308
vn -0.456874 0.752308 -0.474656
v -0.416293 0.344317 -0.283159
vn -0.276485 0.752437 -0.597824
v -0.305699 0.415502 -0.234013
vn -0.340674 0.825968 -0.449131
v -0.524091 0.30426 -0.269663
vn -0.411021 0.711521 -0.569911
v -0.601933 0.250255 -0.275194
vn -0.475546 0.616705 -0.627321
v -0.475724 0.322488 -0.279335
vn -0.345223 0.730544 -0.589175
v -0.879615 0.0804661 -0.217904
vn -0.608698 0.538885 -0.582314
v -0.826144 0.0809154 -0.267357
vn -0.540688 0.533798 -0.650166
v -0.703913 -0.31213 -0.285849
vn -0.479975 -0.56366 -0.672243
v -0.705168 -0.361033 -0.229721
vn -0.461836 -0.620668 -0.633624
v -0.739652 -0.33437 -0.254403
vn 0.332493 -0.54455 -0.770009
v -0.771469 -0.301323 -0.288061
vn 0.205841 -0.482083 -0.851602
v -0.777527 -0.36147 -0.265593
vn 0.51948 -0.280029 -0.807294
v -0.640808 0.118346 -0.332901
vn -0.32359 0.520971 -0.78986
v -0.628412 0.200253 -0.296474
vn -0.48534 0.498844 -0.718053
v -0.558471 0.241412 -0.31109
vn -0.407472 0.557265 -0.723479
v -0.596656 0.174694 -0.329284
vn -0.435442 0.40386 -0.804541
v -0.47171 0.297023 -0.307942
vn -0.331361 0.642585 -0.690857
v -0.560637 0.187225 -0.341648
vn -0.371871 0.3748 -0.849257
v -0.509069 0.223591 -0.344908
vn -0.301648 0.429874 -0.851009
v -0.598194 0.0946204 -0.359607
vn -0.261164 0.36141 -0.895085
v -0.360237 0.270272 -0.365179
vn -0.228833 0.50025 -0.835096
v -0.506232 0.251017 -0.329506
vn -0.293452 0.538374 -0.789962
v -0.391887 0.307292 -0.330333
vn -0.249743 0.622255 -0.741908
v -0.431798 0.222083 -0.370396
vn -0.25853 0.39519 -0.881469
v -0.52553 0.140155 -0.373337
vn -0.307052 0.309153 -0.90008
v -0.777554 0.0555043 -0.32394
vn -0.465852 0.507844 -0.724621
v -0.829673 0.0302535 -0.300756
vn -0.607901 0.368343 -0.703406
v -0.740842 0.0875825 -0.319042
vn -0.340549 0.621423 -0.705592
v -0.860922 -0.122679 -0.323266
vn -0.532718 0.00624379 -0.84627
v -0.7795 -0.244769 -0.324142
vn -0.116557 -0.475915 -0.871734
v -0.806662 -0.280976 -0.305319
vn 0.0811011 -0.313508 -0.946116
v -0.852603 -0.169348 -0.323996
vn -0.438455 -0.109998 -0.891996
v -0.842398 -0.246293 -0.312247
vn -0.244832 -0.232781 -0.941207
v -0.808416 -0.339651 -0.286979
vn 0.339957 -0.189715 -0.921107
v -0.847115 -0.305473 -0.301144
vn -0.00460876 -0.11064 -0.99385
v -0.843121 -0.34385 -0.294908
vn 0.1753 -0.133971 -0.975357
v -0.68213 -0.337721 -0.283726
vn -0.61738 -0.422224 -0.663754
v -0.646401 -0.324616 -0.320201
vn -0.554631 -0.333225 -0.76246
v -0.682709 -0.281009 -0.319212
vn -0.425692 -0.425611 -0.798524
v -0.733971 -0.255173 -0.321318
vn -0.106546 -0.632491 -0.767205
v -0.790818 0.00850385 -0.339618
vn -0.499887 0.351412 -0.791595
v -0.804045 -0.0285096 -0.344373
vn -0.514493 0.225628 -0.827278
v -0.824228 -0.0731013 -0.342131
vn -0.54013 0.143768 -0.829211
v -0.803445 -0.105181 -0.35604
vn -0.447475 -0.0270405 -0.893887
v -0.683013 0.051801 -0.364182
vn -0.217375 0.471256 -0.85479
v -0.725421 0.0648665 -0.343002
vn -0.327282 0.495928 -0.804327
v -0.727175 0.0119293 -0.37108
vn -0.322699 0.351574 -0.878784
v -0.803419 -0.16006 -0.349769
vn -0.395663 -0.174569 -0.901652
v -0.774964 -0.170337 -0.357113
vn -0.27518 -0.262331 -0.92491
v -0.750883 -0.18525 -0.358238
vn -0.182517 -0.38777 -0.903505
v -0.682869 -0.234048 -0.347921
vn -0.212759 -0.478925 -0.851683
v -0.620325 -0.243247 -0.363341
vn -0.387522 -0.29501 -0.873382
v -0.571634 -0.32442 -0.371474
vn -0.511746 -0.234942 -0.826389
v -0.250395 0.422193 -0.26181
vn -0.345471 0.724361 -0.596616
v -0.191176 0.487564 -0.223768
vn -0.345703 0.607792 -0.714898
v -0.299759 0.379243 -0.28948
vn -0.266102 0.727491 -0.632414
v -0.154624 0.469506 -0.251475
vn -0.127593 0.60462 -0.786228
v -0.114921 0.496047 -0.242383
vn -0.224467 0.429817 -0.874569
v -0.084388 0.445198 -0.266199
vn 0.034876 0.399551 -0.916047
v -0.238006 0.336422 -0.338184
vn 0.0171575 0.523918 -0.851596
v 0.00768547 0.389928 -0.276644
vn -0.0202678 0.360223 -0.932646
v -0.0320337 0.430943 -0.263553
vn 0.107925 0.341805 -0.933553
v 0.0340854 0.429426 -0.264282
vn -0.118345 0.345634 -0.930877
v -0.0107868 0.260894 -0.3284
vn 0.129353 0.378022 -0.916715
v 0.0843964 0.445198 -0.266199
vn -0.0357718 0.442996 -0.89581
v -0.327949 0.322947 -0.33566
vn -0.200087 0.64934 -0.733705
v -0.298989 0.307964 -0.352774
vn -0.115959 0.551342 -0.826182
v -0.20635 0.314244 -0.352225
vn 0.0802077 0.491035 -0.867439
v -0.101312 0.386558 -0.295079
vn 0.158915 0.449751 -0.878903
v -0.0528727 0.319697 -0.314037
vn 0.257625 0.392745 -0.882825
v 0.0528811 0.319697 -0.314037
vn -0.248033 0.391327 -0.886196
v 0.101321 0.386558 -0.295079
vn -0.159676 0.45034 -0.878463
v 0.00539967 0.220219 -0.345756
vn -0.110973 0.373241 -0.921074
v -0.136639 0.280071 -0.360235
vn 0.199799 0.454734 -0.867927
v -0.0274117 0.166045 -0.372793
vn 0.279019 0.34149 -0.897515
v 0.0341457 0.181372 -0.369161
vn -0.261228 0.360173 -0.895564
v -0.420921 0.165821 -0.397291
vn -0.232337 0.345895 -0.909052
v -0.414216 0.13041 -0.410595
vn -0.233129 0.268642 -0.934603
v -0.461796 0.0963174 -0.406311
vn -0.291214 0.217403 -0.931628
v -0.558731 0.0676844 -0.380076
vn -0.285941 0.209801 -0.934998
v -0.761197 -0.0613798 -0.3731
vn -0.396882 0.0883877 -0.913604
v -0.685909 0.00571834 -0.383528
vn -0.160895 0.307045 -0.937996
v -0.639012 -0.00701352 -0.393534
vn -0.0889633 0.196742 -0.976411
v -0.687314 -0.0768332 -0.393566
vn -0.180182 -0.0740433 -0.980843
v -0.670418 -0.0502835 -0.39574
vn -0.112 0.0589912 -0.991956
v -0.716116 -0.0560027 -0.387674
vn -0.257474 0.0807694 -0.962904
v -0.686224 -0.115834 -0.390073
vn -0.131782 -0.158923 -0.978456
v -0.747874 -0.0138023 -0.370702
vn -0.395767 0.218105 -0.892076
v -0.770529 -0.125465 -0.368585
vn -0.291939 -0.098165 -0.951386
v -0.721751 -0.14518 -0.377505
vn -0.187432 -0.233461 -0.95413
v -0.593319 -0.158821 -0.392909
vn -0.207754 -0.155372 -0.965763
v -0.644082 -0.19225 -0.37585
vn -0.174427 -0.335169 -0.925871
v -0.580533 0.0296205 -0.38783
vn -0.124747 0.28733 -0.949673
v -0.571671 -0.0405198 -0.403253
vn -0.137041 0.0574478 -0.988898
v -0.60016 -0.107669 -0.399974
vn -0.0635906 -0.0737145 -0.99525
v -0.439109 0.0260956 -0.426995
vn -0.293928 0.170394 -0.940517
v -0.517091 -0.0324068 -0.411822
vn -0.273473 0.128617 -0.953242
v -0.550565 -0.196403 -0.402582
vn -0.364766 -0.0645094 -0.928862
v -0.587688 -0.227046 -0.381872
vn -0.441667 -0.151081 -0.884367
v -0.524044 -0.338703 -0.395851
vn -0.461074 -0.230286 -0.856959
v -0.395868 0.0651772 -0.431454
vn -0.230451 0.205784 -0.951076
v -0.515523 -0.10763 -0.41804
vn -0.302788 0.010382 -0.953001
v -0.469358 -0.206469 -0.434663
vn -0.340075 -0.0211301 -0.940161
v -0.445938 -0.260661 -0.440429
vn -0.287416 -0.0634851 -0.9557
v -0.497165 -0.296832 -0.418036
vn -0.398846 -0.116699 -0.909562
v -0.451252 -0.309247 -0.432916
vn -0.296045 -0.174414 -0.939115
v -0.380425 -0.128238 -0.463743
vn -0.297711 0.029253 -0.954208
v -0.366502 -0.182766 -0.465612
vn -0.199223 -0.0578279 -0.978246
v -0.397268 -0.26722 -0.452779
vn -0.194871 -0.0996796 -0.975751
v -0.33423 0.231154 -0.389774
vn -0.151321 0.417211 -0.896123
v -0.269547 0.203406 -0.407628
vn -0.0288455 0.364236 -0.93086
v -0.259891 0.261749 -0.382161
vn -0.0237631 0.457859 -0.888707
v -0.214061 0.213935 -0.401662
vn 0.0621393 0.376945 -0.924149
v -0.16973 0.260631 -0.376806
vn 0.179288 0.395692 -0.900713
v -0.325042 0.185911 -0.410271
vn -0.130809 0.335803 -0.932805
v -0.330635 0.133523 -0.42642
vn -0.140425 0.281118 -0.949344
v -0.300196 0.0776576 -0.443638
vn -0.0637693 0.231793 -0.970673
v -0.348146 0.0773701 -0.437887
vn -0.166912 0.21952 -0.961224
v -0.270744 0.141307 -0.427548
vn 0.0108616 0.272317 -0.962146
v -0.196993 0.155478 -0.420226
vn 0.0953854 0.276424 -0.95629
v -0.160344 0.125581 -0.422683
vn 0.210399 0.19433 -0.958106
v -0.12639 0.196161 -0.394811
vn 0.251778 0.366349 -0.895766
v -0.096051 0.156428 -0.399027
vn 0.269148 0.259373 -0.927515
v -0.103824 0.103289 -0.414234
vn 0.275569 0.167562 -0.946565
v -0.0108748 0.106774 -0.385482
vn 0.13865 0.244825 -0.959602
v 0.0188308 0.125713 -0.382242
vn -0.226746 0.191691 -0.954904
v 0.103832 0.103289 -0.414234
vn -0.27593 0.167801 -0.946417
v -0.264673 -0.00528354 -0.463672
vn 0.0270142 0.225603 -0.973845
v -0.218776 0.0201915 -0.454092
vn 0.141803 0.188259 -0.971828
v -0.393713 -0.32093 -0.446063
vn -0.1886 -0.183531 -0.964752
v 0.00660828 -0.17853 -0.395862
vn -0.0605585 0.00461164 -0.998154
v 0.0113773 0.0182665 -0.392829
vn -0.160811 0.0447752 -0.985969
v -0.0217235 -0.110731 -0.398321
vn 0.298033 0.0149125 -0.954439
v -0.0214397 0.0562827 -0.393338
vn 0.261891 0.0684963 -0.962664
v 0.0425674 0.0514483 -0.40043
vn -0.34304 0.0823907 -0.9357
v 0.00523728 -0.381271 -0.383646
vn 0.0193429 -0.173815 -0.984588
v -0.0123719 -0.288483 -0.394608
vn 0.221989 -0.027041 -0.974674
v 0.00791727 -0.297726 -0.392798
vn -0.22971 -0.0545247 -0.971731
v -0.0355236 -0.295648 -0.402952
vn 0.444135 -0.0466301 -0.894745
v 0.035532 -0.295648 -0.402952
vn -0.46541 -0.0433013 -0.884035
v -0.110211 -0.155744 -0.445952
vn 0.43095 0.0434356 -0.90133
v -0.0738899 -0.0403857 -0.419098
vn 0.407292 0.0591864 -0.911378
v -0.133804 -0.0313451 -0.441933
vn 0.296069 0.129122 -0.946399
v -0.036723 -0.155409 -0.405401
vn 0.464313 0.0150128 -0.885544
v 0.0367314 -0.155409 -0.405401
vn -0.416384 0.0178431 -0.909014
v 0.11022 -0.155744 -0.445952
vn -0.43095 0.0434356 -0.90133
v 0.0738983 -0.0403857 -0.419098
vn -0.417694 0.068827 -0.905977
v -0.103866 -0.227767 -0.444555
vn 0.472177 -0.0183153 -0.881313
v -0.0857976 -0.327763 -0.428685
vn 0.454869 -0.0916888 -0.885826
v -0.121561 -0.332961 -0.443854
vn 0.316299 -0.122987 -0.940653
v 0.103874 -0.227767 -0.444555
vn -0.472177 -0.0183153 -0.881313
v -0.379884 -0.0492781 -0.457809
vn -0.25091 0.144657 -0.957141
v -0.31625 -0.0312942 -0.466234
vn -0.120674 0.1808 -0.976089
v -0.344289 -0.0988176 -0.471348
vn -0.171958 0.0459061 -0.984034
v -0.296183 -0.110255 -0.478092
vn -0.0497277 0.0646033 -0.996671
v -0.190913 -0.101972 -0.469971
vn 0.209578 0.154317 -0.965538
v -0.232106 -0.115696 -0.477539
vn 0.070817 0.0734514 -0.994781
v -0.270281 -0.0577211 -0.473666
vn 0.0624063 0.146457 -0.987247
v -0.286455 -0.180189 -0.479799
vn -0.107097 -0.0468291 -0.993145
v -0.290695 -0.25593 -0.471916
vn -0.134458 -0.126552 -0.982805
v -0.310678 -0.333753 -0.45679
vn -0.128271 -0.199139 -0.97154
v -0.167503 -0.183933 -0.469634
vn 0.305735 -0.00643014 -0.952095
v -0.18861 -0.155873 -0.474526
vn 0.159737 0.0197579 -0.986962
v -0.194309 -0.243551 -0.472179
vn 0.132254 -0.0940938 -0.98674
v -0.164708 -0.296679 -0.460723
vn 0.23715 -0.112724 -0.964911
v -0.239144 -0.177771 -0.47995
vn 0.0467608 -0.0224879 -0.998653
v -0.162545 -0.375805 -0.449277
vn 0.207545 -0.150285 -0.966612
v -0.200212 -0.369028 -0.455593
vn 0.0768203 -0.169179 -0.982587
v -0.248744 -0.267575 -0.473216
vn 0.0135301 -0.121157 -0.992541
v -0.243801 -0.366287 -0.456975
vn -0.0550798 -0.19194 -0.97986
v -0.157619 -0.130152 -0.464154
vn 0.349798 0.0960632 -0.931887
v -0.139603 -0.244318 -0.458999
vn 0.335618 -0.0514879 -0.94059
v -1.14639 -0.653971 -0.210085
vn -0.58856 0.248129 -0.769434
v -1.21039 -0.771336 -0.200457
vn -0.57371 0.230676 -0.785905
v -1.11091 -0.654128 -0.235268
vn -0.526661 0.190301 -0.828501
v -1.21388 -0.913919 -0.234792
vn -0.454681 0.179343 -0.872411
v -1.05424 -0.487596 -0.239442
vn -0.616119 0.185077 -0.7656
v -1.04618 -0.535082 -0.252181
vn -0.477356 0.111176 -0.871649
v -0.993392 -0.44845 -0.271613
vn -0.350239 0.0547056 -0.935061
v -1.03857 -0.594795 -0.261385
vn -0.342664 0.0829023 -0.935793
v -0.991497 -0.609298 -0.274795
vn -0.212674 0.0233235 -0.976845
v -1.09634 -0.692013 -0.249257
vn -0.400561 0.14465 -0.90478
v -1.12705 -0.830405 -0.256307
vn -0.297858 0.101575 -0.949191
v -1.07128 -0.786197 -0.265813
vn -0.180874 0.0449438 -0.982479
v -1.03485 -0.764034 -0.270245
vn -0.0675086 -0.0129178 -0.997635
v -0.897299 -0.618558 -0.269814
vn 0.29538 -0.177638 -0.93872
v -0.924895 -0.620915 -0.276095
vn 0.139732 -0.11982 -0.982913
v -0.820161 -0.494961 -0.265301
vn 0.451066 -0.21964 -0.865042
v -0.93407 -0.76476 -0.25363
vn 0.44379 -0.249786 -0.860614
v -0.868928 -0.668624 -0.244432
vn 0.565804 -0.274544 -0.77749
v -1.06822 -0.878467 -0.265926
vn 0.0266041 -0.0572266 -0.998007
v -0.924839 -0.834607 -0.219182
vn 0.638122 -0.368826 -0.675846
v -1.01023 -0.87328 -0.256534
vn 0.264921 -0.185958 -0.946169
v -1.25834 -0.928845 -0.210754
vn -0.573081 0.230418 -0.786439
v -1.29356 -1.07176 -0.225602
vn -0.512216 0.172183 -0.84142
v -1.2741 -1.09881 -0.240658
vn -0.371126 0.126928 -0.919867
v -1.32571 -1.18186 -0.221599
vn -0.474764 0.017115 -0.879947
v -1.28683 -1.19077 -0.236346
vn -0.293254 -0.122669 -0.948132
v -1.15616 -1.15462 -0.235504
vn 0.381439 -0.294977 -0.876067
v -1.25324 -1.23714 -0.226598
vn 0.0474123 -0.360955 -0.931377
v -1.24166 -1.11287 -0.251775
vn -0.194058 0.0487644 -0.979777
v -1.28269 -1.14607 -0.240573
vn -0.328782 -0.00298402 -0.944401
v -1.20153 -1.10124 -0.255927
vn -0.0368931 -0.0384958 -0.998577
v -1.17083 -1.09054 -0.255148
vn 0.158968 -0.135232 -0.977978
v -1.16215 -1.12039 -0.247844
vn 0.272128 -0.221737 -0.936365
v -1.19784 -1.18478 -0.239054
vn 0.212249 -0.341761 -0.915505
v -1.215 -1.1635 -0.247567
vn 0.0600418 -0.225554 -0.972379
v -1.24565 -1.15227 -0.249347
vn -0.10756 -0.132967 -0.985267
v -1.00656 -0.957179 -0.224801
vn 0.597436 -0.382433 -0.704851
v -1.07174 -1.08295 -0.208954
vn 0.664805 -0.416005 -0.620463
v -1.01449 -0.93576 -0.240285
vn 0.488686 -0.313468 -0.814201
v -0.896986 -0.791715 -0.212776
vn 0.772882 -0.416212 -0.478979
v -1.12317 -1.13505 -0.22542
vn 0.555307 -0.373341 -0.743135
v -0.935052 -0.459077 -0.288835
vn -0.203333 -0.00415833 -0.979101
v -0.89304 -0.454851 -0.292723
vn 0.0137104 -0.0721923 -0.997296
v -0.94942 -0.599779 -0.28
vn -0.0418425 -0.0592916 -0.997363
v -0.804524 -0.560848 -0.230581
vn 0.710219 -0.27687 -0.64725
v -0.670114 -0.385181 -0.257869
vn -0.722677 -0.426208 -0.544137
v -0.765429 -0.467292 -0.221276
vn 0.729868 -0.246334 -0.637662
v -0.839847 -0.654153 -0.225684
vn 0.711899 -0.332416 -0.618627
v -0.812828 -0.436587 -0.274192
vn 0.525104 -0.16962 -0.833964
v -0.766667 -0.390361 -0.248818
vn 0.664226 -0.209186 -0.717667
v -0.801186 -0.483268 -0.25397
vn 0.641899 -0.23286 -0.730576
v -0.634449 -0.468442 -0.250387
vn -0.73056 -0.312735 -0.607024
v -0.840968 -0.472211 -0.280436
vn 0.349062 -0.171811 -0.921215
v -0.574043 -0.73947 -0.20878
vn -0.652847 -0.257422 -0.712408
v -0.535874 -0.753054 -0.236303
vn -0.577823 -0.274606 -0.768578
v -0.602584 -0.587838 -0.2333
vn -0.692219 -0.236946 -0.681681
v -0.535633 -0.658394 -0.267106
vn -0.572875 -0.251175 -0.780209
v -0.504813 -0.818475 -0.233078
vn -0.505716 -0.32386 -0.799603
v -0.603598 -0.469159 -0.281753
vn -0.64279 -0.362963 -0.674595
v -0.57893 -0.511522 -0.283051
vn -0.613492 -0.278437 -0.738986
v -0.492906 -0.707511 -0.281026
vn -0.512147 -0.262193 -0.8179
v -0.466942 -0.756615 -0.279307
vn -0.446489 -0.291917 -0.845832
v -0.438733 -0.790356 -0.281849
vn -0.371254 -0.326348 -0.869291
v -0.442896 -0.847978 -0.256127
vn -0.412117 -0.39183 -0.822574
v -0.854428 -0.43792 -0.289713
vn 0.204485 -0.124946 -0.970863
v -0.578543 -0.429195 -0.323307
vn -0.566294 -0.35585 -0.743426
v -0.522193 -0.540159 -0.312348
vn -0.502291 -0.29669 -0.812206
v -0.402802 -0.715147 -0.322373
vn -0.313093 -0.277673 -0.908224
v -0.430748 -0.671987 -0.323629
vn -0.381194 -0.255844 -0.888389
v -0.468025 -0.63952 -0.314578
vn -0.436972 -0.248126 -0.864574
v -0.562956 -0.386271 -0.355073
vn -0.535711 -0.315314 -0.78332
v -0.402745 -0.515438 -0.378314
vn -0.364815 -0.294133 -0.8834
v -0.461552 -0.510301 -0.354992
vn -0.406998 -0.327746 -0.852605
v -0.529731 -0.395868 -0.372215
vn -0.464581 -0.354878 -0.811312
v -0.486135 -0.404013 -0.391575
vn -0.396809 -0.349722 -0.848668
v -0.0048442 -0.699667 -0.282406
vn 0.117952 -0.339101 -0.933326
v -0.00729301 -0.84746 -0.228803
vn 0.267502 -0.300176 -0.915608
v -0.0196845 -0.875329 -0.224937
vn 0.510505 -0.290346 -0.809372
v 0.0144006 -0.750267 -0.269508
vn -0.451329 -0.306888 -0.837927
v -0.310884 -1.02594 -0.219037
vn -0.158632 -0.363502 -0.917988
v -0.304797 -0.931462 -0.260949
vn -0.154194 -0.403063 -0.902089
v -0.238438 -1.00391 -0.235143
vn -0.0203823 -0.395785 -0.918117
v -0.155233 -1.08266 -0.209378
vn -0.00850984 -0.214418 -0.976705
v -0.251936 -1.08074 -0.205876
vn -0.0653877 -0.3159 -0.946537
v -0.132129 -0.991509 -0.234534
vn 0.0874317 -0.354101 -0.931111
v -0.353492 -0.866892 -0.280269
vn -0.236902 -0.399288 -0.88569
v -0.399085 -0.860916 -0.268333
vn -0.31896 -0.38744 -0.864959
v -0.211088 -0.884048 -0.288993
vn 0.0405693 -0.403499 -0.91408
v -0.0724553 -0.927496 -0.239187
vn 0.430278 -0.302312 -0.850569
v -0.113818 -0.958537 -0.243863
vn 0.26559 -0.356101 -0.89591
v 0.0196929 -0.875329 -0.224937
vn -0.466288 -0.28558 -0.837269
v 0.0724637 -0.927496 -0.239187
vn -0.448266 -0.30879 -0.838872
v -0.108385 -1.05253 -0.210698
vn 0.24252 -0.230165 -0.942448
v -0.0655853 -0.641335 -0.345044
vn 0.53097 -0.294909 -0.794418
v -0.0955869 -0.705648 -0.335749
vn 0.367789 -0.33826 -0.866205
v 0.0649763 -0.590898 -0.364678
vn -0.530222 -0.296577 -0.794296
v -0.329866 -0.767987 -0.324536
vn -0.187417 -0.296486 -0.936467
v -0.32684 -0.827198 -0.302852
vn -0.159727 -0.372247 -0.914286
v -0.385634 -0.788482 -0.30298
vn -0.261171 -0.317316 -0.911647
v -0.283043 -0.786389 -0.324174
vn -0.104559 -0.316445 -0.942831
v -0.340714 -0.563998 -0.383405
vn -0.225848 -0.297445 -0.927642
v -0.287397 -0.628374 -0.373912
vn -0.158961 -0.310595 -0.937156
v -0.384629 -0.564441 -0.36969
vn -0.301243 -0.257119 -0.918228
v -0.197496 -0.736843 -0.343498
vn 0.00585457 -0.350263 -0.936633
v -0.182253 -0.844413 -0.303119
vn 0.13445 -0.365619 -0.921003
v -0.22242 -0.824168 -0.3129
vn -0.00526609 -0.343613 -0.939097
v -0.235512 -0.68826 -0.36043
vn -0.0749571 -0.328529 -0.941515
v -0.127316 -0.745593 -0.330805
vn 0.236248 -0.358875 -0.902993
v 0.00636587 -0.662332 -0.294496
vn -0.124531 -0.334023 -0.934302
v -0.0184609 -0.646931 -0.306484
vn 0.511404 -0.289477 -0.809116
v 0.0335678 -0.684347 -0.304554
vn -0.53731 -0.289598 -0.792106
v 0.00092508 -0.494538 -0.354676
vn -0.0582387 -0.296018 -0.953405
v -0.0225268 -0.512055 -0.356029
vn 0.496117 -0.248589 -0.831908
v 0.0204723 -0.502521 -0.357679
vn -0.509592 -0.228295 -0.829577
v -0.152932 -0.634524 -0.381824
vn 0.137957 -0.333735 -0.932517
v -0.257328 -0.867045 -0.295355
vn -0.0771508 -0.389348 -0.917854
v -0.417218 -1.75259 -0.244934
vn -0.553167 0.32423 -0.767386
v -0.449824 -1.7922 -0.235421
vn -0.635641 0.307293 -0.708189
v -0.473275 -1.79084 -0.211218
vn -0.713938 0.25696 -0.651356
v -0.48705 -1.88239 -0.224003
vn -0.736805 0.150852 -0.659062
v -0.500878 -1.93722 -0.214102
vn -0.769658 0.00722285 -0.638415
v -0.484646 -1.98236 -0.229704
vn -0.695963 -0.0516371 -0.716219
v -0.476725 -2.03064 -0.23144
vn -0.593576 -0.169259 -0.786777
v -0.458057 -2.14915 -0.215798
vn -0.482007 -0.229089 -0.845687
v -0.477473 -2.25095 -0.177554
vn -0.514301 -0.205132 -0.832715
v -0.446825 -1.83447 -0.251303
vn -0.621623 0.212911 -0.753826
v -0.43166 -1.86141 -0.268168
vn -0.576055 0.140052 -0.805324
v -0.421214 -1.89549 -0.279378
vn -0.49645 0.035724 -0.86733
v -0.463487 -1.9177 -0.250538
vn -0.622049 0.0142354 -0.782849
v -0.412066 -1.9499 -0.283442
vn -0.456 -0.059183 -0.88801
v -0.438888 -1.99319 -0.264179
vn -0.563486 -0.0806865 -0.822176
v -0.420437 -2.0301 -0.268512
vn -0.488351 -0.181199 -0.853628
v -0.416693 -2.09049 -0.255227
vn -0.399336 -0.250403 -0.881946
v -0.326571 -1.5868 -0.205702
vn -0.315551 0.439563 -0.840959
v -0.282665 -1.57962 -0.21322
vn -0.161379 0.459358 -0.873469
v -0.329213 -1.67901 -0.256016
vn -0.307818 0.450648 -0.837952
v -0.392605 -1.6944 -0.233678
vn -0.475486 0.41931 -0.773364
v -0.197345 -1.62244 -0.246516
vn -0.0576697 0.430814 -0.900596
v -0.153503 -1.54279 -0.215245
vn -0.0851286 0.281889 -0.955663
v -0.323022 -1.72527 -0.280458
vn -0.265711 0.358448 -0.894937
v -0.269292 -1.69446 -0.278551
vn -0.12314 0.445133 -0.886957
v -0.190973 -1.67303 -0.271238
vn 0.0470649 0.40579 -0.912754
v -0.12571 -1.56965 -0.223072
vn 0.162735 0.300567 -0.939775
v -0.108725 -1.64334 -0.243549
vn 0.260764 0.287923 -0.921468
v -0.0869576 -1.72074 -0.258376
vn 0.340729 0.219191 -0.914253
v -0.0201259 -1.6683 -0.219188
vn 0.301989 0.269358 -0.914467
v 0.0150765 -1.68688 -0.223498
vn -0.0339507 0.267068 -0.96308
v 0.0422786 -1.65695 -0.222937
vn -0.365308 0.257638 -0.894523
v -0.14433 -1.65468 -0.255593
vn 0.121784 0.354782 -0.926984
v 0.0869659 -1.72074 -0.258376
vn -0.347949 0.204288 -0.914985
v -0.373577 -1.73474 -0.264032
vn -0.412188 0.359644 -0.837113
v -0.395034 -1.80279 -0.277766
vn -0.490868 0.247604 -0.835309
v -0.284633 -2.12896 -0.268978
vn -0.0388079 -0.418738 -0.907278
v -0.381204 -2.08367 -0.270717
vn -0.263146 -0.307661 -0.914384
v -0.328704 -2.09659 -0.278129
vn -0.149821 -0.348944 -0.92509
v -0.384774 -2.20635 -0.223682
vn -0.160378 -0.363334 -0.917751
v -0.419671 -2.17154 -0.227585
vn -0.325808 -0.303462 -0.89541
v -0.202662 -2.08275 -0.280185
vn 0.234723 -0.328992 -0.914696
v -0.189626 -2.12584 -0.257935
vn 0.273365 -0.412754 -0.868853
v -0.233687 -2.13596 -0.262865
vn 0.132472 -0.466816 -0.874377
v 0.00636486 -1.94116 -0.2235
vn -0.0447027 -0.316438 -0.947559
v -0.00671779 -1.86538 -0.237308
vn 0.20119 -0.140823 -0.969377
v -0.0281715 -1.95739 -0.225522
vn 0.427435 -0.258693 -0.866243
v -0.0371319 -1.75369 -0.244706
vn 0.320419 0.140715 -0.936766
v 0.0176484 -1.90677 -0.233661
vn -0.300092 -0.14395 -0.942986
v 0.0248333 -1.74411 -0.240005
vn -0.307336 0.190579 -0.932322
v -0.0518794 -2.01878 -0.215501
vn 0.568445 -0.305032 -0.764085
v -0.108979 -2.11325 -0.221728
vn 0.572808 -0.386506 -0.722844
v -0.147658 -2.13221 -0.237107
vn 0.420236 -0.449128 -0.788471
v -0.0504273 -1.91311 -0.24684
vn 0.442604 -0.124273 -0.888064
v 0.0518878 -2.01878 -0.215501
vn -0.578696 -0.305844 -0.756023
v 0.0533129 -1.95201 -0.239062
vn -0.481531 -0.217971 -0.848891
v -0.0950673 -1.88207 -0.275356
vn 0.465997 -0.0775356 -0.881383
v -0.133598 -1.96654 -0.285713
vn 0.44628 -0.143508 -0.883312
v -0.0493417 -1.81019 -0.254414
vn 0.398953 -0.0128889 -0.916881
v -0.128028 -1.85955 -0.292859
vn 0.404249 0.0296281 -0.914169
v -0.00388543 -1.79293 -0.241037
vn 0.00125382 0.0104038 -0.999945
v 0.0538922 -1.86914 -0.254598
vn -0.431524 -0.0929851 -0.897296
v 0.0432707 -1.79259 -0.251092
vn -0.360399 0.0730203 -0.929936
v -0.121221 -2.01048 -0.269139
vn 0.509954 -0.238469 -0.826486
v -0.128666 -2.08419 -0.249212
vn 0.551617 -0.30404 -0.77671
v -0.146451 -2.07132 -0.264774
vn 0.378582 -0.323222 -0.867296
v -0.188699 -2.16062 -0.237323
vn 0.259226 -0.528833 -0.808169
v -0.234526 -1.72855 -0.29545
vn 0.0120128 0.337289 -0.941324
v -0.36169 -1.78881 -0.288544
vn -0.337632 0.244412 -0.908993
v -0.318523 -1.78068 -0.300459
vn -0.224073 0.242221 -0.943992
v -0.327813 -1.84451 -0.31058
vn -0.237477 0.126202 -0.96316
v -0.388771 -1.85727 -0.291971
vn -0.390943 0.145253 -0.908881
v -0.373697 -1.89313 -0.301086
vn -0.348598 0.034266 -0.936646
v -0.333972 -1.90359 -0.312506
vn -0.184886 -0.0196992 -0.982563
v -0.365096 -1.93702 -0.303671
vn -0.311139 -0.0722134 -0.947617
v -0.179766 -1.72549 -0.289571
vn 0.170895 0.28462 -0.943285
v -0.225273 -1.78407 -0.310183
vn 0.065911 0.207483 -0.976016
v -0.178047 -1.80646 -0.306326
vn 0.206652 0.151995 -0.966536
v -0.271282 -1.75122 -0.300705
vn -0.118691 0.290671 -0.949433
v -0.23088 -1.8356 -0.317935
vn 0.0537484 0.095482 -0.993979
v -0.193881 -1.85945 -0.314571
vn 0.234422 0.0380224 -0.971391
v -0.275724 -1.81349 -0.314491
vn -0.0924062 0.15492 -0.983596
v -0.201186 -1.91078 -0.315665
vn 0.194488 -0.0651369 -0.97874
v -0.301986 -1.96255 -0.313238
vn -0.107455 -0.117699 -0.987219
v -0.341776 -1.981 -0.30467
vn -0.196805 -0.147013 -0.969358
v -0.313654 -2.03805 -0.297674
vn -0.113926 -0.232425 -0.965919
v -0.383944 -2.00867 -0.288579
vn -0.337707 -0.170229 -0.92573
v -0.355433 -2.05211 -0.286973
vn -0.212949 -0.239408 -0.947278
v -0.177488 -1.96971 -0.303547
vn 0.296798 -0.145286 -0.943823
v -0.219135 -1.97323 -0.312081
vn 0.111801 -0.151433 -0.982125
v -0.225955 -2.03194 -0.299847
vn 0.126305 -0.258688 -0.957668
v -0.175103 -2.02638 -0.290337
vn 0.309873 -0.240869 -0.919761
v -0.269412 -2.01824 -0.305421
vn -0.00351412 -0.220972 -0.975274
v -0.242664 -2.09783 -0.28088
vn 0.0847783 -0.341525 -0.936041
v -0.284843 -2.08927 -0.285079
vn -0.0334295 -0.308528 -0.950628
v -0.284059 -1.88077 -0.319378
vn -0.0836339 0.0191376 -0.996313
v -0.232146 -1.88076 -0.320102
vn 0.055183 -0.0246879 -0.998171
v -0.266729 -1.93919 -0.318151
vn -0.00353287 -0.0971599 -0.995263
v -0.149142 -1.74374 -0.286821
vn 0.300661 0.223235 -0.927237
v -0.144271 -1.81104 -0.296222
vn 0.350473 0.102922 -0.9309
v -0.158885 -1.90492 -0.304233
vn 0.355273 -0.0478653 -0.933536
v -0.430893 -0.418405 -0.408422
vn -0.338689 -0.353701 -0.871886
v -0.426276 -0.369889 -0.426566
vn -0.228806 -0.282866 -0.931469
v -0.466414 -0.363516 -0.414879
vn -0.360044 -0.263092 -0.895071
v -0.287244 -0.500615 -0.416758
vn -0.191686 -0.298797 -0.934867
v -0.193337 -0.609532 -0.392733
vn -0.0306903 -0.34158 -0.939352
v -0.230304 -0.548404 -0.410219
vn -0.122929 -0.312785 -0.941836
v -0.320933 -0.409938 -0.437196
vn -0.172275 -0.255042 -0.951459
v -0.177894 -0.471462 -0.433381
vn 0.0739069 -0.21873 -0.972983
v -0.192319 -0.53487 -0.417712
vn 0.0305966 -0.289138 -0.956798
v -0.216106 -0.475437 -0.433624
vn -0.0117972 -0.226594 -0.973918
v -0.253435 -0.452578 -0.436139
vn -0.118565 -0.254322 -0.959824
v -0.0335514 -0.388342 -0.392024
vn 0.420965 -0.16385 -0.892156
v -0.0779391 -0.551925 -0.385795
vn 0.533071 -0.240806 -0.811078
v -0.0808131 -0.465422 -0.40678
vn 0.496086 -0.162169 -0.852995
v -0.104767 -0.533834 -0.404009
vn 0.270911 -0.252893 -0.928791
v 0.0335598 -0.388342 -0.392024
vn -0.456686 -0.14271 -0.878107
v -0.105463 -0.586404 -0.387679
vn 0.334738 -0.334892 -0.880794
v -0.101298 -0.416096 -0.424654
vn 0.387144 -0.136137 -0.911913
v -0.119647 -0.479796 -0.420359
vn 0.302694 -0.161598 -0.939288
v -0.145581 -0.480671 -0.427091
vn 0.15985 -0.241733 -0.957086
v 0.0808214 -0.465422 -0.40678
vn -0.492459 -0.161243 -0.855269
v 0.152828 1.43792 0.0983351
vn 0.545683 0.83696 -0.04157
v 0.296907 1.2451 0.0661002
vn 0.945026 0.301973 -0.125452
v 0.253323 1.33241 0.0539765
vn 0.833616 0.532574 -0.146456
v 0.188365 1.41039 0.0806022
vn 0.642441 0.759657 -0.100948
v 0.15898 1.42406 0.0304772
vn 0.581156 0.792682 -0.184155
v 0.134588 1.44627 0.0703402
vn 0.444878 0.887231 -0.122087
v 0.280556 1.28635 0.0655802
vn 0.897132 0.419288 -0.139108
v 0.218288 1.37234 0.029912
vn 0.712689 0.681951 -0.164371
v 0.376988 1.03734 0.105255
vn 0.98576 0.0319314 0.165096
v 0.367699 1.04719 0.0874143
vn 0.268375 0.96161 -0.0572828
v 0.356477 1.04392 0.108536
vn -0.718033 0.690202 0.0897193
v 0.364533 1.04016 0.117267
vn -0.198717 0.783139 0.58924
v 0.330237 1.00833 0.100799
vn -0.0662854 0.993469 0.0928739
v 0.336878 1.01076 0.0770524
vn -0.722706 0.673009 -0.157338
v 0.326507 1.04538 0.0716305
vn 0.998822 0.047655 -0.00910055
v 0.320573 1.12995 0.0610914
vn 0.990888 0.10077 -0.0893683
v 0.359815 1.03874 0.0669744
vn -0.550761 0.675196 -0.490686
v 0.376309 1.03519 0.0686938
vn 0.568701 0.671144 -0.475547
v 0.32888 0.999276 0.0301559
vn 0.98445 0.0904868 -0.150564
v 0.312751 1.17478 0.0454972
vn 0.960797 0.223351 -0.164269
v 0.297919 0.79717 0.0882608
vn 0.723287 -0.504582 -0.471437
v 0.289166 0.792174 0.0624009
vn 0.919385 -0.279286 -0.277003
v 0.268759 0.702749 0.0813558
vn 0.969453 -0.243084 0.0327331
v 0.314731 0.907845 0.0176
vn 0.829944 -0.348774 -0.435373
v 0.31462 0.807064 0.0857023
vn 0.0732776 -0.786326 -0.613451
v 0.314359 0.840326 0.0626404
vn 0.182958 -0.505836 -0.843004
v 0.24971 0.54441 0.0513318
vn 0.960191 -0.100747 0.260545
v 0.25573 0.626225 0.0709916
vn 0.961817 -0.175395 0.210104
v 0.264877 0.671728 0.046548
vn 0.992512 -0.102624 -0.0662469
v 0.323123 0.871874 0.123775
vn 0.866944 0.348447 0.356359
v 0.316958 0.797482 0.119783
vn 0.469833 -0.655842 0.590871
v 0.351358 0.97086 0.124928
vn 0.925088 -0.298422 0.234856
v 0.360791 0.954929 0.0783559
vn 0.851108 -0.311555 0.42255
v 0.366511 0.998364 0.0931958
vn 0.94558 -0.190916 0.263495
v 0.336586 0.929323 0.127026
vn 0.94717 -0.306279 0.095196
v 0.327835 0.898499 0.108393
vn 0.895485 -0.121717 0.428125
v 0.345087 0.849153 0.112159
vn 0.883032 0.0698752 0.464082
v 0.355589 0.868963 0.0784033
vn 0.883989 0.101593 0.456335
v 0.337 0.815611 0.118213
vn 0.790961 -0.355838 0.497754
v 0.348866 0.833082 0.0957217
vn 0.949105 -0.314865 0.0076545
v 0.327376 0.797259 0.104482
vn 0.538705 -0.841148 -0.0476191
v 0.375279 0.951538 0.057497
vn 0.948772 -0.167267 0.268055
v 0.330111 1.01328 0.0692041
vn 0.906852 0.361173 -0.217194
v 0.375637 0.969922 0.0343881
vn 0.947563 -0.149137 -0.282635
v 0.381269 1.01319 0.049754
vn 0.999743 -0.0110329 0.019803
v 0.338764 1.00591 0.0594583
vn -0.571673 0.620014 -0.537376
v 0.364365 0.913254 0.0625393
vn 0.903558 -0.119445 0.41148
v 0.335696 0.807622 0.0873895
vn 0.78963 -0.511636 -0.338692
v 0.366736 0.917372 0.0368588
vn 0.874617 -0.314544 -0.368927
v 0.336726 0.827391 0.0674147
vn 0.236088 -0.49113 -0.838483
v 0.172976 1.39819 -0.0192483
vn 0.618999 0.733434 -0.280917
v 0.118437 1.44413 0.0178194
vn 0.385809 0.89586 -0.220424
v 0.281031 1.25328 -0.00744598
vn 0.927249 0.306091 -0.21568
v 0.262199 1.30253 0.00947992
vn 0.86307 0.46572 -0.195489
v 0.212884 1.36601 -0.00397793
vn 0.733046 0.631611 -0.252409
v 0.134484 1.42502 -0.0191891
vn 0.473466 0.829202 -0.297075
v 0.262233 1.28197 -0.0292624
vn 0.848433 0.435646 -0.300623
v 0.236426 1.32807 -0.0252348
vn 0.791438 0.553187 -0.260019
v 0.209583 1.34576 -0.0551233
vn 0.695536 0.631162 -0.343313
v 0.308947 1.14209 -0.00910637
vn 0.977838 0.11473 -0.17513
v 0.295966 1.16671 -0.0433199
vn 0.937603 0.229535 -0.261177
v 0.363245 0.999599 0.0319494
vn -0.154727 0.541929 -0.826058
v 0.341802 0.979418 0.0356483
vn -0.462835 0.49962 -0.732232
v 0.317794 1.00162 -0.0137404
vn 0.951816 -0.0125016 -0.306413
v 0.25261 0.834905 -0.0492733
vn 0.867224 -0.28913 -0.405373
v 0.256522 0.559735 0.0185531
vn 0.993259 -0.0705201 0.0919967
v 0.270095 0.745612 0.0353459
vn 0.926247 -0.113071 -0.359558
v 0.257409 0.682224 0.0030535
vn 0.962 0.0350989 -0.270786
v 0.257126 0.587833 -0.0118873
vn 0.994449 0.0133054 -0.104372
v 0.260879 0.525871 -0.0181775
vn 0.985293 0.157528 0.0662059
v 0.33004 0.910942 0.0302614
vn 0.336093 -0.339998 -0.878318
v 0.351879 0.913722 0.0290213
vn 0.125063 -0.294561 -0.947414
v 0.360104 0.960344 0.0208494
vn 0.162011 0.0226954 -0.986528
v 0.334505 0.965362 0.0272914
vn 0.686188 0.0674159 -0.724293
v 0.373405 0.990037 0.0311683
vn 0.598969 0.186099 -0.778847
v 0.318895 0.948662 0.00341008
vn 0.894585 -0.16665 -0.414664
v 0.242555 0.514744 0.0729302
vn 0.949209 0.0915315 0.301039
v 0.22403 0.505477 0.11307
vn 0.861457 -0.0230812 0.507306
v 0.233369 0.453635 0.104302
vn 0.836531 0.13269 0.53161
v 0.266239 0.385056 0.08004
vn 0.80274 0.299561 0.515628
v 0.312493 0.317298 0.0815132
vn 0.561265 0.560024 0.609389
v 0.255944 0.456194 0.0565055
vn 0.924412 0.202324 0.323306
v 0.272692 0.403545 0.0505961
vn 0.861899 0.378703 0.337215
v 0.296614 0.365678 0.0542071
vn 0.697008 0.544734 0.466309
v 0.376185 0.237644 0.111529
vn 0.281281 0.775332 0.565456
v 0.374476 0.266089 0.0803371
vn 0.333207 0.655907 0.677318
v 0.424525 0.241 0.0878529
vn 0.165959 0.815707 0.554148
v 0.570067 0.260684 0.0195501
vn 0.146174 0.881988 0.44803
v 0.577676 0.230002 0.0901238
vn 0.116547 0.910389 0.396999
v 0.367466 0.346446 0.010758
vn 0.394419 0.646573 0.652975
v 0.486028 0.292384 0.00680916
vn 0.28961 0.721131 0.629361
v 0.28393 0.458891 -0.0480968
vn 0.911293 0.339171 0.233471
v 0.299204 0.441497 -0.0528253
vn 0.604959 0.70042 0.37873
v 0.319406 0.391403 -0.00505318
vn 0.505681 0.671154 0.542069
v 0.361701 0.382781 -0.028377
vn 0.380605 0.739799 0.554831
v 0.524663 0.306268 -0.0354576
vn 0.374223 0.806112 0.458411
v 0.650843 0.207414 0.102478
vn 0.324952 0.790172 0.519649
v 0.714905 0.174352 0.1096
vn 0.358897 0.752115 0.552735
v 0.805647 0.142151 0.0896256
vn 0.434353 0.7127 0.550815
v 0.640524 0.244988 0.0250555
vn 0.278627 0.91521 0.291131
v 0.648725 0.223032 0.0754959
vn 0.275755 0.873202 0.401843
v 0.599744 0.261083 0.00645505
vn 0.17886 0.922697 0.341526
v 0.758753 0.177062 0.0733939
vn 0.37902 0.830089 0.409019
v 0.866187 0.120686 0.0622617
vn 0.545394 0.674304 0.497855
v 0.87987 0.087824 0.0864028
vn 0.553211 0.599261 0.578657
v 0.88856 0.0567945 0.107038
vn 0.58734 0.522111 0.618411
v 0.943718 -0.0386401 0.118412
vn 0.669408 0.324684 0.668186
v 0.984429 -0.0924691 0.0982799
vn 0.746531 0.237677 0.621451
v 0.994688 -0.186058 0.112875
vn 0.717812 0.127406 0.68448
v 1.02495 -0.334821 0.102146
vn 0.733568 0.102897 0.671782
v 0.91612 0.0763805 0.0575059
vn 0.649864 0.573275 0.499032
v 0.955649 0.0393473 0.0441146
vn 0.74271 0.525151 0.41545
v 0.952996 0.00322096 0.0819608
vn 0.683775 0.448975 0.575217
v 0.98146 -0.0162518 0.0578955
vn 0.776158 0.420767 0.469611
v 0.986545 -0.05315 0.0759272
vn 0.77785 0.326783 0.536807
v 1.01951 -0.106485 0.0518605
vn 0.870936 0.239224 0.429235
v 1.0356 -0.196611 0.0589713
vn 0.884312 0.148342 0.442704
v 1.01476 -0.173826 0.0862873
vn 0.806802 0.146169 0.572455
v 1.04838 -0.315934 0.0643899
vn 0.886965 0.134203 0.441908
v 1.05099 -0.371778 0.0823902
vn 0.733 0.219811 0.643735
v 0.672294 0.230727 0.0359142
vn 0.363371 0.869867 0.333608
v 0.756979 0.204562 0.00574446
vn 0.374235 0.890379 0.259178
v 0.61162 0.276222 -0.052526
vn 0.38292 0.884636 0.266066
v 0.689183 0.243905 -0.0465648
vn 0.375274 0.911263 0.169616
v 0.834715 0.172134 -0.00153597
vn 0.495704 0.836765 0.232599
v 0.829957 0.158012 0.0413359
vn 0.436723 0.811888 0.387442
v 0.877751 0.134695 0.0230535
vn 0.557271 0.758847 0.337045
v 0.81025 0.192979 -0.0447659
vn 0.418169 0.905348 0.0740281
v 0.847509 0.175914 -0.0650521
vn 0.497795 0.865623 0.0538226
v 0.908809 0.126385 -0.0329761
vn 0.64784 0.741776 0.173413
v 0.904845 0.117689 0.00830093
vn 0.627108 0.713764 0.311893
v 0.933215 0.0913328 0.00375079
vn 0.728579 0.624806 0.280696
v 0.969728 0.0383307 0.0124454
vn 0.817061 0.529283 0.228626
v 0.996736 -0.0238754 0.0339459
vn 0.848718 0.395418 0.351172
v 1.01451 -0.0466125 0.00743049
vn 0.91979 0.366515 0.140191
v 1.02253 -0.0770019 0.021484
vn 0.920646 0.285312 0.266474
v 1.04094 -0.139783 0.0103306
vn 0.974493 0.173708 0.14209
v 1.04839 -0.209133 0.0309455
vn 0.949662 0.137492 0.281491
v 0.984097 0.0274474 -0.0298625
vn 0.868224 0.49232 0.0617117
v 0.944498 0.0892969 -0.0402426
vn 0.78952 0.605464 0.10036
v 0.995846 0.00066784 -0.00705714
vn 0.890064 0.433701 0.140317
v 1.02099 -0.0514655 -0.0468137
vn 0.937183 0.348834 -0.00149989
v 1.03424 -0.0951777 -0.0178175
vn 0.968425 0.244246 0.0499781
v 0.173523 1.37421 -0.0709278
vn 0.632066 0.669266 -0.390609
v 0.146533 1.39176 -0.0771802
vn 0.523385 0.746173 -0.411453
v 0.115883 1.41835 -0.0608342
vn 0.353386 0.848418 -0.394087
v 0.262861 1.24202 -0.076088
vn 0.869452 0.337513 -0.360745
v 0.228976 1.30783 -0.0757874
vn 0.787975 0.486896 -0.376865
v 0.297305 1.04308 -0.0799291
vn 0.932745 0.00452819 -0.36051
v 0.30669 1.08814 -0.0466346
vn 0.966192 0.0733371 -0.247173
v 0.293838 1.12186 -0.0762826
vn 0.933037 0.115446 -0.340755
v 0.19987 1.32386 -0.103615
vn 0.677415 0.56522 -0.470781
v 0.167101 1.3475 -0.118306
vn 0.584227 0.641333 -0.497364
v 0.11669 1.3904 -0.110034
vn 0.370109 0.770944 -0.518329
v 0.22483 1.28125 -0.111185
vn 0.739121 0.441677 -0.508549
v 0.274902 1.04769 -0.126577
vn 0.846366 -0.0742256 -0.527405
v 0.2981 0.992794 -0.0691265
vn 0.907362 -0.131381 -0.399292
v 0.277809 1.10663 -0.118473
vn 0.888594 0.0929838 -0.449171
v 0.27686 1.16412 -0.09923
vn 0.898207 0.214572 -0.383644
v 0.261347 1.20746 -0.106767
vn 0.829695 0.3028 -0.468956
v 0.225001 1.24244 -0.140416
vn 0.741004 0.364996 -0.563641
v 0.219103 0.812018 -0.109974
vn 0.880877 -0.197075 -0.430368
v 0.246972 0.889777 -0.101737
vn 0.837262 -0.294064 -0.460997
v 0.292092 0.937345 -0.0540025
vn 0.855204 -0.29407 -0.426788
v 0.231587 0.636059 -0.0921296
vn 0.919119 0.111684 -0.377819
v 0.228427 0.755098 -0.0765843
vn 0.913506 0.00254161 -0.406817
v 0.250309 0.588812 -0.0538256
vn 0.972301 0.108312 -0.207122
v 0.274669 0.972558 -0.105509
vn 0.828514 -0.232055 -0.509622
v 0.198057 0.699161 -0.136063
vn 0.81185 0.0917001 -0.57662
v 0.255045 0.539588 -0.0774893
vn 0.922031 0.288768 -0.257822
v 0.21959 0.590889 -0.129768
vn 0.825987 0.164297 -0.539214
v 0.165904 1.31835 -0.150205
vn 0.60751 0.498876 -0.618106
v 0.131275 1.36299 -0.135382
vn 0.45845 0.671689 -0.581943
v 0.251839 1.00499 -0.150435
vn 0.782305 -0.166542 -0.600219
v 0.260818 1.09116 -0.148659
vn 0.801963 0.0800866 -0.59198
v 0.25159 1.16823 -0.143669
vn 0.810616 0.213974 -0.545084
v 0.229936 1.16042 -0.173016
vn 0.74058 0.194682 -0.643149
v 0.149947 1.27926 -0.190805
vn 0.53284 0.449274 -0.717101
v 0.201784 1.23504 -0.171221
vn 0.663013 0.3668 -0.652588
v 0.115215 1.33054 -0.176978
vn 0.42212 0.555416 -0.716469
v 0.0951831 1.34928 -0.171132
vn 0.274058 0.664832 -0.694903
v 0.175879 1.2191 -0.202901
vn 0.568383 0.298265 -0.766798
v 0.226011 1.0827 -0.192427
vn 0.75869 0.0108066 -0.651362
v 0.218884 1.02994 -0.196331
vn 0.74255 -0.111004 -0.660529
v 0.20631 1.16566 -0.196479
vn 0.643578 0.233032 -0.729043
v 0.194134 0.814143 -0.152458
vn 0.782416 -0.207696 -0.5871
v 0.224642 0.908413 -0.148325
vn 0.80073 -0.245236 -0.546527
v 0.226161 0.551128 -0.139919
vn 0.749232 0.404241 -0.524634
v 0.187812 0.758521 -0.147079
vn 0.753795 -0.0405721 -0.655856
v 0.147064 0.804566 -0.190825
vn 0.509649 -0.207125 -0.835079
v 0.177919 0.826068 -0.174533
vn 0.622239 -0.248191 -0.742441
v 0.20427 0.949937 -0.19083
vn 0.744968 -0.222111 -0.629038
v 0.181634 0.593293 -0.168689
vn 0.633391 0.157213 -0.757693
v 0.150404 0.573499 -0.193738
vn 0.397584 0.30036 -0.867013
v 0.172119 0.667698 -0.167047
vn 0.611728 0.0560027 -0.789084
v 0.13067 0.617855 -0.194747
vn 0.411961 0.0813926 -0.907559
v 0.144123 0.731388 -0.183753
vn 0.511834 -0.0122446 -0.858997
v 0.115191 0.733121 -0.193544
vn 0.193984 0.0140109 -0.980905
v 0.155485 0.544565 -0.203587
vn 0.480674 0.423231 -0.768003
v 0.26417 0.511944 -0.0810883
vn 0.912769 0.407837 -0.0228593
v 0.29161 0.463802 -0.1138
vn 0.729413 0.682569 -0.0453415
v 0.320046 0.438945 -0.0946768
vn 0.510499 0.852926 0.109123
v 0.350306 0.408677 -0.0607788
vn 0.441488 0.803256 0.399835
v 0.364804 0.412399 -0.0923353
vn 0.435254 0.871695 0.22517
v 0.486324 0.354972 -0.0968051
vn 0.41656 0.841321 0.344466
v 0.400692 0.401726 -0.13092
vn 0.415058 0.909367 0.027895
v 0.501997 0.352932 -0.119876
vn 0.455989 0.873393 0.171055
v 0.270154 0.480736 -0.148326
vn 0.780922 0.553364 -0.28974
v 0.218122 0.537261 -0.158222
vn 0.527956 0.559654 -0.638787
v 0.240873 0.488612 -0.182036
vn 0.580176 0.613334 -0.535927
v 0.192204 0.505988 -0.207532
vn 0.458109 0.599104 -0.656666
v 0.284515 0.446664 -0.191355
vn 0.538648 0.772462 -0.336393
v 0.332574 0.428548 -0.15373
vn 0.42335 0.895581 -0.136785
v 0.517196 0.348086 -0.147304
vn 0.460674 0.886506 0.0434404
v 0.640542 0.27678 -0.124631
vn 0.451325 0.888475 0.0831774
v 0.331397 0.421917 -0.187977
vn 0.37628 0.886307 -0.26995
v 0.450452 0.369422 -0.21366
vn 0.363455 0.895266 -0.257681
v 0.500561 0.356269 -0.172742
vn 0.444878 0.890686 -0.0936093
v 0.578225 0.309504 -0.194626
vn 0.493644 0.854567 -0.161339
v 0.828021 0.184832 -0.0955742
vn 0.458812 0.880231 -0.12118
v 0.875946 0.156682 -0.051476
vn 0.59013 0.800466 0.104886
v 0.912598 0.126315 -0.072872
vn 0.709176 0.704388 -0.0301202
v 0.878413 0.154084 -0.0992978
vn 0.583366 0.803766 -0.11681
v 0.932845 0.101889 -0.0974901
vn 0.775891 0.605103 -0.178446
v 0.957916 0.0711157 -0.0683623
vn 0.81829 0.574472 -0.0195759
v 0.978483 0.0365886 -0.0823856
vn 0.864646 0.492576 -0.0987795
v 1.00132 -0.00470023 -0.0652464
vn 0.913439 0.398794 -0.0811989
v 1.038 -0.115444 -0.0729916
vn 0.972506 0.221168 -0.0729157
v 0.969277 0.043889 -0.108931
vn 0.826884 0.495667 -0.265665
v 0.99663 -0.0120303 -0.111568
vn 0.885067 0.388879 -0.255793
v 1.02591 -0.0825474 -0.102133
vn 0.936885 0.279026 -0.210694
v 1.04123 -0.156583 -0.0966452
vn 0.968245 0.132988 -0.211697
v 0.728272 0.228698 -0.142136
vn 0.480673 0.867134 -0.13051
v 0.68522 0.247533 -0.179439
vn 0.534496 0.806035 -0.254207
v 0.747694 0.195365 -0.200211
vn 0.489097 0.727077 -0.481813
v 0.829594 0.165445 -0.164392
vn 0.473972 0.810854 -0.343316
v 0.863275 0.152476 -0.14194
vn 0.526828 0.803451 -0.277341
v 0.894878 0.132576 -0.127725
vn 0.679381 0.679749 -0.276374
v 0.851107 0.140083 -0.181846
vn 0.551606 0.679234 -0.484121
v 0.893056 0.105934 -0.175006
vn 0.661558 0.588657 -0.46457
v 0.930227 0.0833806 -0.143573
vn 0.753901 0.549057 -0.36079
v 0.963527 0.0237224 -0.151155
vn 0.819412 0.411584 -0.398952
v 1.00603 -0.0639468 -0.142344
vn 0.865567 0.299091 -0.40167
v 1.02739 -0.148671 -0.139778
vn 0.934928 0.140255 -0.325941
v 1.01685 -0.148918 -0.163297
vn 0.849707 0.165702 -0.500541
v 1.04986 -0.243802 -0.0983562
vn 0.945861 0.163935 -0.280128
v 1.02604 -0.246411 -0.172707
vn 0.899779 0.148772 -0.4102
v 0.936951 0.0399478 -0.18174
vn 0.741841 0.467118 -0.481115
v 0.958218 -0.023007 -0.19936
vn 0.745833 0.347148 -0.568525
v 0.980349 -0.0620726 -0.188504
vn 0.815831 0.236853 -0.527562
v 0.985646 -0.133639 -0.207345
vn 0.787209 0.16871 -0.593161
v 1.03305 -0.304723 -0.189138
vn 0.840998 0.299016 -0.450902
v 1.06445 -0.297483 0.0028312
vn 0.970745 0.191392 0.144995
v 1.06561 -0.348499 0.0397065
vn 0.874057 0.276637 0.39937
v 1.05127 -0.181068 -0.0513547
vn 0.988723 0.149745 -0.0019733
v 1.0911 -0.3695 -0.0248436
vn 0.901921 0.387751 0.190233
v 1.06086 -0.262649 -0.0544245
vn 0.977856 0.180398 -0.106085
v 1.07826 -0.331973 -0.0639725
vn 0.925814 0.371746 -0.068355
v 1.05761 -0.320025 -0.145599
vn 0.900499 0.370493 -0.227676
v 1.16822 -0.521181 -0.0535433
vn 0.902633 0.427739 -0.047883
v 1.11884 -0.462137 -0.142733
vn 0.84943 0.36119 -0.384723
v 0.549929 -1.04588 0.0648362
vn 0.975463 -0.160261 0.15096
v 0.532777 -1.30243 0.0884542
vn 0.9915 0.0115264 -0.129598
v 0.538084 -1.12482 0.0847918
vn 0.993369 -0.102475 0.0521226
v 0.53147 -1.17828 0.0672746
vn 0.974951 -0.170302 -0.143068
v 0.525013 -1.20683 0.037649
vn 0.988571 -0.0329728 -0.147104
v 0.518528 -1.25378 0.0138707
vn 0.968449 -0.0249361 -0.24796
v 0.553268 -1.0408 0.0295696
vn 0.978409 -0.204379 -0.0307495
v 0.547951 -1.03795 -0.00923654
vn 0.926562 -0.280179 -0.250965
v 0.518444 -1.12906 -0.0341985
vn 0.945826 -0.163242 -0.280651
v 0.502814 -1.23826 -0.0350498
vn 0.906484 -0.0540303 -0.418768
v 0.672301 -0.457272 0.103321
vn 0.928481 -0.0758675 0.363548
v 0.696477 -0.407261 0.0503591
vn 0.923953 -0.0845508 0.373044
v 0.658629 -0.35897 0.134906
vn 0.885795 -0.117414 0.448978
v 0.682032 -0.357833 0.0995868
vn 0.61844 -0.544973 0.56616
v 0.699454 -0.388451 0.057113
vn -0.074168 -0.711682 0.698576
v 0.728843 -0.36084 0.1228
vn -0.60874 -0.427407 0.668401
v 0.719796 -0.386419 0.0870019
vn -0.692574 -0.538305 0.480176
v 0.76269 -0.429854 0.105628
vn -0.704664 -0.42631 0.567194
v 0.732633 -0.425423 0.0632006
vn -0.789895 -0.431108 0.436133
v 0.781423 -0.534526 0.0522162
vn -0.786242 -0.41719 0.455824
v 0.632127 -0.786975 0.0763076
vn 0.88313 -0.185988 0.430685
v 0.68005 -0.615698 0.0492722
vn 0.913253 -0.113961 0.391128
v 0.851332 -0.562454 0.111387
vn -0.501681 -0.357296 0.787817
v 0.965169 -0.678027 0.124688
vn -0.354452 -0.273904 0.894058
v 1.02064 -0.400325 0.114177
vn 0.519771 0.113117 0.846784
v 1.01309 -0.473796 0.126445
vn 0.382491 0.128196 0.915023
v 1.00466 -0.563518 0.140489
vn 0.1574 0.0362182 0.986871
v 1.02237 -0.550405 0.134603
vn 0.311491 0.115801 0.943167
v 0.968332 -0.755068 0.0955811
vn -0.61451 -0.405835 0.676517
v 1.05397 -0.754449 0.130152
vn -0.0860503 -0.0869904 0.992486
v 1.01305 -0.808823 0.103742
vn -0.513359 -0.305185 0.802075
v 1.04524 -0.828669 0.115393
vn -0.364551 -0.185221 0.912577
v 0.817005 -0.556901 0.0836403
vn -0.67024 -0.429251 0.60541
v 0.871178 -0.632545 0.0861894
vn -0.648277 -0.43497 0.624931
v 0.821964 -0.601785 0.0517313
vn -0.752182 -0.497624 0.431964
v 0.895223 -0.723465 0.0361674
vn -0.753475 -0.482041 0.447116
v 0.952651 -0.79302 0.0573026
vn -0.715144 -0.42173 0.557416
v 0.583251 -0.908559 0.102664
vn 0.898689 -0.341163 0.27562
v 0.617329 -0.837951 0.0854927
vn 0.891587 -0.26463 0.367483
v 0.566355 -0.980826 0.0390342
vn 0.955771 -0.284906 0.0730116
v 0.577655 -0.935995 0.0676116
vn 0.910138 -0.386121 0.150196
v 0.621967 -0.843005 0.0637823
vn 0.917201 -0.381048 0.116378
v 0.655151 -0.754881 0.03319
vn 0.927346 -0.305714 0.215796
v 1.0006 -0.853855 0.0741858
vn -0.640263 -0.317666 0.699393
v 1.04239 -0.947896 0.0719848
vn -0.735333 -0.39112 0.553454
v 0.69399 -0.60725 0.00797557
vn 0.963192 -0.0782436 0.257175
v 0.704954 -0.479975 0.00283331
vn 0.969228 -0.105346 0.222484
v 0.712187 -0.451474 -0.00546797
vn 0.792076 -0.465652 0.394694
v 0.718085 -0.428503 0.026179
vn -0.841537 -0.436352 0.318453
v 0.75755 -0.527657 0.009268
vn -0.864323 -0.430556 0.259936
v 0.787877 -0.5749 0.0192988
vn -0.796017 -0.481937 0.366188
v 0.676558 -0.698204 0.0220235
vn 0.908666 -0.226103 0.351003
v 0.648965 -0.780407 0.0167391
vn 0.923878 -0.376977 0.0658598
v 0.68856 -0.662644 0.00428391
vn 0.955789 -0.152751 0.251266
v 0.706404 -0.537851 -0.0551975
vn 0.994096 -0.104353 0.0297303
v 0.721727 -0.472647 -0.0441163
vn -0.742837 -0.599067 0.298849
v 0.737664 -0.517397 -0.0565559
vn -0.896487 -0.399871 0.190823
v 0.659896 -0.770949 -0.0313277
vn 0.911595 -0.408384 0.0470772
v 0.68153 -0.714644 -0.0208208
vn 0.942674 -0.312265 0.117716
v 0.689844 -0.684365 -0.0345447
vn 0.97965 -0.199812 0.0189962
v 0.793602 -0.603578 -0.0121887
vn -0.798474 -0.509886 0.320087
v 0.964765 -0.864577 0.0120675
vn -0.805147 -0.462812 0.370869
v 0.880411 -0.738742 -0.0129666
vn -0.80965 -0.487015 0.327541
v 0.588766 -0.922158 0.0200548
vn 0.920313 -0.390354 0.0254615
v 0.63035 -0.827223 -0.00244057
vn 0.908143 -0.417731 0.0278617
v 0.572806 -0.952063 -0.0411903
vn 0.920792 -0.364492 -0.138883
v 0.59764 -0.896356 -0.0487822
vn 0.904633 -0.423654 -0.0464294
v 1.03839 -0.968558 0.0462173
vn -0.808993 -0.473073 0.348901
v 1.03464 -1.05992 -0.101874
vn -0.840726 -0.456625 0.290987
v 0.530373 -1.39385 0.0647189
vn 0.988798 -0.0389727 -0.144085
v 0.540341 -1.58448 0.102791
vn 0.970373 0.238237 0.0402388
v 0.520362 -1.49587 0.0407283
vn 0.983218 0.00848525 -0.182237
v 0.526249 -1.54001 0.0437236
vn 0.966623 0.222348 -0.127283
v 0.525701 -1.34784 0.0331044
vn 0.980095 0.0109233 -0.198229
v 0.516743 -1.40069 0.00376396
vn 0.956054 -0.0231189 -0.292276
v 0.523231 -1.55698 0.011851
vn 0.933514 0.212791 -0.288569
v 0.557549 -1.66816 0.0372287
vn 0.951413 0.230282 -0.204411
v 0.505048 -1.39805 -0.0266187
vn 0.911129 -0.0205073 -0.41161
v 0.504119 -1.51011 -0.0256834
vn 0.930492 0.0737268 -0.358817
v 0.513222 -1.58411 -0.0324924
vn 0.887464 0.212998 -0.408705
v 0.56234 -1.72361 0.0104914
vn 0.920336 0.204321 -0.333518
v 0.582517 -1.74699 0.0785334
vn 0.974321 0.219606 -0.049714
v 0.62264 -1.95529 0.112473
vn 0.986277 0.161481 -0.0343754
v 0.649837 -2.14947 0.11415
vn 0.989276 0.140267 -0.0407108
v 0.617449 -1.94669 0.0666861
vn 0.979181 0.156569 -0.129191
v 0.637305 -2.09042 0.0731299
vn 0.976877 0.132239 -0.168
v 0.66289 -2.24702 0.0934136
vn 0.986723 0.119519 -0.109968
v 0.577495 -1.74804 0.0458875
vn 0.958728 0.183672 -0.217039
v 0.613153 -1.96245 0.032192
vn 0.960598 0.138983 -0.240697
v 0.622028 -2.09819 0.0106486
vn 0.929704 0.108178 -0.352061
v 0.649353 -2.24264 0.0325421
vn 0.955636 0.121078 -0.268513
v 0.593165 -1.90335 -0.00536729
vn 0.9384 0.176419 -0.297122
v 0.59553 -1.95585 -0.0240904
vn 0.938866 0.103 -0.328515
v 0.60595 -2.12389 -0.0361867
vn 0.909108 0.0822902 -0.408351
v 0.564385 -0.942773 -0.0867026
vn 0.853874 -0.419394 -0.308232
v 0.525021 -1.03808 -0.0700576
vn 0.826888 -0.346161 -0.443203
v 0.504734 -1.13251 -0.0617255
vn 0.818932 -0.206873 -0.535308
v 0.481648 -1.17701 -0.0811619
vn 0.759359 -0.115561 -0.640327
v 0.521652 -0.961938 -0.138158
vn 0.719418 -0.428389 -0.546735
v 0.48271 -1.32949 -0.0668997
vn 0.808399 -0.0288615 -0.587927
v 0.452747 -1.23126 -0.100257
vn 0.610948 -0.0691739 -0.788643
v 0.446119 -1.13976 -0.122037
vn 0.557646 -0.252785 -0.790652
v 0.480257 -1.09091 -0.107425
vn 0.708479 -0.255671 -0.657792
v 0.490883 -1.02 -0.132239
vn 0.647128 -0.361207 -0.671383
v 0.0902908 -1.18552 -0.179077
vn -0.322138 -0.169897 -0.931323
v 0.114518 -1.26331 -0.175819
vn -0.252192 -0.065355 -0.965468
v 0.146734 -1.20449 -0.189617
vn -0.12562 -0.125359 -0.984126
v 0.291506 -1.24099 -0.159522
vn 0.280883 -0.0776123 -0.956599
v 0.25025 -1.1829 -0.179665
vn 0.231255 -0.149143 -0.961394
v 0.209571 -1.32247 -0.184096
vn 0.114174 -0.00490714 -0.993449
v 0.232773 -1.25144 -0.1791
vn 0.286748 -0.0250415 -0.957679
v 0.17961 -1.17025 -0.193813
vn 0.116779 -0.098057 -0.988305
v 0.229601 -1.13076 -0.193736
vn 0.13939 -0.21755 -0.966045
v 0.320087 -1.15243 -0.169424
vn 0.234798 -0.283358 -0.929827
v 0.542648 -0.872997 -0.176211
vn 0.640273 -0.404531 -0.652997
v 0.439951 -1.3244 -0.106705
vn 0.508147 -0.0171712 -0.861099
v 0.382789 -1.2682 -0.134284
vn 0.306768 -0.0243033 -0.951474
v 0.406222 -1.1799 -0.132552
vn 0.396566 -0.139245 -0.907384
v 0.362924 -1.2292 -0.141986
vn 0.274741 -0.140997 -0.951124
v 0.403822 -1.12496 -0.147736
vn 0.395043 -0.324704 -0.859365
v 0.372914 -0.968488 -0.225996
vn 0.321083 -0.383921 -0.865743
v 0.441574 -1.00826 -0.175282
vn 0.458286 -0.374639 -0.80599
v 0.491099 -0.87837 -0.213578
vn 0.518031 -0.405266 -0.753262
v 0.56809 -0.808802 -0.185857
vn 0.686354 -0.306342 -0.659601
v 0.534076 -0.830779 -0.206413
vn 0.596391 -0.333269 -0.730239
v 0.352581 -1.12071 -0.169789
vn 0.337822 -0.335465 -0.879397
v 0.712424 -0.489503 -0.081457
vn 0.919462 -0.393143 0.00521615
v 0.719245 -0.491056 -0.0956918
vn -0.880187 -0.471093 0.0578201
v 0.750836 -0.554084 -0.0814578
vn -0.882781 -0.457527 0.106617
v 0.63856 -0.813401 -0.0672909
vn 0.894233 -0.431622 -0.118533
v 0.670883 -0.739037 -0.0644378
vn 0.929637 -0.316947 -0.187935
v 0.691537 -0.668535 -0.0550553
vn 0.9658 -0.190491 -0.175906
v 0.70057 -0.609542 -0.0395436
vn 0.993697 -0.105455 0.0380162
v 0.697235 -0.602027 -0.0790376
vn 0.959585 -0.150306 -0.237919
v 0.787811 -0.613049 -0.050806
vn -0.85444 -0.481842 0.194321
v 0.690483 -0.49028 -0.159266
vn 0.857759 -0.279143 -0.431658
v 0.703201 -0.502216 -0.116175
vn 0.957637 -0.193778 -0.213027
v 0.791923 -0.636599 -0.123151
vn -0.883913 -0.467284 0.0185398
v 0.648721 -0.780494 -0.0870602
vn 0.876859 -0.361738 -0.316643
v 0.629814 -0.795361 -0.113733
vn 0.798531 -0.359657 -0.482696
v 0.677994 -0.68417 -0.0917713
vn 0.895422 -0.21111 -0.391985
v 0.650746 -0.742489 -0.11379
vn 0.833198 -0.254255 -0.491055
v 0.686146 -0.564448 -0.128237
vn 0.881167 -0.209019 -0.424095
v 0.83334 -0.709472 -0.105133
vn -0.861738 -0.486189 0.14501
v 0.841732 -0.707301 -0.0680487
vn -0.830473 -0.494636 0.256224
v 0.583166 -0.873251 -0.125794
vn 0.757457 -0.422097 -0.498089
v 0.61711 -0.841353 -0.0949964
vn 0.846488 -0.441694 -0.297261
v 1.00193 -0.986294 -0.0749297
vn -0.830838 -0.483966 0.274746
v 1.05414 -1.06403 -0.049733
vn -0.854784 -0.386804 0.346017
v 0.909434 -0.855426 -0.136141
vn -0.858264 -0.494931 0.135746
v 0.991923 -0.98883 -0.119382
vn -0.866684 -0.485133 0.11621
v 0.708286 -0.473898 -0.140893
vn -0.0434752 -0.61475 -0.787523
v 0.718372 -0.487875 -0.12432
vn -0.853391 -0.495206 -0.162773
v 0.716716 -0.468437 -0.147392
vn -0.838091 -0.343279 -0.423984
v 0.768757 -0.588476 -0.138138
vn -0.891814 -0.437024 -0.11695
v 0.593233 -0.824126 -0.148573
vn 0.734748 -0.367592 -0.570107
v 0.611598 -0.766523 -0.157521
vn 0.75327 -0.291733 -0.589472
v 0.626652 -0.683962 -0.174661
vn 0.746237 -0.241923 -0.620164
v 0.664074 -0.580119 -0.161957
vn 0.810764 -0.233999 -0.53657
v 0.670635 -0.460006 -0.210622
vn 0.793894 -0.285173 -0.537037
v 0.702899 -0.392961 -0.206267
vn 0.743359 -0.37646 -0.552898
v 0.713935 -0.367351 -0.218959
vn -0.0413789 -0.618633 -0.784589
v 0.750088 -0.404005 -0.228051
vn -0.696419 -0.271169 -0.66443
v 0.770657 -0.506379 -0.213134
vn -0.794403 -0.261317 -0.548303
v 0.780569 -0.57092 -0.192662
vn -0.796051 -0.323089 -0.511777
v 0.78503 -0.597982 -0.179357
vn -0.850543 -0.379497 -0.364086
v 0.807818 -0.655743 -0.167905
vn -0.873058 -0.42222 -0.243925
v 0.632189 -0.560659 -0.211897
vn 0.717714 -0.259786 -0.646063
v 0.868387 -0.77888 -0.157029
vn -0.880607 -0.463183 -0.0999648
v 0.845014 -0.70984 -0.195489
vn -0.804249 -0.385425 -0.452361
v 0.883503 -0.797786 -0.18154
vn -0.830625 -0.454509 -0.321688
v 1.02476 -1.04644 -0.157316
vn -0.868581 -0.487501 -0.0889432
v 0.920641 -0.872467 -0.161173
vn -0.84862 -0.498955 -0.175751
v 0.97733 -0.951316 -0.189876
vn -0.791516 -0.464372 -0.397318
v 0.483484 -1.4684 -0.061186
vn 0.811026 0.0222632 -0.584587
v 0.482139 -1.56656 -0.0806614
vn 0.807823 0.140883 -0.572341
v 0.483502 -1.63075 -0.103191
vn 0.787929 0.289689 -0.543367
v 0.508792 -1.707 -0.104181
vn 0.842461 0.261822 -0.47086
v 0.531224 -1.78585 -0.104051
vn 0.891909 0.222441 -0.393724
v 0.464562 -1.36932 -0.0859477
vn 0.697162 -0.0197522 -0.716642
v 0.440267 -1.44729 -0.106967
vn 0.637936 0.0649047 -0.767349
v 0.448359 -1.5649 -0.119076
vn 0.658238 0.188193 -0.728907
v 0.11793 -1.38638 -0.179673
vn -0.192012 0.146603 -0.970381
v 0.13248 -1.49139 -0.201567
vn -0.0998347 0.210634 -0.972454
v 0.140847 -1.34685 -0.180253
vn -0.189722 0.0326299 -0.981296
v 0.168281 -1.40076 -0.187617
vn -0.0178729 0.0928567 -0.995519
v 0.176702 -1.32617 -0.184656
vn -0.115283 -0.0239778 -0.993043
v 0.271201 -1.45352 -0.176958
vn 0.204298 0.166737 -0.964604
v 0.29221 -1.49624 -0.180899
vn 0.241752 0.209299 -0.947497
v 0.31353 -1.37863 -0.152979
vn 0.259377 0.119182 -0.958394
v 0.218749 -1.44603 -0.187778
vn 0.164218 0.114397 -0.979768
v 0.25196 -1.3723 -0.174075
vn 0.31561 0.0298017 -0.948421
v 0.30112 -1.31438 -0.153178
vn 0.288132 0.00476869 -0.957579
v 0.327053 -1.54054 -0.184452
vn 0.256347 0.355387 -0.89888
v 0.220856 -1.55384 -0.211405
vn 0.150726 0.37378 -0.915189
v 0.385005 -1.49242 -0.148149
vn 0.438428 0.143522 -0.887233
v 0.401846 -1.37947 -0.128496
vn 0.44915 0.04266 -0.892437
v 0.366814 -1.37303 -0.13952
vn 0.274951 0.0890195 -0.957328
v 0.410982 -1.55936 -0.148729
vn 0.559625 0.295452 -0.774292
v 0.437457 -1.61446 -0.150242
vn 0.662703 0.355084 -0.659348
v 0.360838 -1.53566 -0.170109
vn 0.396685 0.312591 -0.863092
v 0.382085 -1.61751 -0.195723
vn 0.469571 0.409591 -0.782137
v 0.438211 -1.69122 -0.196882
vn 0.603953 0.38646 -0.697058
v 0.101327 -2.16698 -0.178052
vn -0.591652 -0.569962 -0.570168
v 0.5571 -1.88499 -0.0981632
vn 0.913266 0.192844 -0.358826
v 0.508469 -1.84021 -0.182319
vn 0.865093 0.201695 -0.459275
v 0.545071 -1.91627 -0.138912
vn 0.898457 0.111556 -0.424652
v 0.54606 -1.99129 -0.147088
vn 0.870479 0.00905302 -0.492122
v 0.559992 -2.13411 -0.11709
vn 0.822802 -0.0222194 -0.567893
v 0.526911 -2.03536 -0.175494
vn 0.818262 -0.0382394 -0.573572
v 0.463817 -1.73116 -0.192157
vn 0.742254 0.344287 -0.574913
v 0.491928 -1.79357 -0.187057
vn 0.825709 0.268167 -0.496277
v 0.521379 -1.91443 -0.183766
vn 0.84619 0.0758354 -0.527458
v 0.505245 -2.05476 -0.200057
vn 0.731603 -0.111871 -0.672489
v 0.553849 -2.19121 -0.122989
vn 0.753555 -0.03128 -0.65664
v 0.505378 -2.20508 -0.167775
vn 0.643858 -0.145974 -0.751091
v 0.573318 -1.94353 -0.0807945
vn 0.923393 0.0996682 -0.370691
v 0.57054 -2.02713 -0.0997979
vn 0.887163 0.0424436 -0.4595
v 0.597122 -2.23399 -0.0709928
vn 0.840845 0.0456156 -0.53935
v 1.07796 -0.536718 0.104684
vn 0.57801 0.21866 0.786189
v 1.12866 -0.720787 0.118121
vn 0.423902 0.157799 0.891856
v 1.13667 -0.814708 0.126526
vn 0.22684 0.0777356 0.970825
v 1.19568 -0.820504 0.100908
vn 0.513231 0.22076 0.829373
v 1.09735 -0.862912 0.129333
vn -0.272572 -0.104153 0.956481
v 1.10213 -0.4925 0.0686513
vn 0.776218 0.282 0.563881
v 1.13381 -0.566967 0.0653024
vn 0.711138 0.305791 0.633068
v 1.22617 -0.795515 0.0709144
vn 0.643477 0.278896 0.71285
v 1.10016 -0.929078 0.1243
vn -0.315642 -0.149441 0.937036
v 1.07925 -0.954111 0.105002
vn -0.581974 -0.284256 0.761908
v 1.2104 -1.0059 0.13
vn 0.0711339 0.0651785 0.995335
v 1.15065 -0.949484 0.132276
vn -0.0778234 -0.0534346 0.995534
v 1.1298 -0.990778 0.122405
vn -0.365936 -0.252663 0.895685
v 1.1991 -1.05178 0.126415
vn -0.281811 -0.197025 0.939023
v 1.12221 -1.02071 0.107461
vn -0.448116 -0.34823 0.823364
v 1.21584 -0.909548 0.113515
vn 0.342008 0.209318 0.916088
v 1.25402 -0.941155 0.111626
vn 0.23709 0.357669 0.90325
v 1.23402 -0.983299 0.125359
vn -0.0135868 0.260643 0.96534
v 1.28341 -0.90715 0.0870636
vn 0.378928 0.476288 0.79345
v 1.15833 -1.07909 0.0966066
vn -0.614777 -0.478628 0.626869
v 1.18646 -1.11928 0.0994138
vn -0.543324 -0.267214 0.795862
v 1.0891 -1.02906 0.0686071
vn -0.733125 -0.47768 0.484096
v 1.10872 -1.03137 0.0902973
vn -0.627795 -0.442506 0.640361
v 1.26625 -0.820658 0.0492336
vn 0.605289 0.416134 0.67857
v 1.24946 -0.858609 0.080281
vn 0.441525 0.336519 0.831751
v 1.13277 -1.10848 0.0507923
vn -0.702905 -0.372218 0.606117
v 1.15716 -1.1864 0.0565262
vn -0.77291 -0.102623 0.626162
v 1.13046 -1.20221 0.0159513
vn -0.840712 -0.112603 0.529645
v 1.36886 -0.991145 0.115439
vn 0.408348 0.61116 0.678037
v 1.39117 -1.00023 0.1056
vn 0.494312 0.589892 0.6385
v 1.44006 -1.05579 0.104861
vn 0.736254 0.52013 0.432892
v 1.48939 -1.13781 0.107304
vn 0.831881 0.448442 0.326917
v 1.3063 -0.868836 0.0485019
vn 0.520337 0.561491 0.643411
v 1.34939 -0.913795 0.0508314
vn 0.635017 0.609747 0.474301
v 1.39078 -0.967781 0.0671914
vn 0.671512 0.592136 0.445474
v 1.40771 -0.980816 0.0533319
vn 0.758689 0.572788 0.31033
v 1.45674 -1.058 0.0570141
vn 0.869823 0.487367 0.0766874
v 1.46389 -1.0811 0.0882556
vn 0.850906 0.485022 0.201772
v 1.5118 -1.16435 0.0552758
vn 0.896321 0.442357 0.0304917
v 1.53316 -1.21436 0.0847927
vn 0.897193 0.419519 0.138015
v 1.08621 -0.395366 0.0285499
vn 0.871415 0.348397 0.345335
v 1.12905 -0.494907 0.026574
vn 0.803912 0.356354 0.47617
v 1.20907 -0.650096 0.00862323
vn 0.826614 0.387014 0.408569
v 1.25003 -0.758673 0.0264987
vn 0.74785 0.366079 0.553811
v 1.31907 -0.840112 -0.000888779
vn 0.735013 0.53484 0.416775
v 1.13664 -0.465019 -0.0267472
vn 0.886434 0.414443 0.206087
v 1.17888 -0.563366 -0.0145581
vn 0.860196 0.400775 0.315343
v 1.26354 -0.737211 -0.0160086
vn 0.838684 0.442699 0.317216
v 1.07446 -1.04001 0.0294963
vn -0.799287 -0.466674 0.378623
v 1.10822 -1.11507 0.0118375
vn -0.831784 -0.310991 0.459804
v 1.07751 -1.13153 -0.0619212
vn -0.890796 -0.303941 0.337791
v 1.10082 -1.17417 -0.0337957
vn -0.898261 -0.236573 0.370353
v 1.17678 -1.29803 0.0730872
vn -0.882887 -0.207163 0.421419
v 1.42161 -0.997929 0.0435087
vn 0.848782 0.528331 0.0208689
v 1.33277 -0.85434 -0.018503
vn 0.857831 0.513788 -0.0121409
v 1.46975 -1.08476 0.0244704
vn 0.881873 0.451381 -0.136218
v 1.5469 -1.24375 0.0502632
vn 0.914586 0.393147 -0.0946959
v 1.5341 -1.23255 0.00232027
vn 0.89676 0.38267 -0.222227
v 1.35363 -0.893558 -0.0432954
vn 0.886528 0.4588 -0.0597593
v 1.43884 -1.03421 -0.0014953
vn 0.865714 0.447452 -0.224333
v 1.37274 -0.948802 -0.0685807
vn 0.858652 0.409442 -0.308342
v 1.49426 -1.16763 -0.0293266
vn 0.847187 0.388233 -0.362698
v 1.52952 -1.25119 -0.029836
vn 0.856009 0.333303 -0.395167
v 1.55882 -1.28148 0.107078
vn 0.902302 0.380108 0.203394
v 1.20543 -1.29986 0.117794
vn -0.807973 -0.0755927 0.58435
v 1.2147 -1.3442 0.118013
vn -0.814723 -0.248446 0.523929
v 1.25532 -1.45264 0.103218
vn -0.81782 -0.454089 0.353515
v 1.1913 -1.34557 0.0745032
vn -0.849792 -0.327078 0.413368
v 1.21182 -1.39954 0.0663602
vn -0.839676 -0.417096 0.347816
v 1.22267 -1.43004 0.0462968
vn -0.840024 -0.508058 0.19036
v 1.27457 -1.49879 0.0821485
vn -0.791069 -0.568733 0.225281
v 1.27399 -1.50835 0.0465502
vn -0.806998 -0.583972 0.0879192
v 1.32212 -1.56527 0.0633492
vn -0.744576 -0.666477 0.0376271
v 1.41374 -1.65507 0.050709
vn -0.686828 -0.703698 -0.181868
v 1.58313 -1.83058 0.0945982
vn -0.631788 -0.700149 -0.332619
v 1.17844 -1.353 0.0364906
vn -0.89572 -0.32653 0.301768
v 1.15674 -1.33071 -0.0135752
vn -0.908388 -0.411628 0.0734401
v 1.1847 -1.38142 -0.00256312
vn -0.865877 -0.490686 0.0973874
v 1.20507 -1.41505 -0.0133091
vn -0.824525 -0.565728 -0.0104579
v 1.25833 -1.48875 0.00818529
vn -0.783184 -0.619895 -0.0485145
v 1.13183 -1.27335 -0.0278506
vn -0.918745 -0.300477 0.256168
v 1.24696 -1.46867 -0.0241592
vn -0.736082 -0.645986 -0.202201
v 1.30787 -1.54823 0.0288756
vn -0.710079 -0.688366 -0.148121
v 1.2872 -1.503 -0.0396193
vn -0.612113 -0.673504 -0.414379
v 1.32784 -1.55809 -0.00199429
vn -0.633685 -0.703659 -0.321413
v 1.4835 -1.70928 0.0259578
vn -0.593362 -0.695966 -0.404417
v 1.36014 -1.56528 -0.0346203
vn -0.540417 -0.676089 -0.500852
v 1.41593 -1.60934 -0.0316586
vn -0.460846 -0.648515 -0.605846
v 1.50626 -1.70344 -0.00161296
vn -0.382733 -0.635314 -0.670739
v 1.43591 -1.60044 -0.0525123
vn -0.341865 -0.597189 -0.725599
v 1.52602 -1.68488 -0.0238543
vn -0.209668 -0.55468 -0.805214
v 1.53492 -1.75766 0.0373838
vn -0.485991 -0.694884 -0.530046
v 1.58843 -1.34409 0.0769139
vn 0.930399 0.365048 0.0331332
v 1.58824 -1.35101 0.039691
vn 0.934119 0.325074 -0.147473
v 1.66364 -1.56382 0.0809964
vn 0.931956 0.278786 -0.231811
v 1.56948 -1.33464 -0.00725226
vn 0.905431 0.285571 -0.314077
v 1.65067 -1.55521 0.0490566
vn 0.898973 0.210845 -0.383917
v 1.64954 -1.5975 0.0307075
vn 0.853316 0.151934 -0.498766
v 1.64731 -1.89554 0.11002
vn -0.642876 -0.59074 -0.487582
v 1.73359 -1.82002 0.0993796
vn 0.756021 0.188332 -0.626868
v 1.68395 -1.91542 0.0967723
vn -0.328067 -0.51835 -0.789738
v 1.69866 -1.95436 0.106002
vn -0.448071 -0.306743 -0.839727
v 1.78004 -1.99787 0.107233
vn 0.46545 0.0863338 -0.880854
v 1.67239 -1.9484 0.125467
vn -0.72366 -0.310269 -0.616481
v 1.71112 -2.01233 0.111888
vn -0.48598 -0.121151 -0.865532
v 1.69407 -2.02615 0.127144
vn -0.765146 -0.151864 -0.62569
v 1.75081 -1.96348 0.0972998
vn 0.193549 -0.0590899 -0.97931
v 1.74016 -2.02208 0.101321
vn -0.245135 -0.0159863 -0.969357
v 1.72882 -2.10169 0.106003
vn -0.496711 -0.0741677 -0.864741
v 1.71238 -2.10459 0.118774
vn -0.701941 -0.171146 -0.691367
v 1.72775 -2.17117 0.124227
vn -0.754238 -0.288592 -0.589779
v 1.76903 -2.21189 0.101055
vn -0.480687 -0.188703 -0.856348
v 1.59613 -1.81336 0.059142
vn -0.3913 -0.643336 -0.65803
v 1.58437 -1.7682 0.0234287
vn -0.166027 -0.572536 -0.802893
v 1.66889 -1.85559 0.066409
vn -0.116553 -0.496101 -0.860406
v 1.68226 -1.74529 0.0552768
vn 0.742648 0.0739576 -0.665585
v 1.71136 -1.8303 0.0761509
vn 0.549924 0.024898 -0.834843
v 1.67008 -1.77737 0.0463996
vn 0.548757 -0.104383 -0.829439
v 1.64683 -1.79609 0.040951
vn 0.28317 -0.289153 -0.914443
v 1.71077 -1.89096 0.0808982
vn 0.114695 -0.240964 -0.963733
v 1.72864 -1.9643 0.0973957
vn -0.210062 -0.159088 -0.964658
v 1.77361 -2.06147 0.0990433
vn 0.134013 0.0437728 -0.990012
v 1.76858 -2.12104 0.0938045
vn 0.0177716 0.0103966 -0.999788
v 1.753 -2.12258 0.0965107
vn -0.313572 -0.0463641 -0.948432
v 1.83928 -2.19093 0.115155
vn 0.66608 0.130429 -0.734388
v 1.8014 -2.13571 0.0987732
vn 0.363507 0.0900819 -0.927226
v 1.58603 -1.39544 -0.009074
vn 0.87478 0.228349 -0.427336
v 1.5787 -1.40834 -0.0283559
vn 0.846068 0.165093 -0.506866
v 1.6338 -1.62443 0.00568012
vn 0.738443 0.0271047 -0.673771
v 1.56641 -1.44005 -0.0543631
vn 0.779568 0.101789 -0.617991
v 1.59185 -1.55577 -0.0356584
vn 0.67753 -0.00498148 -0.735478
v 1.58143 -1.61211 -0.0391414
vn 0.550905 -0.11428 -0.826706
v 1.53534 -1.65734 -0.0398207
vn -0.00633287 -0.453635 -0.891165
v 1.59672 -1.67276 -0.0175191
vn 0.386125 -0.245716 -0.889118
v 1.61128 -1.76392 0.0208287
vn 0.0790625 -0.434252 -0.897315
v 1.55012 -1.64385 -0.0435988
vn 0.222782 -0.336599 -0.914915
v 1.22761 -0.649172 -0.0632334
vn 0.895002 0.445924 0.0110984
v 1.20933 -0.614884 -0.0399233
vn 0.882843 0.434833 0.177505
v 1.187 -0.568907 -0.086071
vn 0.880584 0.414751 -0.229244
v 1.19949 -0.619097 -0.117435
vn 0.854644 0.399296 -0.331884
v 1.0804 -1.15963 -0.0914545
vn -0.91781 -0.373281 0.135226
v 1.0707 -1.14259 -0.124623
vn -0.896993 -0.437436 -0.0636632
v 1.1269 -1.27237 -0.0996915
vn -0.909799 -0.414981 -0.00758549
v 1.35778 -0.955327 -0.10765
vn 0.819578 0.362007 -0.44412
v 1.47308 -1.17949 -0.0794456
vn 0.804483 0.334111 -0.491098
v 1.53751 -1.30747 -0.0534843
vn 0.829587 0.287569 -0.478633
v 1.29114 -0.80399 -0.110375
vn 0.831697 0.380933 -0.403944
v 1.3377 -0.963561 -0.145579
vn 0.773007 0.321922 -0.54665
v 1.43717 -1.17041 -0.126178
vn 0.755 0.28482 -0.590637
v 1.50894 -1.29604 -0.0900067
vn 0.778013 0.257127 -0.57322
v 1.1798 -0.613091 -0.149646
vn 0.794449 0.357846 -0.490711
v 1.26993 -0.813198 -0.154316
vn 0.771941 0.33788 -0.538465
v 1.11835 -0.497617 -0.169951
vn 0.791463 0.309665 -0.526966
v 1.05256 -0.411955 -0.220822
vn 0.768177 0.279628 -0.575945
v 1.10347 -0.536316 -0.208688
vn 0.665909 0.239253 -0.706628
v 1.17079 -0.654424 -0.186804
vn 0.730207 0.318688 -0.604348
v 1.24207 -0.803587 -0.183148
vn 0.67323 0.281034 -0.683946
v 1.1347 -1.27662 -0.12655
vn -0.854122 -0.459209 -0.244138
v 1.32236 -0.988678 -0.176296
vn 0.697087 0.278308 -0.660768
v 1.25417 -0.906704 -0.207108
vn 0.582032 0.233388 -0.778954
v 1.12745 -1.24065 -0.157264
vn -0.829928 -0.46545 -0.307532
v 1.12344 -1.19883 -0.18853
vn -0.681135 -0.427719 -0.594232
v 1.15203 -1.26614 -0.169331
vn -0.641845 -0.49522 -0.585484
v 1.40677 -1.14928 -0.152572
vn 0.707428 0.255525 -0.658978
v 1.45698 -1.26488 -0.138875
vn 0.675901 0.178822 -0.714969
v 1.35834 -1.1094 -0.187143
vn 0.659361 0.217952 -0.719541
v 1.32166 -1.06757 -0.205617
vn 0.601985 0.224636 -0.766259
v 1.36482 -1.17564 -0.196769
vn 0.576627 0.122865 -0.807716
v 1.45215 -1.31173 -0.149105
vn 0.58204 0.0458764 -0.811865
v 1.1626 -1.34274 -0.0724235
vn -0.854496 -0.512228 -0.0863655
v 1.1985 -1.39348 -0.0755479
vn -0.733756 -0.620922 -0.275785
v 1.16607 -1.33008 -0.117342
vn -0.760657 -0.549262 -0.345995
v 1.20173 -1.36592 -0.124179
vn -0.585939 -0.63367 -0.505112
v 1.26929 -1.43068 -0.113305
vn -0.453201 -0.633768 -0.626855
v 1.41461 -1.53699 -0.0924915
vn -0.191211 -0.530658 -0.825736
v 1.4408 -1.47217 -0.126622
vn 0.178685 -0.331062 -0.926536
v 1.5105 -1.33325 -0.0998413
vn 0.726403 0.158107 -0.668836
v 1.52447 -1.39698 -0.0951405
vn 0.681395 0.0500197 -0.730205
v 1.52164 -1.44705 -0.0983049
vn 0.578056 -0.0519375 -0.814343
v 1.50761 -1.48576 -0.100647
vn 0.399435 -0.187942 -0.89729
v 1.3854 -1.45174 -0.138892
vn -0.0557337 -0.452654 -0.889943
v 1.52501 -1.57165 -0.0730232
vn 0.33241 -0.240027 -0.91208
v 1.16962 -1.31412 -0.144161
vn -0.626173 -0.558234 -0.544318
v 1.25311 -1.36477 -0.159273
vn -0.317731 -0.551067 -0.771603
v 1.16894 -1.23204 -0.207106
vn -0.502756 -0.437925 -0.745291
v 1.19483 -1.31469 -0.166217
vn -0.441521 -0.548074 -0.710404
v 1.19096 -1.23472 -0.214792
vn -0.312606 -0.455726 -0.833421
v 1.23384 -1.2666 -0.210939
vn -0.1856 -0.452176 -0.872404
v 1.32621 -1.4248 -0.143441
vn -0.226421 -0.521841 -0.822445
v 1.32992 -1.37221 -0.171902
vn -0.0513068 -0.404425 -0.913131
v 1.45082 -1.3573 -0.149327
vn 0.458949 -0.0798462 -0.884868
v 1.4319 -1.40033 -0.15128
vn 0.323949 -0.203731 -0.923878
v 1.28109 -1.22136 -0.23107
vn 0.105734 -0.286679 -0.952174
v 1.39302 -1.40038 -0.160484
vn 0.129589 -0.304841 -0.943546
v 1.35659 -1.26792 -0.200813
vn 0.31759 -0.159861 -0.934656
v 1.5506 -1.36774 -0.0581845
vn 0.807939 0.186951 -0.558823
v 0.133473 1.24171 -0.221677
vn 0.465594 0.352521 -0.811758
v 0.0995607 1.23372 -0.240873
vn 0.336226 0.338642 -0.878791
v 0.103819 1.28666 -0.21295
vn 0.331299 0.477119 -0.814002
v 0.19612 1.05203 -0.220979
vn 0.628411 -0.0487327 -0.776353
v 0.197456 1.10831 -0.217395
vn 0.638615 0.105779 -0.762222
v 0.164389 1.1363 -0.236077
vn 0.550448 0.178657 -0.815529
v 0.159814 1.06814 -0.24542
vn 0.508238 0.00311051 -0.861211
v 0.166288 1.00863 -0.237133
vn 0.51752 -0.149728 -0.842469
v 0.132209 1.01248 -0.25654
vn 0.429003 -0.143286 -0.891866
v 0.10626 1.03645 -0.270743
vn 0.34549 -0.0345428 -0.937787
v 0.13896 1.10351 -0.25553
vn 0.420887 0.0778849 -0.903763
v 0.0870339 1.12085 -0.274905
vn 0.315724 0.107641 -0.942726
v 0.131678 1.16803 -0.248148
vn 0.432969 0.232842 -0.870817
v 0.11197 0.779348 -0.199158
vn 0.245463 -0.187612 -0.951078
v 0.112096 0.860061 -0.220935
vn 0.276479 -0.289164 -0.916484
v 0.152753 0.943535 -0.230186
vn 0.496163 -0.24506 -0.832927
v 0.196077 0.983538 -0.209413
vn 0.649021 -0.198527 -0.734411
v 0.114033 0.95143 -0.250078
vn 0.384916 -0.244737 -0.889912
v 0.101962 0.582023 -0.210008
vn 0.201358 0.271774 -0.94106
v 0.0998721 0.635823 -0.201545
vn 0.0869544 0.0968579 -0.991493
v 0.0913915 0.981986 -0.266235
vn 0.261748 -0.248966 -0.932472
v 0.158153 0.489097 -0.237105
vn 0.113088 0.560747 -0.820228
v 0.114929 0.496047 -0.242383
vn 0.129167 0.367742 -0.920913
v 0.305707 0.415502 -0.234013
vn 0.338156 0.827364 -0.448464
v 0.231011 0.459102 -0.227177
vn 0.423738 0.725247 -0.542645
v 0.238014 0.336422 -0.338184
vn -0.00929319 0.531633 -0.846924
v 0.202396 0.444904 -0.260414
vn 0.271713 0.67335 -0.687584
v 0.299768 0.379243 -0.28948
vn 0.284494 0.732658 -0.618285
v 0.461031 0.351636 -0.246488
vn 0.345175 0.820385 -0.455876
v 0.521883 0.332758 -0.22201
vn 0.437138 0.836526 -0.330356
v 0.599468 0.290528 -0.216909
vn 0.516981 0.791268 -0.326534
v 0.416301 0.344317 -0.283159
vn 0.276485 0.752437 -0.597824
v 0.475732 0.322488 -0.279335
vn 0.345223 0.730544 -0.589175
v 0.5241 0.30426 -0.269663
vn 0.411021 0.711521 -0.569911
v 0.582299 0.290487 -0.240308
vn 0.456874 0.752308 -0.474656
v 0.327958 0.322947 -0.33566
vn 0.200794 0.64924 -0.733601
v 0.298997 0.307964 -0.352774
vn 0.127781 0.561072 -0.817845
v 0.136648 0.280071 -0.360235
vn -0.199799 0.454734 -0.867927
v 0.206359 0.314244 -0.352225
vn -0.0802077 0.491035 -0.867439
v 0.391895 0.307292 -0.330333
vn 0.249743 0.622255 -0.741908
v 0.471718 0.297023 -0.307942
vn 0.331361 0.642585 -0.690857
v 0.558479 0.241412 -0.31109
vn 0.406465 0.557328 -0.723997
v 0.360246 0.270272 -0.365179
vn 0.228833 0.50025 -0.835096
v 0.506241 0.251017 -0.329506
vn 0.293452 0.538374 -0.789962
v 0.431806 0.222083 -0.370396
vn 0.252851 0.401785 -0.880134
v 0.509077 0.223591 -0.344908
vn 0.320615 0.446428 -0.835409
v 0.535619 0.171478 -0.358483
vn 0.325249 0.329036 -0.886537
v 0.596664 0.174694 -0.329284
vn 0.423028 0.410201 -0.807949
v 0.636401 0.251435 -0.244115
vn 0.528291 0.673679 -0.516784
v 0.714114 0.176709 -0.248943
vn 0.536053 0.558623 -0.63292
v 0.699252 0.152094 -0.278729
vn 0.422488 0.571285 -0.70366
v 0.775551 0.107472 -0.278778
vn 0.419096 0.651975 -0.631892
v 0.818617 0.149004 -0.203376
vn 0.443459 0.686252 -0.576543
v 0.601942 0.250255 -0.275194
vn 0.475546 0.616705 -0.627321
v 0.83086 0.118518 -0.227714
vn 0.517827 0.616494 -0.593119
v 0.703921 -0.31213 -0.285849
vn 0.479975 -0.56366 -0.672243
v 0.705176 -0.361033 -0.229721
vn 0.461836 -0.620668 -0.633624
v 0.73966 -0.33437 -0.254403
vn -0.393422 -0.51175 -0.763761
v 0.771477 -0.301323 -0.288061
vn -0.20041 -0.48706 -0.850064
v 0.780136 -0.357249 -0.268034
vn -0.518849 -0.281174 -0.807302
v 0.879623 0.0804661 -0.217904
vn 0.608698 0.538885 -0.582314
v 0.876822 0.0402497 -0.249643
vn 0.647727 0.396233 -0.650729
v 0.916826 0.0430832 -0.206089
vn 0.685566 0.438778 -0.580924
v 0.908459 -0.0250627 -0.252173
vn 0.667869 0.309563 -0.676847
v 0.954236 -0.0733603 -0.224756
vn 0.704728 0.231071 -0.670794
v 0.992436 -0.239018 -0.222188
vn 0.763668 0.142015 -0.629796
v 1.01168 -0.299045 -0.216637
vn 0.714492 0.250555 -0.653241
v 1.02862 -0.394554 -0.238456
vn 0.65518 0.231468 -0.719139
v 0.826152 0.0809154 -0.267357
vn 0.540688 0.533798 -0.650166
v 0.864669 -0.0569363 -0.307118
vn 0.646386 0.250028 -0.720883
v 0.950961 -0.156612 -0.253729
vn 0.699435 0.159451 -0.696682
v 0.896059 -0.121047 -0.296618
vn 0.630947 0.129856 -0.764881
v 0.930711 -0.210241 -0.27701
vn 0.586196 0.0476705 -0.808765
v 0.936328 -0.307794 -0.280804
vn 0.484337 0.118511 -0.866818
v 0.967264 -0.300085 -0.259396
vn 0.638394 0.183148 -0.747603
v 1.00367 -0.390148 -0.25776
vn 0.534131 0.156546 -0.830781
v 0.628421 0.200253 -0.296474
vn 0.48534 0.498844 -0.718053
v 0.640816 0.118346 -0.332901
vn 0.311943 0.525901 -0.791277
v 0.613182 0.11816 -0.343881
vn 0.367467 0.304431 -0.8788
v 0.74085 0.0875825 -0.319042
vn 0.340549 0.621423 -0.705592
v 0.777563 0.0555043 -0.32394
vn 0.465852 0.507844 -0.724621
v 0.64641 -0.324616 -0.320201
vn 0.554631 -0.333225 -0.76246
v 0.682138 -0.337721 -0.283726
vn 0.61738 -0.422224 -0.663754
v 0.682717 -0.281009 -0.319212
vn 0.425692 -0.425611 -0.798524
v 0.73398 -0.255173 -0.321318
vn 0.106546 -0.632491 -0.767205
v 0.779508 -0.244769 -0.324142
vn 0.116557 -0.475915 -0.871734
v 0.80667 -0.280976 -0.305319
vn -0.0811011 -0.313508 -0.946116
v 0.808425 -0.339651 -0.286979
vn -0.351929 -0.191642 -0.916198
v 0.56843 0.0821912 -0.373134
vn 0.288291 0.310849 -0.905683
v 0.642401 0.072736 -0.361254
vn 0.174096 0.439072 -0.881423
v 0.700309 0.0486896 -0.361856
vn 0.236518 0.491174 -0.838336
v 0.725429 0.0648665 -0.343002
vn 0.340288 0.498002 -0.79762
v 0.790826 0.00850385 -0.339618
vn 0.499887 0.351412 -0.791595
v 0.727184 0.0119293 -0.37108
vn 0.304902 0.323857 -0.895629
v 0.829681 0.0302535 -0.300756
vn 0.607901 0.368343 -0.703406
v 0.804053 -0.0285096 -0.344373
vn 0.514493 0.225628 -0.827278
v 0.682878 -0.234048 -0.347921
vn 0.212759 -0.478925 -0.851683
v 0.620334 -0.243247 -0.363341
vn 0.387522 -0.29501 -0.873382
v 0.571642 -0.32442 -0.371474
vn 0.511746 -0.234942 -0.826389
v 0.750891 -0.18525 -0.358238
vn 0.182517 -0.38777 -0.903505
v 0.774972 -0.170337 -0.357113
vn 0.27518 -0.262331 -0.92491
v 0.803428 -0.16006 -0.349769
vn 0.395663 -0.174569 -0.901652
v 0.86093 -0.122679 -0.323266
vn 0.532718 0.00624379 -0.84627
v 0.852611 -0.169348 -0.323996
vn 0.438455 -0.109998 -0.891996
v 0.842406 -0.246293 -0.312247
vn 0.244832 -0.232781 -0.941207
v 0.847123 -0.305473 -0.301144
vn 0.00460876 -0.11064 -0.99385
v 0.843129 -0.34385 -0.294908
vn -0.1753 -0.133971 -0.975357
v 0.890563 -0.317299 -0.296709
vn 0.152931 -0.0304792 -0.987767
v 0.898841 -0.254362 -0.293452
vn 0.340623 -0.000415109 -0.9402
v 0.824237 -0.0731013 -0.342131
vn 0.54013 0.143768 -0.829211
v 0.803453 -0.105181 -0.35604
vn 0.447475 -0.0270405 -0.893887
v 0.169738 0.260631 -0.376806
vn -0.196885 0.384981 -0.90168
v 0.118869 0.174427 -0.39992
vn -0.255558 0.342178 -0.904215
v 0.269556 0.203406 -0.407628
vn 0.0288455 0.364236 -0.93086
v 0.2599 0.261749 -0.382161
vn 0.0237631 0.457859 -0.888707
v 0.334238 0.231154 -0.389774
vn 0.151321 0.417211 -0.896123
v 0.214069 0.213935 -0.401662
vn -0.0621393 0.376945 -0.924149
v 0.197001 0.155478 -0.420226
vn -0.100589 0.277632 -0.955407
v 0.160353 0.125581 -0.422683
vn -0.210743 0.187773 -0.959338
v 0.32505 0.185911 -0.410271
vn 0.130809 0.335803 -0.932805
v 0.270752 0.141307 -0.427548
vn -0.0108616 0.272317 -0.962146
v 0.330643 0.133523 -0.42642
vn 0.140425 0.281118 -0.949344
v 0.300204 0.0776576 -0.443638
vn 0.0637693 0.231793 -0.970673
v 0.420929 0.165821 -0.397291
vn 0.240431 0.340677 -0.908918
v 0.414225 0.13041 -0.410595
vn 0.226113 0.259772 -0.938825
v 0.488577 0.113935 -0.392934
vn 0.29385 0.222627 -0.929564
v 0.348154 0.0773701 -0.437887
vn 0.157726 0.229216 -0.960511
v 0.133812 -0.0313451 -0.441933
vn -0.295954 0.131587 -0.946095
v 0.264681 -0.00528354 -0.463672
vn -0.0270142 0.225603 -0.973845
v 0.218784 0.0201915 -0.454092
vn -0.141803 0.188259 -0.971828
v 0.0858059 -0.327763 -0.428685
vn -0.454869 -0.0916888 -0.885826
v 0.12157 -0.332961 -0.443854
vn -0.316299 -0.122987 -0.940653
v 0.539079 0.0465323 -0.391384
vn 0.273576 0.185828 -0.943729
v 0.580541 0.0296205 -0.38783
vn 0.135642 0.267309 -0.954016
v 0.587696 -0.227046 -0.381872
vn 0.441667 -0.151081 -0.884367
v 0.524052 -0.338703 -0.395851
vn 0.461074 -0.230286 -0.856959
v 0.395877 0.0651772 -0.431454
vn 0.250393 0.201848 -0.946869
v 0.379892 -0.0492781 -0.457809
vn 0.282909 0.150256 -0.947304
v 0.508126 -0.0563313 -0.417855
vn 0.269975 0.116701 -0.955769
v 0.571679 -0.0405198 -0.403253
vn 0.140794 0.0644909 -0.987936
v 0.515531 -0.10763 -0.41804
vn 0.308456 -0.00205974 -0.951236
v 0.393722 -0.32093 -0.446063
vn 0.1886 -0.183531 -0.964752
v 0.451261 -0.309247 -0.432916
vn 0.296045 -0.174414 -0.939115
v 0.469367 -0.206469 -0.434663
vn 0.340075 -0.0211301 -0.940161
v 0.593328 -0.158821 -0.392909
vn 0.207754 -0.155372 -0.965763
v 0.550574 -0.196403 -0.402582
vn 0.364766 -0.0645094 -0.928862
v 0.445946 -0.260661 -0.440429
vn 0.287416 -0.0634851 -0.9557
v 0.497174 -0.296832 -0.418036
vn 0.398846 -0.116699 -0.909562
v 0.157627 -0.130152 -0.464154
vn -0.349798 0.0960632 -0.931887
v 0.190922 -0.101972 -0.469971
vn -0.209578 0.154317 -0.965538
v 0.316259 -0.0312942 -0.466234
vn 0.102083 0.181201 -0.978134
v 0.232115 -0.115696 -0.477539
vn -0.070817 0.0734514 -0.994781
v 0.270289 -0.0577211 -0.473666
vn -0.0624063 0.146457 -0.987247
v 0.296192 -0.110255 -0.478092
vn 0.0497277 0.0646033 -0.996671
v 0.139612 -0.244318 -0.458999
vn -0.335618 -0.0514879 -0.94059
v 0.167511 -0.183933 -0.469634
vn -0.305735 -0.00643014 -0.952095
v 0.164717 -0.296679 -0.460723
vn -0.23715 -0.112724 -0.964911
v 0.188618 -0.155873 -0.474526
vn -0.159737 0.0197579 -0.986962
v 0.194318 -0.243551 -0.472179
vn -0.132254 -0.0940938 -0.98674
v 0.162553 -0.375805 -0.449277
vn -0.207545 -0.150285 -0.966612
v 0.239152 -0.177771 -0.47995
vn -0.0467608 -0.0224879 -0.998653
v 0.20022 -0.369028 -0.455593
vn -0.0768203 -0.169179 -0.982587
v 0.248752 -0.267575 -0.473216
vn -0.0135301 -0.121157 -0.992541
v 0.286463 -0.180189 -0.479799
vn 0.107097 -0.0468291 -0.993145
v 0.243809 -0.366287 -0.456975
vn 0.0550798 -0.19194 -0.97986
v 0.290703 -0.25593 -0.471916
vn 0.134458 -0.126552 -0.982805
v 0.310686 -0.333753 -0.45679
vn 0.128271 -0.199139 -0.97154
v 0.351176 -0.0178259 -0.458287
vn 0.17933 0.185477 -0.966147
v 0.344298 -0.0988176 -0.471348
vn 0.171786 0.0517312 -0.983775
v 0.380433 -0.128238 -0.463743
vn 0.295394 0.022234 -0.955117
v 0.36651 -0.182766 -0.465612
vn 0.199223 -0.0578279 -0.978246
v 0.397277 -0.26722 -0.452779
vn 0.194871 -0.0996796 -0.975751
v 0.662578 -0.007268 -0.390524
vn 0.13218 0.215067 -0.967613
v 0.672964 0.0321164 -0.376132
vn 0.146946 0.367673 -0.918272
v 0.670426 -0.0502835 -0.39574
vn 0.100772 0.0437473 -0.993947
v 0.600169 -0.107669 -0.399974
vn 0.0635906 -0.0737145 -0.99525
v 0.687323 -0.0768332 -0.393566
vn 0.180182 -0.0740433 -0.980843
v 0.686233 -0.115834 -0.390073
vn 0.131782 -0.158923 -0.978456
v 0.716125 -0.0560027 -0.387674
vn 0.253282 0.0875492 -0.963423
v 0.747882 -0.0138023 -0.370702
vn 0.395767 0.218105 -0.892076
v 0.761205 -0.0613798 -0.3731
vn 0.396882 0.0883877 -0.913604
v 0.770537 -0.125465 -0.368585
vn 0.291939 -0.098165 -0.951386
v 0.721759 -0.14518 -0.377505
vn 0.187432 -0.233461 -0.95413
v 0.64409 -0.19225 -0.37585
vn 0.174427 -0.335169 -0.925871
v 0.535882 -0.753054 -0.236303
vn 0.577823 -0.274606 -0.768578
v 0.504821 -0.818475 -0.233078
vn 0.505716 -0.32386 -0.799603
v 0.535641 -0.658394 -0.267106
vn 0.572875 -0.251175 -0.780209
v 0.492915 -0.707511 -0.281026
vn 0.512147 -0.262193 -0.8179
v 0.46695 -0.756615 -0.279307
vn 0.446489 -0.291917 -0.845832
v 0.438741 -0.790356 -0.281849
vn 0.371254 -0.326348 -0.869291
v 0.132138 -0.991509 -0.234534
vn -0.0874317 -0.354101 -0.931111
v 0.113826 -0.958537 -0.243863
vn -0.26559 -0.356101 -0.89591
v 0.238446 -1.00391 -0.235143
vn 0.0203823 -0.395785 -0.918117
v 0.310893 -1.02594 -0.219037
vn 0.158632 -0.363502 -0.917988
v 0.108393 -1.05253 -0.210698
vn -0.259645 -0.228083 -0.938383
v 0.155242 -1.08266 -0.209378
vn 0.00850984 -0.214418 -0.976705
v 0.251944 -1.08074 -0.205876
vn 0.0653877 -0.3159 -0.946537
v 0.0955952 -0.705648 -0.335749
vn -0.367686 -0.338431 -0.866182
v 0.211097 -0.884048 -0.288993
vn -0.0405693 -0.403499 -0.91408
v 0.304806 -0.931462 -0.260949
vn 0.154194 -0.403063 -0.902089
v 0.442905 -0.847978 -0.256127
vn 0.412117 -0.39183 -0.822574
v 0.353501 -0.866892 -0.280269
vn 0.236902 -0.399288 -0.88569
v 0.399093 -0.860916 -0.268333
vn 0.31896 -0.38744 -0.864959
v 0.127324 -0.745593 -0.330805
vn -0.236248 -0.358875 -0.902993
v 0.182261 -0.844413 -0.303119
vn -0.13445 -0.365619 -0.921003
v 0.15294 -0.634524 -0.381824
vn -0.137957 -0.333735 -0.932517
v 0.197505 -0.736843 -0.343498
vn -0.00585457 -0.350263 -0.936633
v 0.222429 -0.824168 -0.3129
vn 0.00526609 -0.343613 -0.939097
v 0.235521 -0.68826 -0.36043
vn 0.0749571 -0.328529 -0.941515
v 0.283051 -0.786389 -0.324174
vn 0.104559 -0.316445 -0.942831
v 0.287406 -0.628374 -0.373912
vn 0.158961 -0.310595 -0.937156
v 0.522201 -0.540159 -0.312348
vn 0.502291 -0.29669 -0.812206
v 0.578938 -0.511522 -0.283051
vn 0.613492 -0.278437 -0.738986
v 0.578551 -0.429195 -0.323307
vn 0.566294 -0.35585 -0.743426
v 0.329875 -0.767987 -0.324536
vn 0.187417 -0.296486 -0.936467
v 0.326849 -0.827198 -0.302852
vn 0.159727 -0.372247 -0.914286
v 0.385642 -0.788482 -0.30298
vn 0.261171 -0.317316 -0.911647
v 0.40281 -0.715147 -0.322373
vn 0.313093 -0.277673 -0.908224
v 0.430756 -0.671987 -0.323629
vn 0.381194 -0.255844 -0.888389
v 0.468033 -0.63952 -0.314578
vn 0.436972 -0.248126 -0.864574
v 0.402754 -0.515438 -0.378314
vn 0.364815 -0.294133 -0.8834
v 0.46156 -0.510301 -0.354992
vn 0.406998 -0.327746 -0.852605
v 0.529739 -0.395868 -0.372215
vn 0.464581 -0.354878 -0.811312
v 0.486143 -0.404013 -0.391575
vn 0.396809 -0.349722 -0.848668
v 0.562965 -0.386271 -0.355073
vn 0.535711 -0.315314 -0.78332
v 0.340723 -0.563998 -0.383405
vn 0.225848 -0.297445 -0.927642
v 0.384638 -0.564441 -0.36969
vn 0.301243 -0.257119 -0.918228
v 0.257336 -0.867045 -0.295355
vn 0.0771508 -0.389348 -0.917854
v 0.634457 -0.468442 -0.250387
vn 0.73056 -0.312735 -0.607024
v 0.670122 -0.385181 -0.257869
vn 0.722677 -0.426208 -0.544137
v 0.804532 -0.560848 -0.230581
vn -0.674967 -0.254978 -0.692392
v 0.574051 -0.73947 -0.20878
vn 0.652847 -0.257422 -0.712408
v 0.602593 -0.587838 -0.2333
vn 0.692219 -0.236946 -0.681681
v 0.603606 -0.469159 -0.281753
vn 0.64279 -0.362963 -0.674595
v 0.801093 -0.428114 -0.267543
vn -0.596023 -0.193327 -0.779347
v 0.839855 -0.654153 -0.225684
vn -0.714034 -0.332622 -0.616051
v 0.868937 -0.668624 -0.244432
vn -0.563281 -0.275817 -0.77887
v 0.896995 -0.791715 -0.212776
vn -0.772882 -0.416212 -0.478979
v 0.820169 -0.494961 -0.265301
vn -0.487568 -0.223565 -0.843976
v 0.897307 -0.618558 -0.269814
vn -0.29538 -0.177638 -0.93872
v 0.9934 -0.44845 -0.271613
vn 0.350239 0.0547056 -0.935061
v 1.05425 -0.487596 -0.239442
vn 0.602968 0.164149 -0.780695
v 1.04618 -0.535082 -0.252181
vn 0.479404 0.110923 -0.870556
v 1.03858 -0.594795 -0.261385
vn 0.335311 0.0802041 -0.938687
v 0.991506 -0.609298 -0.274795
vn 0.212674 0.0233235 -0.976845
v 0.840976 -0.472211 -0.280436
vn -0.375683 -0.170493 -0.91093
v 0.934079 -0.76476 -0.25363
vn -0.44379 -0.249786 -0.860614
v 0.924848 -0.834607 -0.219182
vn -0.638122 -0.368826 -0.675846
v 0.924903 -0.620915 -0.276095
vn -0.139732 -0.11982 -0.982913
v 1.07128 -0.786197 -0.265813
vn 0.180874 0.0449438 -0.982479
v 1.03485 -0.764034 -0.270245
vn 0.0675086 -0.0129178 -0.997635
v 1.06823 -0.878467 -0.265926
vn -0.0266041 -0.0572266 -0.998007
v 1.01024 -0.87328 -0.256534
vn -0.264921 -0.185958 -0.946169
v 1.00657 -0.957179 -0.224801
vn -0.597436 -0.382433 -0.704851
v 1.07175 -1.08295 -0.208954
vn -0.664805 -0.416005 -0.620463
v 1.01449 -0.93576 -0.240285
vn -0.488686 -0.313468 -0.814201
v 0.893048 -0.454851 -0.292723
vn -0.0137104 -0.0721923 -0.997296
v 0.854437 -0.43792 -0.289713
vn -0.204485 -0.124946 -0.970863
v 0.93506 -0.459077 -0.288835
vn 0.203333 -0.00415833 -0.979101
v 0.949428 -0.599779 -0.28
vn 0.0418425 -0.0592916 -0.997363
v 0.153511 -1.54279 -0.215245
vn 0.0851286 0.281889 -0.955663
v 0.125718 -1.56965 -0.223072
vn -0.162735 0.300567 -0.939775
v 0.197354 -1.62244 -0.246516
vn 0.0576697 0.430814 -0.900596
v 0.108733 -1.64334 -0.243549
vn -0.260764 0.287923 -0.921468
v 0.326579 -1.5868 -0.205702
vn 0.315551 0.439563 -0.840959
v 0.282674 -1.57962 -0.21322
vn 0.161379 0.459358 -0.873469
v 0.190982 -1.67303 -0.271238
vn -0.0470649 0.40579 -0.912754
v 0.144338 -1.65468 -0.255593
vn -0.121784 0.354782 -0.926984
v 0.2693 -1.69446 -0.278551
vn 0.12314 0.445133 -0.886957
v 0.329222 -1.67901 -0.256016
vn 0.307818 0.450648 -0.837952
v 0.392613 -1.6944 -0.233678
vn 0.475486 0.41931 -0.773364
v 0.323031 -1.72527 -0.280458
vn 0.265711 0.358448 -0.894937
v 0.108987 -2.11325 -0.221728
vn -0.587031 -0.381168 -0.714216
v 0.147666 -2.13221 -0.237107
vn -0.420236 -0.449128 -0.788471
v 0.133606 -1.96654 -0.285713
vn -0.470103 -0.156713 -0.868587
v 0.128036 -1.85955 -0.292859
vn -0.416963 0.00328174 -0.908917
v 0.12123 -2.01048 -0.269139
vn -0.520044 -0.240198 -0.81967
v 0.128674 -2.08419 -0.249212
vn -0.551617 -0.30404 -0.77671
v 0.146459 -2.07132 -0.264774
vn -0.378582 -0.323222 -0.867296
v 0.189635 -2.12584 -0.257935
vn -0.273365 -0.412754 -0.868853
v 0.188708 -2.16062 -0.237323
vn -0.259226 -0.528833 -0.808169
v 0.20267 -2.08275 -0.280185
vn -0.234723 -0.328992 -0.914696
v 0.233696 -2.13596 -0.262865
vn -0.132472 -0.466816 -0.874377
v 0.284641 -2.12896 -0.268978
vn 0.0388079 -0.418738 -0.907278
v 0.417227 -1.75259 -0.244934
vn 0.547665 0.319027 -0.773489
v 0.449833 -1.7922 -0.235421
vn 0.635641 0.307293 -0.708189
v 0.473283 -1.79084 -0.211218
vn 0.713938 0.25696 -0.651356
v 0.487058 -1.88239 -0.224003
vn 0.751124 0.155505 -0.641584
v 0.484135 -1.92608 -0.23239
vn 0.696601 0.0226958 -0.717099
v 0.508919 -1.94836 -0.204669
vn 0.79587 0.0122449 -0.605344
v 0.493219 -1.98917 -0.220961
vn 0.721855 -0.0575072 -0.689651
v 0.463765 -2.05771 -0.236093
vn 0.561662 -0.187153 -0.805922
v 0.472816 -2.02299 -0.235309
vn 0.637958 -0.13139 -0.758779
v 0.477481 -2.25095 -0.177554
vn 0.502652 -0.213055 -0.837824
v 0.454294 -2.15359 -0.216955
vn 0.448826 -0.244586 -0.859496
v 0.373585 -1.73474 -0.264032
vn 0.422939 0.345508 -0.837703
v 0.406436 -1.82506 -0.276504
vn 0.502848 0.211134 -0.838192
v 0.446833 -1.83447 -0.251303
vn 0.625019 0.206124 -0.752904
v 0.420203 -1.91315 -0.280219
vn 0.500637 0.0322749 -0.865056
v 0.453063 -1.88919 -0.256724
vn 0.597118 0.0921018 -0.796848
v 0.431516 -1.98723 -0.269362
vn 0.527396 -0.10099 -0.843596
v 0.420445 -2.0301 -0.268512
vn 0.465154 -0.190423 -0.864506
v 0.416702 -2.09049 -0.255227
vn 0.39342 -0.250806 -0.884487
v 0.381212 -2.08367 -0.270717
vn 0.263146 -0.307661 -0.914384
v 0.328713 -2.09659 -0.278129
vn 0.149821 -0.348944 -0.92509
v 0.384782 -2.20635 -0.223682
vn 0.160378 -0.363334 -0.917751
v 0.41968 -2.17154 -0.227585
vn 0.315791 -0.306016 -0.898126
v 0.458434 -1.95674 -0.254313
vn 0.605152 -0.0374074 -0.79523
v 0.234535 -1.72855 -0.29545
vn -0.0120128 0.337289 -0.941324
v 0.179774 -1.72549 -0.289571
vn -0.170895 0.28462 -0.943285
v 0.149151 -1.74374 -0.286821
vn -0.300661 0.223235 -0.927237
v 0.178055 -1.80646 -0.306326
vn -0.206652 0.151995 -0.966536
v 0.144279 -1.81104 -0.296222
vn -0.356654 0.106451 -0.928152
v 0.148795 -1.9168 -0.300037
vn -0.424665 -0.0864302 -0.901216
v 0.168992 -1.89304 -0.308429
vn -0.298406 -0.0127026 -0.954355
v 0.193889 -1.85945 -0.314571
vn -0.215767 0.0469082 -0.975317
v 0.225281 -1.78407 -0.310183
vn -0.065911 0.207483 -0.976016
v 0.27129 -1.75122 -0.300705
vn 0.118691 0.290671 -0.949433
v 0.230888 -1.8356 -0.317935
vn -0.0537484 0.095482 -0.993979
v 0.275732 -1.81349 -0.314491
vn 0.0924062 0.15492 -0.983596
v 0.318531 -1.78068 -0.300459
vn 0.224073 0.242221 -0.943992
v 0.201195 -1.91078 -0.315665
vn -0.18124 -0.0670094 -0.981153
v 0.177496 -1.96971 -0.303547
vn -0.29181 -0.145988 -0.945269
v 0.175111 -2.02638 -0.290337
vn -0.309873 -0.240869 -0.919761
v 0.219143 -1.97323 -0.312081
vn -0.111801 -0.151433 -0.982125
v 0.225963 -2.03194 -0.299847
vn -0.126305 -0.258688 -0.957668
v 0.26942 -2.01824 -0.305421
vn 0.00351412 -0.220972 -0.975274
v 0.301994 -1.96255 -0.313238
vn 0.107455 -0.117699 -0.987219
v 0.313662 -2.03805 -0.297674
vn 0.113926 -0.232425 -0.965919
v 0.242673 -2.09783 -0.28088
vn -0.0847783 -0.341525 -0.936041
v 0.284851 -2.08927 -0.285079
vn 0.0334295 -0.308528 -0.950628
v 0.284067 -1.88077 -0.319378
vn 0.0836339 0.0191376 -0.996313
v 0.232154 -1.88076 -0.320102
vn -0.055183 -0.0246879 -0.998171
v 0.266738 -1.93919 -0.318151
vn 0.00353287 -0.0971599 -0.995263
v 0.361698 -1.78881 -0.288544
vn 0.355684 0.24535 -0.901827
v 0.327821 -1.84451 -0.31058
vn 0.237477 0.126202 -0.96316
v 0.38878 -1.85727 -0.291971
vn 0.388343 0.13792 -0.911136
v 0.373706 -1.89313 -0.301086
vn 0.347362 0.0341507 -0.937109
v 0.33398 -1.90359 -0.312506
vn 0.184886 -0.0196992 -0.982563
v 0.365104 -1.93702 -0.303671
vn 0.289626 -0.0744415 -0.954241
v 0.341785 -1.981 -0.30467
vn 0.196805 -0.147013 -0.969358
v 0.383953 -2.00867 -0.288579
vn 0.323601 -0.181997 -0.928525
v 0.401226 -1.96271 -0.288184
vn 0.410852 -0.074681 -0.908638
v 0.355441 -2.05211 -0.286973
vn 0.212949 -0.239408 -0.947278
v 0.0779475 -0.551925 -0.385795
vn -0.517775 -0.218732 -0.827082
v 0.104776 -0.533834 -0.404009
vn -0.270911 -0.252893 -0.928791
v 0.287252 -0.500615 -0.416758
vn 0.191686 -0.298797 -0.934867
v 0.105472 -0.586404 -0.387679
vn -0.327581 -0.335295 -0.883328
v 0.193346 -0.609532 -0.392733
vn 0.0306903 -0.34158 -0.939352
v 0.230313 -0.548404 -0.410219
vn 0.122929 -0.312785 -0.941836
v 0.101306 -0.416096 -0.424654
vn -0.387144 -0.136137 -0.911913
v 0.119656 -0.479796 -0.420359
vn -0.302694 -0.161598 -0.939288
v 0.145589 -0.480671 -0.427091
vn -0.15985 -0.241733 -0.957086
v 0.192327 -0.53487 -0.417712
vn -0.0305966 -0.289138 -0.956798
v 0.177902 -0.471462 -0.433381
vn -0.0739069 -0.21873 -0.972983
v 0.216114 -0.475437 -0.433624
vn 0.0117972 -0.226594 -0.973918
v 0.253444 -0.452578 -0.436139
vn 0.118565 -0.254322 -0.959824
v 0.320942 -0.409938 -0.437196
vn 0.172275 -0.255042 -0.951459
v 0.426284 -0.369889 -0.426566
vn 0.228806 -0.282866 -0.931469
v 0.430902 -0.418405 -0.408422
vn 0.338689 -0.353701 -0.871886
v 0.466422 -0.363516 -0.414879
vn 0.360044 -0.263092 -0.895071
v 1.12136 -0.650319 -0.227405
vn 0.511884 0.207321 -0.833662
v 1.09288 -0.654164 -0.244646
vn 0.464151 0.156281 -0.87186
v 1.19249 -0.756815 -0.209013
vn 0.587504 0.238606 -0.773243
v 1.21389 -0.913919 -0.234792
vn 0.45382 0.178999 -0.87293
v 1.12706 -0.830405 -0.256307
vn 0.306711 0.105331 -0.945957
v 1.29357 -1.07176 -0.225602
vn 0.515014 0.176436 -0.838827
v 1.12318 -1.13505 -0.22542
vn -0.555307 -0.373341 -0.743135
v 1.15617 -1.15462 -0.235504
vn -0.381439 -0.294977 -0.876067
v 1.25325 -1.23714 -0.226598
vn -0.0474123 -0.360955 -0.931377
v 1.17084 -1.09054 -0.255148
vn -0.158968 -0.135232 -0.977978
v 1.16216 -1.12039 -0.247844
vn -0.272128 -0.221737 -0.936365
v 1.20154 -1.10124 -0.255927
vn 0.0368931 -0.0384958 -0.998577
v 1.24167 -1.11287 -0.251775
vn 0.194058 0.0487644 -0.979777
v 1.27411 -1.09881 -0.240658
vn 0.371126 0.126928 -0.919867
v 1.19785 -1.18478 -0.239054
vn -0.212249 -0.341761 -0.915505
v 1.21501 -1.1635 -0.247567
vn -0.0600418 -0.225554 -0.972379
v 1.24566 -1.15227 -0.249347
vn 0.10756 -0.132967 -0.985267
v 1.2827 -1.14607 -0.240573
vn 0.328782 -0.00298402 -0.944401
v 1.28684 -1.19077 -0.236346
vn 0.293254 -0.122669 -0.948132
v 1.32572 -1.18186 -0.221599
vn 0.474764 0.017115 -0.879947
v -1.83325 -2.19625 0.10996
vn -0.56402 0.104404 -0.819134
v -1.85546 -2.24342 0.121938
vn -0.690317 0.0966421 -0.717023
v -1.77792 -2.28191 0.119351
vn 0.673598 -0.287361 -0.680947
v -1.817 -2.22915 0.10034
vn -0.161579 -0.0168532 -0.986716
v -1.8038 -2.29944 0.10828
vn 0.225275 -0.217307 -0.949752
v -1.79484 -2.22182 0.0962397
vn 0.0472064 -0.0900444 -0.994818
v -1.86825 -2.32137 0.127444
vn -0.81026 0.0265582 -0.585468
v -1.79977 -2.33338 0.117773
vn 0.573639 -0.0483247 -0.817681
v -1.85406 -2.37223 0.112355
vn -0.454111 0.0292019 -0.890467
v -1.82863 -2.37079 0.106101
vn 0.135386 0.00957409 -0.990747
v -1.7967 -2.45891 0.120088
vn 0.953567 0.186802 -0.236253
v -1.86471 -2.41014 0.12389
vn -0.88457 -0.0533063 -0.463351
v -1.85598 -2.46216 0.122015
vn -0.975065 -0.220643 -0.0237795
v -1.80541 -2.45954 0.106694
vn 0.485931 0.164466 -0.858383
v -1.84898 -2.44562 0.107418
vn -0.542372 -0.12595 -0.830644
v -1.84256 -2.49327 0.131223
vn -0.830149 -0.555852 0.043375
v -1.84612 -2.48331 0.11798
vn -0.723216 -0.384146 -0.573926
v -1.79838 -2.54808 0.10694
vn -0.68829 -0.500923 -0.524722
v -1.74866 -2.53351 0.120341
vn 0.832206 0.548673 -0.0799433
v -1.75288 -2.55562 0.0959926
vn 0.402306 0.27875 -0.872037
v -1.82087 -2.47154 0.0997328
vn -0.122949 0.00151295 -0.992412
v -1.77744 -2.56369 0.100282
vn -0.276551 -0.195962 -0.940807
v -1.75944 -2.58957 0.123134
vn -0.623448 -0.781193 -0.0324144
v -1.75556 -2.58786 0.1057
vn -0.392446 -0.729182 -0.560607
v -1.7294 -2.56361 0.123483
vn 0.874607 0.340849 0.344797
v -1.72544 -2.58486 0.109377
vn 0.742936 -0.137894 -0.655004
v -1.73624 -2.55453 0.108318
vn 0.741306 0.442864 -0.504319
v -1.73022 -2.5937 0.122567
vn 0.684123 -0.397821 0.611322
v -1.73921 -2.59757 0.114338
vn -0.029215 -0.972994 -0.228974
v -1.74011 -2.56685 0.13771
vn 0.416817 -0.000882455 0.90899
v -1.74491 -2.57666 0.0965864
vn 0.0483788 -0.291665 -0.955296
v -0.677477 -2.40234 0.0941663
vn -0.991408 0.0570191 -0.117723
v -0.683731 -2.56792 0.103839
vn -0.987674 0.0210556 -0.155105
v -0.664105 -2.30701 0.0593302
vn -0.968534 0.0989623 -0.22836
v -0.67225 -2.43559 0.0605257
vn -0.96151 0.0142849 -0.274398
v -0.677844 -2.70782 0.0814459
vn -0.943051 -0.0102831 -0.332489
v -0.688663 -2.74945 0.116465
vn -0.980638 0.00387417 -0.195792
v -0.68683 -2.88726 0.117721
vn -0.967746 -0.041418 -0.248501
v -0.673971 -2.96674 0.0938472
vn -0.9268 -0.0996135 -0.362103
v -0.658421 -3.13441 0.111558
vn -0.953224 -0.111375 -0.280998
v -0.673352 -2.88896 0.0793927
vn -0.91893 -0.0318575 -0.393133
v -0.655241 -2.90809 0.0449589
vn -0.874849 -0.0488474 -0.481926
v -0.641123 -3.0173 0.0387899
vn -0.878829 -0.101373 -0.466243
v -0.645469 -3.12019 0.0731827
vn -0.902517 -0.0902994 -0.421082
v -0.640891 -2.26647 0.00398845
vn -0.916483 0.094335 -0.388793
v -0.662413 -2.38198 0.0347025
vn -0.928884 0.0523494 -0.366653
v -0.656585 -2.44798 0.0182804
vn -0.908853 -0.00897065 -0.41702
v -0.664805 -2.69419 0.0506979
vn -0.892551 -0.0287327 -0.450031
v -0.630285 -2.32237 -0.0280183
vn -0.879863 0.0481778 -0.472779
v -0.633325 -2.49711 -0.0240986
vn -0.867769 -0.0266748 -0.496251
v -0.640382 -2.72727 0.00816039
vn -0.852339 -0.0393489 -0.521508
v -0.619879 -2.96201 -0.00890827
vn -0.839576 -0.0599248 -0.539926
v -0.608931 -2.7503 -0.0375624
vn -0.819733 -0.0404032 -0.571319
v -0.612159 -3.12041 0.0101175
vn -0.852676 -0.0538847 -0.519655
v -0.596234 -2.99086 -0.0351952
vn -0.753761 -0.106829 -0.648407
v -0.0507283 -2.28878 0.102473
vn 0.9917 -0.121535 0.0419591
v -0.0621551 -2.38573 0.0874979
vn 0.995869 -0.0907559 0.00288884
v 0.0507367 -2.28878 0.102473
vn -0.9917 -0.121535 0.0419591
v 0.0621635 -2.38573 0.0874979
vn -0.995869 -0.0907559 0.00288884
v 0.0137175 -2.18406 0.112497
vn -0.195679 -0.972534 -0.126043
v -0.0708528 -2.5103 0.0677033
vn 0.996585 -0.0806722 -0.0176346
v 4.19e-06 -2.1851 0.0766532
vn 0.0105066 -0.999919 -0.00723957
v -0.0195016 -2.19411 0.0556932
vn 0.564723 -0.814063 -0.13561
v -0.0384505 -2.21633 0.0388058
vn 0.895486 -0.4254 -0.130919
v -0.0453645 -2.24754 0.061284
vn 0.983786 -0.160767 -0.0794923
v 0.0259498 -2.19974 0.0558568
vn -0.808241 -0.578561 -0.109609
v 0.0384589 -2.21633 0.0388058
vn -0.921641 -0.362704 -0.137924
v 0.0453728 -2.24754 0.061284
vn -0.983786 -0.160767 -0.0794922
v 0.0105743 -2.18745 0.056465
vn -0.301854 -0.94105 -0.152673
v -0.194457 -3.08245 0.059359
vn 0.926654 -0.26991 -0.261651
v -0.107704 -2.79512 0.0897675
vn 0.976797 -0.186262 -0.105711
v -0.1213 -2.86817 0.116859
vn 0.972414 -0.228861 -0.0450904
v -0.144546 -2.94393 0.092263
vn 0.939798 -0.281221 -0.194153
v -0.0940988 -2.69917 0.0655323
vn 0.982171 -0.148487 -0.115294
v -0.126955 -2.86793 0.0741892
vn 0.953214 -0.241763 -0.181474
v -0.0656479 -2.38586 0.0363818
vn 0.983472 -0.0903541 -0.156906
v -0.0637681 -2.26709 -0.016766
vn 0.928887 -0.232734 -0.288103
v -0.0312578 -2.16988 -0.0659169
vn 0.744418 -0.614617 -0.260937
v 0.0433602 -2.19536 -0.0424355
vn -0.830202 -0.520431 -0.199789
v 0.0637765 -2.26709 -0.016766
vn -0.938911 -0.207425 -0.274627
v 0.0656562 -2.38586 0.0363818
vn -0.983472 -0.0903541 -0.156906
v -0.0769442 -2.48341 0.00602309
vn 0.96921 -0.0662088 -0.237168
v -0.0765591 -2.54457 0.0354752
vn 0.985739 -0.104534 -0.131876
v -0.0747721 -2.33488 -0.0158024
vn 0.924776 -0.0861765 -0.370625
v 0.0121554 -2.16103 -0.0518221
vn -0.100539 -0.95533 -0.277913
v -0.0120359 -2.1567 -0.0635375
vn 0.266785 -0.894521 -0.35869
v -0.0897027 -2.48729 -0.0337039
vn 0.930298 -0.0729346 -0.359479
v -0.085336 -2.56341 0.00512753
vn 0.957997 -0.133058 -0.254041
v -0.241561 -3.20257 0.0201743
vn 0.90536 -0.255955 -0.338837
v -0.171843 -2.93802 0.000553333
vn 0.887005 -0.263884 -0.378928
v -0.217422 -3.03588 -0.0301872
vn 0.819964 -0.253805 -0.513071
v -0.104009 -2.7311 0.0386286
vn 0.958205 -0.174684 -0.22656
v -0.119233 -2.79465 0.0319372
vn 0.933434 -0.225034 -0.279392
v -0.140993 -2.88579 0.0392754
vn 0.914615 -0.266559 -0.304017
v -0.103466 -2.65452 -0.00912952
vn 0.935885 -0.158836 -0.314469
v -0.121009 -2.72772 -0.0174969
vn 0.91026 -0.204963 -0.359745
v -0.144275 -2.81167 -0.0211271
vn 0.876906 -0.249286 -0.410965
v -0.679475 -3.42836 0.102922
vn -0.974057 0.220613 -0.0504222
v -0.660149 -3.34835 0.0935977
vn -0.968244 0.194095 -0.157577
v -0.708467 -3.54369 0.0740307
vn -0.973721 0.223269 -0.0449324
v -0.671942 -3.41622 0.0614301
vn -0.955842 0.26129 -0.134509
v -0.638594 -3.20705 0.0649018
vn -0.94729 0.0100802 -0.320219
v -0.638007 -3.27882 0.044726
vn -0.948559 0.135808 -0.285993
v -0.720943 -3.68521 0.106529
vn -0.970607 0.0453911 0.236349
v -0.728357 -3.76302 0.0893827
vn -0.966532 0.0184912 0.255877
v -0.720488 -3.61936 0.0800956
vn -0.984606 0.119724 0.12735
v -0.718827 -3.60007 0.0557741
vn -0.988074 0.145073 -0.0516076
v -0.736329 -3.76618 0.0455368
vn -0.992156 0.0507872 0.114227
v -0.736749 -3.83196 0.0538843
vn -0.982912 -0.0117925 0.183699
v -0.736432 -3.95505 0.039392
vn -0.974508 -0.0458756 0.219613
v -0.690565 -3.5005 0.0243142
vn -0.917229 0.286283 -0.277008
v -0.687426 -3.5312 -0.00612707
vn -0.837814 0.289277 -0.463019
v -0.621583 -3.2375 0.0115417
vn -0.895345 0.0837269 -0.437433
v -0.624282 -3.32456 -0.00343738
vn -0.831569 0.160468 -0.531735
v -0.658592 -3.38864 0.0381694
vn -0.905049 0.249524 -0.344419
v -0.591391 -3.15381 -0.0189029
vn -0.762395 0.0724382 -0.643045
v -0.629064 -3.41146 -0.0252436
vn -0.65634 0.217995 -0.722286
v -0.652679 -3.46081 -0.0191127
vn -0.774584 0.301305 -0.556089
v -0.701695 -3.54501 0.0192852
vn -0.938645 0.239335 -0.248323
v -0.719982 -3.65425 -0.000886268
vn -0.961262 0.191217 -0.198524
v -0.739657 -3.78834 0.00956052
vn -0.997051 0.0747939 -0.0172003
v -0.743251 -3.91254 -0.00704156
vn -0.999682 0.00304696 0.0250163
v -0.732633 -3.72726 -0.000172784
vn -0.985902 0.137202 -0.0957763
v -0.734723 -3.77337 -0.0288615
vn -0.979402 0.109099 -0.169909
v -0.740733 -3.90779 -0.052448
vn -0.990431 0.037035 -0.132946
v -0.74073 -3.98396 0.00139985
vn -0.993269 -0.0540168 0.10246
v -0.74106 -3.98969 -0.0297807
vn -0.996534 -0.0723093 -0.0411159
v -0.233159 -3.28015 0.0975609
vn 0.928107 -0.193703 -0.317957
v -0.227551 -3.1929 0.0525158
vn 0.934879 -0.234508 -0.266474
v -0.274529 -3.51847 0.0982558
vn 0.936089 -0.112882 -0.333158
v -0.256831 -3.30279 0.0513777
vn 0.893994 -0.21667 -0.39221
v -0.297971 -3.40586 0.014802
vn 0.88378 -0.153541 -0.441994
v -0.305877 -3.47074 0.0140467
vn 0.911235 -0.0315385 -0.410678
v -0.293021 -3.62412 0.0800034
vn 0.976966 -0.146408 -0.155245
v -0.312246 -3.78743 0.0937725
vn 0.921494 0.0349196 0.38682
v -0.299081 -3.91736 0.0911159
vn 0.86339 0.0149296 0.504316
v -0.294778 -3.54839 0.047556
vn 0.961056 -0.0100705 -0.27617
v -0.300228 -3.66817 0.0673406
vn 0.997052 -0.0420172 0.0641972
v -0.288687 -3.77146 0.03089
vn 0.966584 0.11962 0.22673
v -0.2887 -3.8573 0.0630171
vn 0.894721 0.0785866 0.439657
v -0.27595 -3.9481 0.0462657
vn 0.91516 0.00754149 0.40302
v -0.276272 -3.30333 0.00990595
vn 0.857741 -0.247432 -0.450619
v -0.30106 -3.3387 -0.0143861
vn 0.776664 -0.231118 -0.585983
v -0.32333 -3.41442 -0.0223866
vn 0.77549 -0.101982 -0.623069
v -0.334588 -3.47871 -0.0332003
vn 0.786203 0.0392516 -0.616721
v -0.316249 -3.53377 -0.0168376
vn 0.939705 0.141975 -0.311122
v -0.299661 -3.62014 0.0087033
vn 0.992635 0.059223 -0.10568
v -0.293054 -3.69121 -0.0134135
vn 0.990653 0.120082 0.0647007
v -0.295499 -3.70854 0.0285424
vn 0.983424 0.0183439 0.180389
v -0.280574 -3.82789 0.0355443
vn 0.935333 0.111812 0.335634
v -0.269644 -3.88396 0.0133437
vn 0.97988 0.0846041 0.180767
v -0.265299 -3.96132 0.011029
vn 0.979851 0.00653648 0.199623
v -0.297895 -3.66984 -0.0460546
vn 0.972356 0.164581 -0.165638
v -0.269446 -3.8541 -0.0145186
vn 0.990396 0.114621 0.0773207
v -0.273635 -3.81284 -0.0410687
vn 0.988508 0.145749 -0.0401152
v -0.261506 -3.96571 -0.0203977
vn 0.998293 0.0188075 0.0552953
v -0.614305 -2.37502 -0.0576998
vn -0.823415 0.025473 -0.566868
v -0.604867 -2.43949 -0.0698194
vn -0.789097 -0.0258407 -0.613724
v -0.611579 -2.55033 -0.0526832
vn -0.799357 -0.0527844 -0.598534
v -0.586775 -2.3307 -0.0916914
vn -0.731218 0.00712657 -0.682106
v -0.577933 -2.45264 -0.0993874
vn -0.699799 -0.0429788 -0.713046
v -0.561298 -2.72466 -0.0912832
vn -0.666576 -0.0548037 -0.743419
v -0.592889 -2.72774 -0.0585334
vn -0.738372 -0.0516971 -0.672409
v -0.59919 -2.89786 -0.0440621
vn -0.758466 -0.0434296 -0.650264
v -0.572662 -2.90565 -0.0705946
vn -0.661883 -0.0733162 -0.746014
v -0.575522 -3.10926 -0.0374969
vn -0.67788 -0.098599 -0.728531
v -0.52953 -2.71616 -0.117507
vn -0.598106 -0.0583074 -0.799293
v -0.540209 -2.93466 -0.0942226
vn -0.570704 -0.0967226 -0.81544
v -0.515055 -3.08214 -0.0886078
vn -0.531182 -0.101927 -0.841104
v -0.545084 -2.24277 -0.130708
vn -0.617384 -0.0223934 -0.786343
v -0.49506 -2.27925 -0.163237
vn -0.46254 -0.0619259 -0.884433
v -0.513558 -2.43688 -0.147664
vn -0.501015 -0.0309579 -0.864885
v -0.546653 -2.44093 -0.126155
vn -0.608375 -0.0414389 -0.792567
v -0.525921 -2.53046 -0.135139
vn -0.566042 -0.0613224 -0.822092
v -0.507508 -2.787 -0.126291
vn -0.481684 -0.0729335 -0.873305
v -0.435192 -2.25784 -0.193628
vn -0.317455 -0.238423 -0.917811
v -0.442704 -2.3332 -0.180649
vn -0.244962 -0.0628464 -0.967494
v -0.474265 -2.46779 -0.164602
vn -0.358216 -0.0472498 -0.932443
v -0.446035 -2.62419 -0.164834
vn -0.262439 -0.063279 -0.962871
v -0.496686 -2.5761 -0.148654
vn -0.44061 -0.0616303 -0.89558
v -0.473855 -2.70506 -0.148824
vn -0.368121 -0.0749749 -0.92675
v -0.488635 -2.96847 -0.11954
vn -0.420038 -0.0953549 -0.902483
v -0.463505 -2.97377 -0.128161
vn -0.315184 -0.131547 -0.939869
v -0.431152 -3.0342 -0.127375
vn -0.185015 -0.149207 -0.971343
v -0.441696 -2.89213 -0.143915
vn -0.270732 -0.0926608 -0.958185
v -0.0577325 -2.22152 -0.0423295
vn 0.887243 -0.406746 -0.217619
v -0.0833907 -2.26141 -0.0634602
vn 0.824864 -0.270091 -0.496639
v -0.100367 -2.29654 -0.0757225
vn 0.812205 -0.140962 -0.566085
v -0.0873366 -2.37995 -0.0396577
vn 0.878347 -0.0155138 -0.477772
v 0.0603052 -2.20849 -0.0641012
vn -0.855551 -0.420889 -0.30147
v -0.107898 -2.48701 -0.0717612
vn 0.870047 -0.0556746 -0.489814
v -0.104285 -2.55985 -0.0491211
vn 0.901334 -0.127202 -0.414025
v -0.0825963 -2.20788 -0.104127
vn 0.715968 -0.491511 -0.495788
v -0.11679 -2.23459 -0.121071
vn 0.647006 -0.446224 -0.618278
v -0.116377 -2.33678 -0.0881915
vn 0.680047 -0.0225462 -0.732821
v -0.123004 -2.45354 -0.0960221
vn 0.812762 -0.0331082 -0.581654
v -0.143622 -2.41015 -0.116323
vn 0.684774 0.0106836 -0.728677
v -0.125257 -2.53951 -0.0901798
vn 0.781734 -0.113639 -0.61317
v -0.156727 -2.67833 -0.0956948
vn 0.744548 -0.184695 -0.641511
v -0.13182 -2.63481 -0.075643
vn 0.825558 -0.156433 -0.542202
v -0.212965 -2.93434 -0.0649933
vn 0.730314 -0.242814 -0.6385
v -0.158534 -2.79892 -0.0540214
vn 0.784447 -0.243449 -0.570418
v -0.18484 -2.76723 -0.0984343
vn 0.710165 -0.23344 -0.664208
v -0.207898 -2.76735 -0.118644
vn 0.602801 -0.225876 -0.765252
v -0.249493 -3.01835 -0.075331
vn 0.668613 -0.228922 -0.707496
v -0.281593 -2.98883 -0.107252
vn 0.50476 -0.210436 -0.837218
v -0.118418 -2.64953 -0.0478347
vn 0.887937 -0.16791 -0.428222
v -0.138865 -2.72033 -0.0574843
vn 0.839059 -0.20865 -0.502439
v -0.172905 -2.56301 -0.133273
vn 0.56338 -0.106249 -0.819338
v -0.33856 -2.28826 -0.194689
vn 0.0893097 -0.292038 -0.952228
v -0.345689 -2.3465 -0.186018
vn 0.0732581 -0.0315796 -0.996813
v -0.391247 -2.33166 -0.188139
vn -0.0639818 -0.0579936 -0.996265
v -0.286635 -2.33917 -0.179532
vn 0.168172 -0.0448861 -0.984735
v -0.212927 -2.23537 -0.19121
vn 0.34894 -0.532024 -0.771486
v -0.196363 -2.2658 -0.164568
vn 0.435752 -0.396081 -0.808233
v -0.253847 -2.27434 -0.184281
vn 0.261377 -0.309855 -0.914151
v -0.211151 -2.30035 -0.159563
vn 0.457414 -0.174838 -0.871897
v -0.20917 -2.3393 -0.155609
vn 0.447439 0.00844675 -0.894275
v -0.236179 -2.33246 -0.16648
vn 0.299159 -0.0282239 -0.953786
v -0.306597 -2.51638 -0.183314
vn 0.10062 -0.0145008 -0.994819
v -0.340474 -2.51214 -0.185004
vn -0.0167054 -0.028427 -0.999456
v -0.400064 -2.54879 -0.17924
vn -0.139677 -0.0493193 -0.988968
v -0.339225 -2.62593 -0.179776
vn -0.00864762 -0.0602907 -0.998143
v -0.374314 -2.69071 -0.173296
vn -0.0710646 -0.0883321 -0.993553
v -0.185842 -2.49592 -0.147129
vn 0.501397 -0.00186806 -0.865215
v -0.227237 -2.48578 -0.166339
vn 0.354097 6.4032e-05 -0.935209
v -0.266656 -2.5026 -0.177456
vn 0.219025 -0.0135082 -0.975626
v -0.208736 -2.5503 -0.156138
vn 0.442987 -0.0694385 -0.893835
v -0.215237 -2.62248 -0.151313
vn 0.460291 -0.128179 -0.878466
v -0.240537 -2.57018 -0.167508
vn 0.315498 -0.0682397 -0.946469
v -0.295982 -2.62293 -0.176823
vn 0.140791 -0.0668156 -0.987782
v -0.266627 -2.65009 -0.168464
vn 0.278208 -0.115981 -0.953493
v -0.0945132 -2.18466 -0.150028
vn 0.632662 -0.585464 -0.506922
v -0.156498 -2.24137 -0.153336
vn 0.510983 -0.483135 -0.710969
v -0.148923 -2.28212 -0.126619
vn 0.600187 -0.254234 -0.758381
v -0.156689 -2.32163 -0.125744
vn 0.562543 -0.0121376 -0.826679
v -0.149291 -2.49019 -0.121372
vn 0.647419 -0.0401866 -0.761074
v -0.160775 -2.59984 -0.117741
vn 0.68971 -0.129901 -0.712338
v -0.16028 -2.20475 -0.189231
vn 0.491086 -0.590047 -0.640843
v -0.227886 -2.72827 -0.140339
vn 0.460856 -0.177246 -0.869595
v -0.189069 -2.69726 -0.121675
vn 0.594351 -0.162864 -0.787542
v -0.265812 -2.79576 -0.145114
vn 0.403247 -0.179951 -0.897223
v -0.397271 -3.03771 -0.131007
vn -0.0436593 -0.154916 -0.986963
v -0.367354 -2.9871 -0.137675
vn 0.123482 -0.160805 -0.979231
v -0.352367 -3.09528 -0.115813
vn 0.267278 -0.190287 -0.944644
v -0.319234 -2.83035 -0.154842
vn 0.183749 -0.149713 -0.971505
v -0.279347 -2.76174 -0.156754
vn 0.347705 -0.18342 -0.919488
v -0.407096 -2.91391 -0.147832
vn -0.101184 -0.115174 -0.988179
v -0.360821 -2.84844 -0.157097
vn 0.019963 -0.124273 -0.992047
v -0.323623 -2.7121 -0.1718
vn 0.0882489 -0.112343 -0.989743
v -0.409931 -2.73994 -0.164355
vn -0.182786 -0.0802334 -0.979873
v -0.558688 -3.14695 -0.0521993
vn -0.659352 0.037727 -0.750887
v -0.538061 -3.1692 -0.0677702
vn -0.504897 -0.00279919 -0.863175
v -0.592764 -3.32685 -0.0388299
vn -0.62915 0.0914186 -0.771889
v -0.550218 -3.27891 -0.0638686
vn -0.444145 0.0100119 -0.895899
v -0.551431 -3.36418 -0.0633208
vn -0.257825 0.00794629 -0.966159
v -0.59656 -3.42437 -0.0539901
vn -0.434633 0.21823 -0.873768
v -0.614844 -3.47901 -0.0634369
vn -0.54716 0.367661 -0.751958
v -0.464372 -3.21833 -0.0899775
vn -0.187918 -0.133597 -0.973056
v -0.50061 -3.20649 -0.0831705
vn -0.345919 -0.0777286 -0.935039
v -0.42688 -3.19689 -0.100128
vn -0.0983616 -0.174115 -0.9798
v -0.461519 -3.30962 -0.0779469
vn -0.0836144 -0.0932982 -0.992121
v -0.531905 -3.4269 -0.0762071
vn -0.180586 0.229524 -0.956403
v -0.565278 -3.47386 -0.0856682
vn -0.289336 0.425793 -0.857313
v -0.576754 -3.54666 -0.122874
vn -0.303639 0.445291 -0.84233
v -0.405057 -3.29761 -0.0808995
vn 0.0661058 -0.154789 -0.985733
v -0.442453 -3.37743 -0.0758191
vn 0.0460319 -0.00101562 -0.998939
v -0.497288 -3.3841 -0.0744588
vn -0.097227 0.064676 -0.993159
v -0.426553 -3.48142 -0.0913576
vn 0.207905 0.358868 -0.909939
v -0.455034 -3.42803 -0.0809839
vn 0.0334824 0.196706 -0.979891
v -0.500092 -3.46698 -0.0939829
vn -0.0420167 0.391991 -0.919009
v -0.463148 -3.48379 -0.0987895
vn 0.0898465 0.452396 -0.88728
v -0.522854 -3.54227 -0.133022
vn -0.0964576 0.464232 -0.880445
v -0.670853 -3.62526 -0.087239
vn -0.772195 0.298524 -0.560891
v -0.698153 -3.69022 -0.0807651
vn -0.837325 0.250061 -0.486165
v -0.710319 -3.67145 -0.0464256
vn -0.899615 0.225001 -0.374257
v -0.723672 -3.73673 -0.0511072
vn -0.935288 0.171166 -0.309739
v -0.732033 -3.83463 -0.0676299
vn -0.950376 0.102301 -0.293803
v -0.738082 -3.98153 -0.0590916
vn -0.981198 -0.0568241 -0.184448
v -0.673954 -3.72243 -0.126536
vn -0.710387 0.225396 -0.666744
v -0.716914 -3.79824 -0.0915522
vn -0.877172 0.15208 -0.455457
v -0.699972 -3.77948 -0.113049
vn -0.791327 0.159839 -0.59013
v -0.731646 -3.90181 -0.0846636
vn -0.931481 0.0414216 -0.361424
v -0.719369 -3.90683 -0.109079
vn -0.842691 0.0474161 -0.536306
v -0.728575 -3.97419 -0.0908309
vn -0.918287 -0.0525002 -0.39242
v -0.642994 -3.56676 -0.0891007
vn -0.65604 0.360274 -0.663185
v -0.613767 -3.56196 -0.111242
vn -0.506514 0.397535 -0.765121
v -0.648489 -3.63987 -0.119502
vn -0.652038 0.30614 -0.693631
v -0.678849 -3.83982 -0.149333
vn -0.690378 0.0954409 -0.717126
v -0.700711 -3.86215 -0.128929
vn -0.76679 0.0811503 -0.636747
v -0.698592 -3.96839 -0.138787
vn -0.728281 0.0358614 -0.68434
v -0.652307 -3.99441 -0.184926
vn -0.646675 0.0170301 -0.762576
v -0.554672 -3.59779 -0.154519
vn -0.23797 0.400149 -0.885015
v -0.596927 -3.60677 -0.142509
vn -0.418588 0.349523 -0.838223
v -0.629952 -3.66891 -0.146455
vn -0.54141 0.279008 -0.793114
v -0.652075 -3.76857 -0.158965
vn -0.616722 0.176401 -0.767162
v -0.443607 -3.56871 -0.14001
vn 0.231875 0.432753 -0.871183
v -0.513448 -3.59164 -0.157656
vn 0.0177998 0.426137 -0.904484
v -0.568926 -3.67358 -0.180459
vn -0.359392 0.306033 -0.881579
v -0.596769 -3.73153 -0.185597
vn -0.444875 0.24068 -0.862647
v -0.625255 -3.75232 -0.174363
vn -0.527365 0.193022 -0.827423
v -0.391609 -3.61056 -0.144858
vn 0.329598 0.39259 -0.858626
v -0.462617 -3.62089 -0.167421
vn 0.1456 0.395111 -0.907021
v -0.495807 -3.65829 -0.185022
vn 0.0406941 0.341883 -0.938861
v -0.447006 -3.68881 -0.189707
vn 0.180784 0.310139 -0.933344
v -0.537611 -3.64074 -0.176261
vn -0.135799 0.350584 -0.926633
v -0.5208 -3.70207 -0.199483
vn -0.0499123 0.28814 -0.956287
v -0.624685 -3.84666 -0.192308
vn -0.533696 0.118209 -0.837374
v -0.648394 -3.86663 -0.178731
vn -0.61841 0.0904686 -0.780631
v -0.634116 -3.95625 -0.196702
vn -0.548112 0.0385635 -0.835516
v -0.31241 -3.21879 -0.0693756
vn 0.576175 -0.220443 -0.787037
v -0.312171 -3.32368 -0.0335327
vn 0.672132 -0.22888 -0.704168
v -0.293566 -3.21711 -0.0545993
vn 0.710644 -0.236588 -0.662579
v -0.335871 -3.32449 -0.0535163
vn 0.49108 -0.195931 -0.848794
v -0.348723 -3.40512 -0.0484868
vn 0.595488 -0.0858556 -0.798763
v -0.392524 -3.38516 -0.0690817
vn 0.290261 -0.0483134 -0.955727
v -0.366806 -3.32235 -0.0686327
vn 0.263065 -0.20208 -0.943377
v -0.373731 -3.45478 -0.0648025
vn 0.521353 0.101094 -0.847332
v -0.354012 -3.49912 -0.0616741
vn 0.658861 0.323375 -0.679214
v -0.331234 -3.2104 -0.0827987
vn 0.404142 -0.204575 -0.891526
v -0.39097 -3.15281 -0.11068
vn 0.0932176 -0.195999 -0.976163
v -0.405463 -3.45044 -0.0768221
vn 0.229755 0.148203 -0.961899
v -0.383734 -3.49427 -0.0811334
vn 0.393303 0.388436 -0.833325
v -0.335014 -3.51849 -0.0480386
vn 0.830076 0.264661 -0.490845
v -0.311593 -3.64871 -0.0800512
vn 0.884447 0.222816 -0.410008
v -0.273502 -3.83751 -0.0631385
vn 0.972111 0.125123 -0.198352
v -0.267954 -3.92608 -0.0737114
vn 0.960214 0.059919 -0.272761
v -0.263294 -3.92718 -0.0464484
vn 0.99547 0.0660437 -0.0683978
v -0.360229 -3.60442 -0.123038
vn 0.577187 0.351925 -0.736888
v -0.335101 -3.62431 -0.106866
vn 0.76242 0.292394 -0.577253
v -0.296838 -3.73142 -0.0879185
vn 0.90992 0.172482 -0.377221
v -0.308664 -3.7575 -0.117908
vn 0.823117 0.153412 -0.546757
v -0.283983 -3.84814 -0.0980235
vn 0.892864 0.0986326 -0.439393
v -0.271835 -3.99219 -0.0931167
vn 0.93107 0.00512715 -0.364806
v -0.337574 -3.67099 -0.128589
vn 0.747578 0.225642 -0.624671
v -0.371869 -3.66357 -0.154668
vn 0.52168 0.266367 -0.810493
v -0.335705 -3.72322 -0.142874
vn 0.708641 0.145718 -0.690358
v -0.309823 -3.83209 -0.134434
vn 0.767402 0.103156 -0.632814
v -0.289324 -3.94977 -0.123524
vn 0.841226 0.068355 -0.536345
v -0.311598 -3.97831 -0.155558
vn 0.768776 0.0590455 -0.636786
v -0.359107 -3.72334 -0.162421
vn 0.570249 0.182927 -0.800846
v -0.400542 -3.67072 -0.170546
vn 0.299426 0.302108 -0.905028
v -0.437518 -3.73754 -0.200985
vn 0.257396 0.219708 -0.940997
v -0.389432 -3.73312 -0.182428
vn 0.411129 0.196139 -0.890226
v -0.375696 -3.81691 -0.190495
vn 0.473048 0.132783 -0.870973
v -0.351422 -3.82689 -0.176033
vn 0.645823 0.119766 -0.754035
v -0.331826 -3.89172 -0.167276
vn 0.687423 0.0870871 -0.721017
v -0.363632 -3.92493 -0.196715
vn 0.564724 0.075254 -0.821842
v -0.702407 -4.21114 0.0988903
vn -0.968668 -0.0860986 0.232958
v -0.674764 -4.50284 0.10183
vn -0.949614 -0.0783942 0.30346
v -0.711293 -4.2111 0.0623321
vn -0.97389 -0.0903783 0.208256
v -0.701343 -4.31383 0.0475893
vn -0.990174 -0.112831 0.082608
v -0.683372 -4.47918 0.0714051
vn -0.989774 -0.0772965 0.119883
v -0.679973 -4.56789 0.0477159
vn -0.999489 -0.02484 0.0201018
v -0.668939 -4.70896 0.0818482
vn -0.956735 -0.0365814 0.288653
v -0.675842 -4.83695 0.0527136
vn -0.986591 -0.0171984 0.162303
v -0.659141 -4.67284 0.109584
vn -0.889801 -0.0669965 0.451404
v -0.422584 -4.54933 0.120519
vn 0.760272 -0.095558 0.642538
v -0.658646 -4.85367 0.100196
vn -0.864323 -0.0366913 0.501597
v -0.643628 -4.9442 0.113494
vn -0.758221 -0.0690482 0.648332
v -0.45167 -4.94838 0.0999538
vn 0.714292 -0.0825572 0.694962
v -0.424893 -4.80251 0.0892542
vn 0.817561 -0.0904329 0.568697
v -0.727934 -4.09878 0.0282784
vn -0.983127 -0.0891468 0.159733
v -0.715665 -4.21489 0.00384959
vn -0.989481 -0.138533 -0.0416718
v -0.688011 -4.41626 0.0220502
vn -0.986913 -0.12252 -0.104837
v -0.729536 -4.10776 -0.00275719
vn -0.993227 -0.110278 0.036593
v -0.710301 -4.22531 -0.0313814
vn -0.963357 -0.163673 -0.212494
v -0.671957 -4.44388 -0.0379826
vn -0.940772 -0.158195 -0.299871
v -0.677889 -4.49483 0.00640285
vn -0.968402 -0.0774406 -0.237066
v -0.674436 -4.58601 0.00897815
vn -0.954935 0.000229257 -0.296814
v -0.677424 -4.73182 0.0115337
vn -0.986821 0.00365628 -0.161772
v -0.675885 -5.00389 0.00837115
vn -0.998471 0.00989486 -0.0543853
v -0.668816 -5.00194 -0.0301564
vn -0.956662 0.0199272 -0.290519
v -0.659574 -4.50632 -0.0461183
vn -0.906735 -0.1009 -0.409453
v -0.653796 -4.5989 -0.0443693
vn -0.911499 -0.00433156 -0.411279
v -0.661447 -4.65361 -0.0287924
vn -0.929844 0.0291289 -0.366799
v -0.299094 -4.04533 0.0803341
vn 0.821895 -0.108363 0.559238
v -0.329148 -4.14307 0.0971146
vn 0.793722 -0.173387 0.583046
v -0.299427 -4.14145 0.0547356
vn 0.829192 -0.16629 0.533655
v -0.28441 -4.04993 0.0538335
vn 0.886829 -0.0926576 0.452713
v -0.388102 -4.46863 0.0880574
vn 0.81351 -0.121325 0.568754
v -0.37505 -4.52825 0.0465142
vn 0.936683 -0.128628 0.325699
v -0.394009 -4.62166 0.0651958
vn 0.905153 -0.0926545 0.414866
v -0.407635 -4.78893 0.0624986
vn 0.908821 -0.0853829 0.408356
v -0.271799 -4.01152 0.0325661
vn 0.947815 -0.059779 0.313168
v -0.279807 -4.10431 0.0267162
vn 0.935457 -0.142946 0.323244
v -0.300137 -4.2222 0.0258096
vn 0.90803 -0.187165 0.374768
v -0.335017 -4.34637 0.0438685
vn 0.841569 -0.17244 0.511884
v -0.361002 -4.49627 0.0245156
vn 0.929672 -0.212574 0.30087
v -0.265853 -4.05461 -0.00278706
vn 0.981762 -0.075952 0.174283
v -0.263642 -4.05908 -0.0331773
vn 0.995315 -0.0954304 0.0155085
v -0.276783 -4.14755 -0.00862886
vn 0.97859 -0.163823 0.12459
v -0.302925 -4.27631 0.000664068
vn 0.952662 -0.202641 0.226651
v -0.323675 -4.38397 -0.0193476
vn 0.973177 -0.223509 0.0544953
v -0.361569 -4.53905 -0.0121003
vn 0.977252 -0.169702 0.127202
v -0.300805 -4.28087 -0.0382834
vn 0.978954 -0.204051 0.00353399
v -0.394271 -4.79839 0.0219647
vn 0.96039 -0.0956136 0.261744
v -0.423697 -4.97502 0.0573852
vn 0.908175 -0.0682358 0.412992
v -0.388759 -4.76443 -0.00446864
vn 0.991098 -0.107641 0.0783528
v -0.414315 -4.97739 0.0198096
vn 0.990563 -0.0694761 0.118141
v -0.416684 -5.00975 -0.0146405
vn 0.993129 -0.0828514 -0.082643
v -0.699244 -5.31462 0.100786
vn -0.939159 0.319655 0.125701
v -0.671188 -5.21853 0.101238
vn -0.938464 0.141455 0.315082
v -0.673734 -4.99018 0.0408902
vn -0.971648 0.00553659 0.236368
v -0.665228 -5.08302 0.0718039
vn -0.92016 0.0769852 0.383899
v -0.678915 -5.15181 0.0488369
vn -0.973775 0.0717852 0.215894
v -0.703928 -5.27993 0.0352449
vn -0.963373 0.212827 0.163146
v -0.689193 -5.20892 0.0257223
vn -0.957472 0.178344 0.226807
v -0.658728 -4.99416 0.0852562
vn -0.892149 -0.0106753 0.451615
v -0.642589 -5.09642 0.118218
vn -0.812589 0.145643 0.564347
v -0.462669 -5.00528 0.107438
vn 0.637762 0.0221682 0.769915
v -0.445673 -5.09092 0.0960859
vn 0.69512 0.133874 0.706319
v -0.437182 -5.1722 0.106712
vn 0.811589 0.115286 0.572741
v -0.425231 -5.32399 0.0905941
vn 0.893379 0.0592365 0.445382
v -0.418182 -5.26261 0.0830585
vn 0.881398 -0.00687593 0.472325
v -0.432476 -5.02511 0.0748557
vn 0.820528 0.018808 0.571297
v -0.433869 -5.09848 0.0809393
vn 0.924588 0.103112 0.366749
v -0.41949 -5.20762 0.081408
vn 0.882721 0.0725827 0.464257
v -0.722356 -5.39166 0.0936617
vn -0.95108 0.263284 -0.161645
v -0.706093 -5.50286 0.051424
vn -0.523995 -0.84408 -0.11383
v -0.713915 -5.36874 0.0549935
vn -0.986743 0.160743 -0.0223734
v -0.642 -5.52063 0.0149848
vn -0.103319 -0.993322 0.051354
v -0.687776 -5.51108 0.0424402
vn -0.327801 -0.944041 -0.0365016
v -0.637155 -5.52111 0.0891764
vn -0.0634778 -0.997312 0.0366008
v -0.418279 -5.45383 0.0884957
vn 0.894837 -0.226524 0.384648
v -0.436738 -5.51734 0.0256199
vn 0.316879 -0.914116 0.252942
v -0.431588 -5.50462 0.0533943
vn 0.535872 -0.775346 0.334185
v -0.510064 -5.51242 0.112025
vn 0.0935935 -0.977079 0.1912
v -0.551764 -5.52303 0.0418051
vn 0.000835407 -0.993989 0.10948
v -0.684581 -5.16806 -0.000281598
vn -0.99473 0.0984994 -0.0284718
v -0.681014 -5.17122 -0.0210894
vn -0.949028 0.0722304 -0.306805
v -0.698983 -5.30705 -0.0207536
vn -0.93149 0.0985332 -0.350168
v -0.705973 -5.29794 0.00270386
vn -0.985669 0.109774 -0.128087
v -0.711511 -5.38417 0.0101597
vn -0.976181 0.0869475 -0.198774
v -0.691141 -5.3653 -0.0518403
vn -0.887052 0.121585 -0.445373
v -0.707736 -5.42714 -0.029526
vn -0.968649 0.0572745 -0.241741
v -0.691372 -5.4942 -0.0516422
vn -0.702897 -0.684934 -0.191838
v -0.702148 -5.47562 -0.0400382
vn -0.957487 -0.163115 -0.237932
v -0.451962 -5.53314 -0.0300417
vn 0.0785313 -0.983182 0.16488
v -0.484661 -5.53734 -0.051304
vn -0.0433699 -0.995421 0.085181
v -0.619874 -5.52811 -0.0586766
vn -0.122737 -0.991289 0.0477669
v -0.438898 -5.53243 -0.0536463
vn 0.325952 -0.943345 0.0620896
v -0.422456 -5.10953 0.056091
vn 0.957952 -0.0171106 0.286418
v -0.409952 -5.22533 0.0603727
vn 0.977642 0.0738449 0.196882
v -0.411757 -5.31689 0.06093
vn 0.959421 0.0288718 0.280496
v -0.413915 -5.47998 0.0567037
vn 0.876377 -0.392949 0.278485
v -0.402651 -5.46045 0.0386736
vn 0.959074 -0.132204 0.250397
v -0.417613 -5.12345 0.0240052
vn 0.998074 0.0387682 0.0484304
v -0.407495 -5.22917 0.0268862
vn 0.987711 0.0550237 -0.146286
v -0.404838 -5.32491 0.0226087
vn 0.996722 0.0668796 0.0455179
v -0.422047 -5.11185 -0.0214265
vn 0.978131 0.00377648 -0.207957
v -0.435128 -5.23838 -0.0922713
vn 0.946739 0.0578971 -0.316753
v -0.413776 -5.27563 -0.0199723
vn 0.975527 0.114878 -0.187486
v -0.397722 -5.41501 0.0267841
vn 0.976138 0.0407646 0.213289
v -0.393439 -5.43923 0.00299406
vn 0.99061 -0.0593969 0.123145
v -0.396611 -5.4759 -0.0117312
vn 0.958451 -0.259419 0.118629
v -0.412881 -5.50699 0.0017581
vn 0.727198 -0.65625 0.201293
v -0.393154 -5.40621 -0.00934052
vn 0.986006 0.147017 -0.0785951
v -0.405802 -5.50496 -0.0341791
vn 0.864133 -0.502935 0.0181563
v -0.729702 -4.09724 -0.0328899
vn -0.987052 -0.125479 -0.0999195
v -0.725519 -4.09623 -0.0631674
vn -0.964737 -0.122646 -0.232894
v -0.711263 -4.15261 -0.0831323
vn -0.929674 -0.174897 -0.324219
v -0.687664 -4.2209 -0.106038
vn -0.910389 -0.17916 -0.372952
v -0.715589 -4.07113 -0.103789
vn -0.915204 -0.0934858 -0.391997
v -0.652 -4.40409 -0.0974228
vn -0.842625 -0.185386 -0.505585
v -0.632899 -4.57373 -0.0846788
vn -0.825614 -0.00713199 -0.56419
v -0.659223 -4.81969 -0.0481448
vn -0.88326 0.0156795 -0.468621
v -0.656147 -4.99657 -0.0573415
vn -0.863858 0.0287766 -0.502913
v -0.643532 -4.30905 -0.142297
vn -0.759389 -0.201043 -0.618797
v -0.629071 -4.51691 -0.0964525
vn -0.814019 -0.123912 -0.567467
v -0.614759 -4.47891 -0.120834
vn -0.683204 -0.17427 -0.709127
v -0.621285 -4.83167 -0.0999539
vn -0.771362 0.00231913 -0.636393
v -0.642856 -4.99153 -0.0763672
vn -0.769357 0.0249664 -0.638331
v -0.679007 -4.18573 -0.135927
vn -0.817576 -0.184333 -0.545518
v -0.702525 -4.01849 -0.13262
vn -0.823468 -0.0396396 -0.565976
v -0.701065 -4.09962 -0.125352
vn -0.852731 -0.123485 -0.507544
v -0.674977 -4.13813 -0.154125
vn -0.765945 -0.122116 -0.631202
v -0.674975 -4.01459 -0.164676
vn -0.719174 -0.00934982 -0.694767
v -0.670236 -4.08839 -0.166523
vn -0.71979 -0.0551329 -0.691999
v -0.627071 -4.28585 -0.16559
vn -0.59323 -0.211073 -0.77687
v -0.652371 -4.18757 -0.168896
vn -0.721575 -0.179621 -0.66863
v -0.643825 -4.14849 -0.184434
vn -0.632105 -0.0975178 -0.768722
v -0.613205 -4.23592 -0.191276
vn -0.50264 -0.195184 -0.842174
v -0.571804 -4.27568 -0.20103
vn -0.350327 -0.212991 -0.912089
v -0.577448 -4.35365 -0.177273
vn -0.426302 -0.227 -0.875636
v -0.527938 -4.44018 -0.174609
vn -0.29802 -0.226252 -0.927359
v -0.576134 -4.47073 -0.150839
vn -0.482736 -0.159731 -0.861076
v -0.52406 -4.47033 -0.170007
vn -0.239778 -0.0986147 -0.965806
v -0.497792 -4.46191 -0.173557
vn 0.145586 -0.223642 -0.963737
v -0.43197 -4.26833 -0.210724
vn 0.330315 -0.25823 -0.90786
v -0.439981 -4.38336 -0.177959
vn 0.397201 -0.248209 -0.883529
v -0.431669 -4.43859 -0.1605
vn 0.493119 -0.152857 -0.856428
v -0.57258 -4.55556 -0.147059
vn -0.519116 -0.0191914 -0.854488
v -0.599749 -4.57442 -0.125102
vn -0.709787 -0.028012 -0.703859
v -0.595264 -4.74212 -0.126507
vn -0.643612 -0.01247 -0.76525
v -0.44022 -4.65667 -0.152674
vn 0.510798 -0.0670215 -0.857084
v -0.419431 -4.52988 -0.142433
vn 0.613976 -0.0609458 -0.786968
v -0.564475 -4.71094 -0.151389
vn -0.525193 -0.0152183 -0.850847
v -0.572223 -4.79128 -0.142431
vn -0.548893 -0.0230736 -0.835574
v -0.579868 -4.94494 -0.134815
vn -0.59222 0.00705227 -0.805745
v -0.431751 -4.66724 -0.144861
vn 0.753735 -0.10533 -0.648683
v -0.419715 -4.74344 -0.113714
vn 0.850017 -0.123689 -0.512027
v -0.41421 -4.6416 -0.129752
vn 0.754128 -0.0802853 -0.651801
v -0.44336 -4.97654 -0.101819
vn 0.842688 -0.0877986 -0.531196
v -0.475482 -4.9916 -0.139733
vn 0.673464 -0.0487138 -0.737613
v -0.547646 -4.61334 -0.158973
vn -0.31288 -0.00514159 -0.949779
v -0.474394 -4.4816 -0.168252
vn 0.214356 -0.130549 -0.967992
v -0.453957 -4.51711 -0.160934
vn 0.26231 -0.022502 -0.964721
v -0.462787 -4.64086 -0.165421
vn 0.407419 -0.0500996 -0.911866
v -0.504849 -4.55408 -0.165596
vn -0.0244787 -0.0149835 -0.999588
v -0.485515 -4.6484 -0.169546
vn 0.0318007 0.0287614 -0.99908
v -0.523875 -4.66746 -0.16771
vn -0.195556 0.0155194 -0.98057
v -0.544465 -4.76701 -0.15919
vn -0.401887 -0.0203914 -0.915462
v -0.486974 -4.69467 -0.169498
vn 0.229888 -0.059382 -0.971404
v -0.490376 -4.9804 -0.149062
vn 0.344525 -0.019152 -0.938582
v -0.51164 -4.73416 -0.169053
vn -0.131163 -0.0331319 -0.990807
v -0.512719 -4.91902 -0.160572
vn 0.0533522 -0.0596424 -0.996793
v -0.540408 -4.92269 -0.156321
vn -0.238291 -0.0406429 -0.970343
v -0.262404 -4.01128 -0.0577903
vn 0.989782 -0.0137339 -0.141926
v -0.268956 -4.09372 -0.0665217
vn 0.976832 -0.0970703 -0.190728
v -0.280609 -4.17846 -0.0519549
vn 0.979079 -0.185606 -0.0833961
v -0.340759 -4.45122 -0.0410561
vn 0.95057 -0.227528 -0.211301
v -0.279673 -4.09482 -0.102242
vn 0.913558 -0.0977998 -0.394774
v -0.299679 -4.17782 -0.116485
vn 0.873238 -0.164017 -0.458861
v -0.284851 -4.17356 -0.083653
vn 0.943317 -0.202155 -0.263224
v -0.308623 -4.23714 -0.106464
vn 0.869386 -0.235564 -0.434371
v -0.339318 -4.37404 -0.0869149
vn 0.841398 -0.222138 -0.49265
v -0.365189 -4.55823 -0.0497141
vn 0.973072 -0.164298 -0.161671
v -0.382587 -4.65388 -0.0701037
vn 0.942451 -0.143654 -0.301911
v -0.388256 -4.74313 -0.0317047
vn 0.979105 -0.125209 -0.160235
v -0.404675 -4.75414 -0.0831932
vn 0.920036 -0.136963 -0.367116
v -0.402134 -4.8736 -0.0303186
vn 0.979627 -0.117858 -0.162603
v -0.408669 -4.86915 -0.0590685
vn 0.921528 -0.115346 -0.370786
v -0.384328 -4.53854 -0.103431
vn 0.793329 -0.0860203 -0.602685
v -0.398922 -4.6436 -0.108837
vn 0.867363 -0.125834 -0.481506
v -0.37295 -4.56062 -0.076734
vn 0.870332 -0.147206 -0.469949
v -0.38717 -4.43775 -0.126105
vn 0.718097 -0.161367 -0.676977
v -0.310487 -4.14903 -0.141208
vn 0.796156 -0.158984 -0.583832
v -0.284564 -4.01397 -0.120194
vn 0.844783 0.0103367 -0.53501
v -0.291102 -4.07161 -0.127856
vn 0.850815 -0.070329 -0.520737
v -0.306788 -4.04526 -0.151531
vn 0.772179 -0.024733 -0.634923
v -0.337324 -4.24742 -0.14522
vn 0.76319 -0.241501 -0.599347
v -0.370568 -4.37655 -0.127799
vn 0.717203 -0.261117 -0.646094
v -0.402553 -4.36581 -0.160821
vn 0.573427 -0.253989 -0.778891
v -0.328797 -4.00649 -0.1757
vn 0.661845 0.0446395 -0.748311
v -0.337301 -4.05866 -0.183434
vn 0.690968 -0.0449045 -0.721489
v -0.321924 -4.11629 -0.161777
vn 0.746733 -0.106747 -0.656502
v -0.346994 -4.12963 -0.185427
vn 0.622914 -0.115287 -0.773748
v -0.35222 -4.20421 -0.173679
vn 0.686248 -0.180553 -0.704602
v -0.370278 -4.26895 -0.170674
vn 0.638688 -0.257969 -0.724934
v -0.667934 -5.18215 -0.0531941
vn -0.852365 0.075739 -0.517433
v -0.656958 -5.27787 -0.082451
vn -0.723065 0.0837676 -0.685682
v -0.439142 -5.04072 -0.0866201
vn 0.934668 -0.0365139 -0.353643
v -0.432803 -5.10165 -0.0686944
vn 0.942062 0.0286885 -0.33421
v -0.612374 -4.97411 -0.107862
vn -0.700628 0.0160294 -0.713347
v -0.644758 -5.18225 -0.0838797
vn -0.792451 0.0519382 -0.607721
v -0.422605 -4.97789 -0.054963
vn 0.947388 -0.0944042 -0.305848
v -0.617645 -5.234 -0.116349
vn -0.689224 0.161405 -0.706342
v -0.640741 -5.3341 -0.116223
vn -0.752715 0.179194 -0.63349
v -0.457871 -5.13233 -0.124163
vn 0.838705 0.0327232 -0.543601
v -0.427078 -5.30583 -0.0927525
vn 0.945114 0.168254 -0.280091
v -0.693472 -5.43861 -0.0716507
vn -0.906567 0.102205 -0.4095
v -0.702796 -5.45732 -0.0487575
vn -0.94569 -0.05235 -0.320826
v -0.673998 -5.43577 -0.106466
vn -0.80971 0.162834 -0.563787
v -0.684277 -5.46744 -0.0921015
vn -0.88008 -0.118946 -0.459686
v -0.672215 -5.49121 -0.100139
vn -0.786614 -0.369687 -0.49454
v -0.602844 -5.53071 -0.0922239
vn -0.0925272 -0.995268 -0.0296629
v -0.641187 -5.52263 -0.0837536
vn -0.417827 -0.903 -0.100059
v -0.562851 -5.52966 -0.122776
vn -0.0788546 -0.974297 -0.211015
v -0.651356 -5.51155 -0.104917
vn -0.544943 -0.758692 -0.356963
v -0.61544 -5.52517 -0.111432
vn -0.249339 -0.925562 -0.284894
v -0.440448 -5.53028 -0.08507
vn 0.497663 -0.823144 -0.273433
v -0.43025 -5.51373 -0.104226
vn 0.64484 -0.639207 -0.41904
v -0.460281 -5.53456 -0.0976871
vn 0.166873 -0.976398 -0.137114
v -0.49166 -5.53341 -0.118906
vn 0.0128017 -0.970783 -0.239617
v -0.491544 -5.53824 -0.0859004
vn -0.0121128 -0.998446 -0.0543951
v -0.557559 -4.97639 -0.147631
vn -0.424295 -0.00254875 -0.90552
v -0.571218 -5.12368 -0.144771
vn -0.559168 0.0449697 -0.827834
v -0.575926 -5.24486 -0.153843
vn -0.567646 0.1469 -0.810061
v -0.623891 -5.37606 -0.149516
vn -0.719172 0.171974 -0.673214
v -0.479279 -5.28804 -0.159418
vn 0.572746 0.0674138 -0.816956
v -0.458075 -5.28753 -0.141564
vn 0.784262 0.106651 -0.611194
v -0.440071 -5.32249 -0.128457
vn 0.830895 0.176083 -0.527834
v -0.53534 -5.00066 -0.155547
vn -0.218719 0.0307211 -0.975304
v -0.542574 -4.97865 -0.15079
vn -0.189497 -0.0364369 -0.981205
v -0.515445 -5.02713 -0.157801
vn 0.0525761 0.054989 -0.997102
v -0.508013 -5.18338 -0.164183
vn 0.173141 0.0729089 -0.982195
v -0.545067 -5.20481 -0.164321
vn -0.256828 0.0946531 -0.961811
v -0.564953 -5.30922 -0.174331
vn -0.421538 0.174965 -0.889771
v -0.599654 -5.3542 -0.165249
vn -0.584861 0.173239 -0.792418
v -0.504965 -5.27934 -0.171078
vn 0.293547 0.107322 -0.949901
v -0.546298 -5.3529 -0.187656
vn -0.0263263 0.117092 -0.992772
v -0.489667 -5.36587 -0.177547
vn 0.407556 0.102152 -0.907449
v -0.537311 -5.52562 -0.138983
vn -0.0476654 -0.888735 -0.455936
v -0.604876 -5.51828 -0.133281
vn -0.269714 -0.807616 -0.524415
v -0.567162 -5.51065 -0.157056
vn -0.14808 -0.714157 -0.684143
v -0.60706 -5.49564 -0.155116
vn -0.389961 -0.523438 -0.75759
v -0.643868 -5.47833 -0.139113
vn -0.635402 -0.248305 -0.73117
v -0.634441 -5.44539 -0.151075
vn -0.62016 0.0395374 -0.783479
v -0.661695 -5.45281 -0.125607
vn -0.750557 0.0143383 -0.660651
v -0.639881 -5.5003 -0.130325
vn -0.537594 -0.562109 -0.628511
v -0.473699 -5.52777 -0.126568
vn 0.318667 -0.77221 -0.549676
v -0.442536 -5.49978 -0.133598
vn 0.604342 -0.481835 -0.634512
v -0.413643 -5.39747 -0.108298
vn 0.900736 0.144379 -0.40967
v -0.438285 -5.4019 -0.142442
vn 0.732782 0.073441 -0.676488
v -0.435233 -5.46193 -0.139664
vn 0.721057 -0.090866 -0.686892
v -0.464597 -5.49376 -0.154871
vn 0.406226 -0.460655 -0.789162
v -0.516265 -5.51834 -0.150174
vn 0.133515 -0.723194 -0.677617
v -0.579734 -5.37815 -0.181357
vn -0.368762 0.0800513 -0.92607
v -0.548888 -5.4083 -0.189068
vn -0.138829 -0.0373939 -0.98961
v -0.576174 -5.46021 -0.179157
vn -0.249701 -0.113175 -0.961687
v -0.60545 -5.433 -0.170514
vn -0.440442 0.00481523 -0.897768
v -0.608303 -5.47024 -0.165453
vn -0.462253 -0.196844 -0.864624
v -0.577074 -5.48456 -0.172883
vn -0.189001 -0.41655 -0.889249
v -0.536944 -5.46533 -0.184063
vn 0.0352236 -0.189099 -0.981326
v -0.530472 -5.5007 -0.1683
vn 0.0503724 -0.55934 -0.827406
v -0.468288 -5.3759 -0.165995
vn 0.610417 0.0909279 -0.786844
v -0.461372 -5.44887 -0.163166
vn 0.579086 -0.063198 -0.812813
v -0.481052 -5.42532 -0.176009
vn 0.409134 -0.0170658 -0.912315
v -0.513053 -5.38796 -0.186632
vn 0.185066 0.0204011 -0.982514
v -0.49549 -5.46526 -0.177289
vn 0.282744 -0.145012 -0.94817
v -0.50252 -5.48758 -0.172184
vn 0.194364 -0.417044 -0.887861
v -0.397782 -5.39564 -0.0544384
vn 0.968112 0.205158 -0.143772
v -0.391475 -5.43477 -0.0369956
vn 0.999035 -0.0312046 -0.0309161
v -0.399673 -5.49067 -0.0500034
vn 0.971664 -0.218863 -0.0892647
v -0.393911 -5.43883 -0.0609931
vn 0.964766 0.0741606 -0.252442
v -0.418599 -5.52 -0.0562028
vn 0.677854 -0.730937 -0.0790194
v -0.419859 -5.48347 -0.115871
vn 0.812024 -0.252934 -0.525967
v -0.408845 -5.44217 -0.104886
vn 0.868155 0.00154798 -0.49629
v -0.402783 -5.47458 -0.0858173
vn 0.939753 -0.154418 -0.30499
v -0.410238 -5.49954 -0.081864
vn 0.840974 -0.46615 -0.274712
v -0.319874 -2.20882 -0.228904
vn -0.00598384 -0.417491 -0.908661
v -0.269094 -2.2341 -0.209903
vn 0.187209 -0.4969 -0.847375
v -0.388206 -2.27481 -0.198145
vn -0.100976 -0.275607 -0.955952
v -0.187763 -2.19777 -0.210041
vn 0.332399 -0.58142 -0.742605
v -0.267229 -2.18851 -0.237296
vn 0.107641 -0.495746 -0.861771
v -0.139681 -2.17694 -0.20155
vn 0.460259 -0.541324 -0.703655
v -0.5684 -3.75024 -0.202447
vn -0.339802 0.209656 -0.916831
v -0.544956 -3.72548 -0.203275
vn -0.188758 0.251269 -0.949333
v -0.483359 -3.73167 -0.207672
vn 0.0886119 0.257572 -0.962187
v -0.595562 -3.8082 -0.202315
vn -0.413112 0.154208 -0.897529
v -0.551231 -3.81358 -0.220065
vn -0.25781 0.154649 -0.953739
v -0.547845 -3.89942 -0.231184
vn -0.19003 0.0844369 -0.978141
v -0.574579 -3.90764 -0.224536
vn -0.343509 0.0942331 -0.93441
v -0.600492 -3.87914 -0.210514
vn -0.446419 0.10296 -0.888881
v -0.606741 -3.95194 -0.21335
vn -0.459433 0.0524058 -0.886665
v -0.511976 -3.78213 -0.220254
vn -0.0409406 0.197774 -0.979392
v -0.477439 -3.80589 -0.223337
vn 0.108782 0.168261 -0.979722
v -0.450459 -3.82442 -0.221609
vn 0.231004 0.144355 -0.962184
v -0.419674 -3.80672 -0.20902
vn 0.353199 0.142466 -0.924637
v -0.516865 -3.83666 -0.229581
vn -0.116018 0.127288 -0.985057
v -0.501033 -3.8947 -0.236461
vn -0.0214103 0.0998681 -0.99477
v -0.444959 -3.94288 -0.234708
vn 0.247759 0.0970729 -0.963946
v -0.472845 -3.92552 -0.238109
vn 0.120635 0.0902141 -0.988589
v -0.565287 -3.99264 -0.23243
vn -0.30288 0.01451 -0.952918
v -0.522958 -3.98498 -0.241534
vn -0.149403 0.0367495 -0.988093
v -0.399274 -3.93541 -0.21785
vn 0.435808 0.09968 -0.894503
v -0.421268 -3.96259 -0.229801
vn 0.331548 0.0730339 -0.940607
v -0.620497 -4.077 -0.206054
vn -0.540952 -0.0316511 -0.840458
v -0.597558 -4.0321 -0.220072
vn -0.443375 -0.00657808 -0.896312
v -0.588702 -4.12001 -0.219555
vn -0.36984 -0.0585237 -0.92725
v -0.550804 -4.06391 -0.234963
vn -0.2263 -0.0666325 -0.971776
v -0.576603 -4.17155 -0.21881
vn -0.309693 -0.136369 -0.941007
v -0.616755 -4.1593 -0.201978
vn -0.486794 -0.106662 -0.86698
v -0.461672 -4.14717 -0.235987
vn 0.117104 -0.0974375 -0.988328
v -0.530171 -4.21884 -0.22388
vn -0.163932 -0.122543 -0.978831
v -0.506645 -4.13805 -0.236474
vn -0.0990684 -0.103014 -0.989734
v -0.438525 -4.22037 -0.223338
vn 0.254589 -0.149351 -0.955447
v -0.524007 -4.28466 -0.214692
vn -0.24587 -0.204911 -0.947396
v -0.481082 -4.22887 -0.227285
vn -0.00969227 -0.137932 -0.990394
v -0.467596 -4.26955 -0.219408
vn 0.164853 -0.233142 -0.958368
v -0.496445 -4.30389 -0.213451
vn -0.062058 -0.2147 -0.974707
v -0.452966 -4.04324 -0.241529
vn 0.202992 -0.00303425 -0.979176
v -0.490774 -4.01465 -0.244833
vn 0.0142419 0.0356232 -0.999264
v -0.474413 -4.07197 -0.243701
vn 0.0232207 -0.0648369 -0.997626
v -0.419931 -4.14984 -0.226491
vn 0.3093 -0.0931327 -0.946393
v -0.513855 -4.06392 -0.24238
vn -0.122816 -0.0475276 -0.991291
v -0.384326 -4.03371 -0.216921
vn 0.478332 0.0293577 -0.877688
v -0.35823 -4.04878 -0.200323
vn 0.579827 -0.0028531 -0.814735
v -0.413183 -4.05359 -0.230343
vn 0.339844 -0.0165006 -0.940337
v -0.38852 -4.12059 -0.21588
vn 0.499044 -0.0842949 -0.862467
v -0.39387 -4.22093 -0.203651
vn 0.519407 -0.206279 -0.829256
v 0.0708612 -2.5103 0.0677033
vn -0.996585 -0.0806722 -0.0176346
v 0.107712 -2.79512 0.0897675
vn -0.976797 -0.186262 -0.105711
v 0.121308 -2.86817 0.116859
vn -0.972414 -0.228861 -0.0450904
v 0.144554 -2.94393 0.092263
vn -0.939798 -0.281221 -0.194153
v 0.0941072 -2.69917 0.0655323
vn -0.982171 -0.148486 -0.115293
v 0.126963 -2.86793 0.0741892
vn -0.953214 -0.241763 -0.181474
v 0.194465 -3.08245 0.059359
vn -0.926654 -0.26991 -0.261651
v 0.0769526 -2.48341 0.00602309
vn -0.96921 -0.0662088 -0.237168
v 0.0765675 -2.54457 0.0354752
vn -0.985739 -0.104534 -0.131876
v 0.0747805 -2.33488 -0.0158024
vn -0.924776 -0.0861765 -0.370625
v 0.0897111 -2.48729 -0.0337039
vn -0.930298 -0.0729346 -0.359479
v 0.0853444 -2.56341 0.00512753
vn -0.957997 -0.133058 -0.254041
v 0.104017 -2.7311 0.0386286
vn -0.958205 -0.174684 -0.22656
v 0.119241 -2.79465 0.0319372
vn -0.933434 -0.225034 -0.279392
v 0.141002 -2.88579 0.0392754
vn -0.914615 -0.266559 -0.304017
v 0.171852 -2.93802 0.000553333
vn -0.887005 -0.263884 -0.378928
v 0.241569 -3.20257 0.0201743
vn -0.90536 -0.255955 -0.338837
v 0.103475 -2.65452 -0.00912952
vn -0.935885 -0.158836 -0.314469
v 0.121017 -2.72772 -0.0174969
vn -0.91026 -0.204963 -0.359745
v 0.144283 -2.81167 -0.0211271
vn -0.876906 -0.249286 -0.410965
v 0.21743 -3.03588 -0.0301872
vn -0.819964 -0.253805 -0.513071
v 0.677486 -2.40234 0.0941663
vn 0.991408 0.0570191 -0.117723
v 0.683739 -2.56792 0.103839
vn 0.987674 0.0210556 -0.155105
v 0.664114 -2.30701 0.0593302
vn 0.968534 0.0989623 -0.22836
v 0.672258 -2.43559 0.0605257
vn 0.96151 0.0142849 -0.274398
v 0.677853 -2.70782 0.0814459
vn 0.943051 -0.0102831 -0.332489
v 0.688672 -2.74945 0.116465
vn 0.980638 0.00387417 -0.195792
v 0.686838 -2.88726 0.117721
vn 0.967746 -0.041418 -0.248501
v 0.67398 -2.96674 0.0938472
vn 0.9268 -0.0996135 -0.362103
v 0.658429 -3.13441 0.111558
vn 0.953224 -0.111375 -0.280998
v 0.655249 -2.90809 0.0449589
vn 0.874849 -0.0488474 -0.481926
v 0.641132 -3.0173 0.0387899
vn 0.878829 -0.101373 -0.466243
v 0.645478 -3.12019 0.0731827
vn 0.902517 -0.0902994 -0.421082
v 0.673361 -2.88896 0.0793927
vn 0.91893 -0.0318574 -0.393133
v 0.6409 -2.26647 0.00398845
vn 0.916483 0.094335 -0.388793
v 0.662421 -2.38198 0.0347025
vn 0.928884 0.0523494 -0.366653
v 0.656594 -2.44798 0.0182804
vn 0.908853 -0.00897065 -0.41702
v 0.664814 -2.69419 0.0506979
vn 0.892551 -0.0287327 -0.450031
v 0.630294 -2.32237 -0.0280183
vn 0.879863 0.0481778 -0.472779
v 0.633334 -2.49711 -0.0240986
vn 0.867769 -0.0266748 -0.496251
v 0.64039 -2.72727 0.00816039
vn 0.852339 -0.0393489 -0.521508
v 0.619888 -2.96201 -0.00890827
vn 0.839576 -0.0599248 -0.539926
v 0.608939 -2.7503 -0.0375624
vn 0.819733 -0.0404032 -0.571319
v 0.612168 -3.12041 0.0101175
vn 0.852676 -0.0538847 -0.519655
v 0.596243 -2.99086 -0.0351952
vn 0.753761 -0.106829 -0.648407
v 0.233167 -3.28015 0.0975609
vn -0.928107 -0.193703 -0.317957
v 0.227559 -3.1929 0.0525158
vn -0.934879 -0.234508 -0.266474
v 0.274537 -3.51847 0.0982558
vn -0.936089 -0.112882 -0.333158
v 0.25684 -3.30279 0.0513777
vn -0.893994 -0.21667 -0.39221
v 0.297979 -3.40586 0.014802
vn -0.88378 -0.153541 -0.441994
v 0.305885 -3.47074 0.0140467
vn -0.911235 -0.0315385 -0.410678
v 0.29303 -3.62412 0.0800034
vn -0.976966 -0.146408 -0.155245
v 0.294786 -3.54839 0.047556
vn -0.961056 -0.0100705 -0.27617
v 0.300236 -3.66817 0.0673406
vn -0.997052 -0.0420171 0.0641972
v 0.288696 -3.77146 0.03089
vn -0.966584 0.11962 0.22673
v 0.288708 -3.8573 0.0630171
vn -0.894721 0.0785866 0.439657
v 0.312255 -3.78743 0.0937725
vn -0.921494 0.0349196 0.38682
v 0.299089 -3.91736 0.0911159
vn -0.86339 0.0149295 0.504316
v 0.275958 -3.9481 0.0462657
vn -0.91516 0.00754149 0.40302
v 0.276281 -3.30333 0.00990595
vn -0.857741 -0.247432 -0.450619
v 0.301068 -3.3387 -0.0143861
vn -0.776664 -0.231118 -0.585983
v 0.323339 -3.41442 -0.0223866
vn -0.77549 -0.101982 -0.623069
v 0.334597 -3.47871 -0.0332003
vn -0.786203 0.0392516 -0.616721
v 0.316258 -3.53377 -0.0168376
vn -0.939705 0.141975 -0.311122
v 0.299669 -3.62014 0.0087033
vn -0.992635 0.059223 -0.10568
v 0.293062 -3.69121 -0.0134135
vn -0.990653 0.120082 0.0647008
v 0.295507 -3.70854 0.0285424
vn -0.983424 0.0183439 0.180389
v 0.280582 -3.82789 0.0355443
vn -0.935333 0.111812 0.335634
v 0.269652 -3.88396 0.0133437
vn -0.97988 0.0846041 0.180767
v 0.265307 -3.96132 0.011029
vn -0.979851 0.00653648 0.199623
v 0.297903 -3.66984 -0.0460546
vn -0.972356 0.164581 -0.165638
v 0.269455 -3.8541 -0.0145186
vn -0.990396 0.114621 0.0773207
v 0.273644 -3.81284 -0.0410687
vn -0.988508 0.145749 -0.0401152
v 0.261515 -3.96571 -0.0203977
vn -0.998293 0.0188075 0.0552953
v 0.638603 -3.20705 0.0649018
vn 0.94729 0.0100802 -0.320219
v 0.660157 -3.34835 0.0935977
vn 0.968244 0.194095 -0.157577
v 0.679483 -3.42836 0.102922
vn 0.974057 0.220613 -0.0504222
v 0.708475 -3.54369 0.0740307
vn 0.973721 0.223269 -0.0449324
v 0.638015 -3.27882 0.044726
vn 0.948559 0.135808 -0.285993
v 0.671951 -3.41622 0.0614301
vn 0.955842 0.26129 -0.134509
v 0.720952 -3.68521 0.106529
vn 0.970607 0.0453912 0.236349
v 0.728366 -3.76302 0.0893827
vn 0.966532 0.0184912 0.255878
v 0.720497 -3.61936 0.0800956
vn 0.984606 0.119724 0.12735
v 0.718835 -3.60007 0.0557741
vn 0.988074 0.145073 -0.0516076
v 0.736337 -3.76618 0.0455368
vn 0.992156 0.0507872 0.114227
v 0.736757 -3.83196 0.0538843
vn 0.982912 -0.0117926 0.183699
v 0.736441 -3.95505 0.039392
vn 0.974508 -0.0458756 0.219613
v 0.621591 -3.2375 0.0115417
vn 0.895345 0.0837269 -0.437433
v 0.62429 -3.32456 -0.00343738
vn 0.831569 0.160469 -0.531735
v 0.6586 -3.38864 0.0381694
vn 0.905049 0.249524 -0.344419
v 0.690574 -3.5005 0.0243142
vn 0.917229 0.286283 -0.277008
v 0.591399 -3.15381 -0.0189029
vn 0.762395 0.0724382 -0.643045
v 0.629072 -3.41146 -0.0252436
vn 0.65634 0.217995 -0.722286
v 0.652688 -3.46081 -0.0191127
vn 0.774584 0.301305 -0.556089
v 0.687435 -3.5312 -0.00612707
vn 0.837814 0.289277 -0.463019
v 0.701703 -3.54501 0.0192852
vn 0.938645 0.239335 -0.248323
v 0.71999 -3.65425 -0.000886268
vn 0.961262 0.191217 -0.198524
v 0.739666 -3.78834 0.00956052
vn 0.997051 0.0747939 -0.0172003
v 0.74326 -3.91254 -0.00704156
vn 0.999682 0.00304695 0.0250164
v 0.732641 -3.72726 -0.000172784
vn 0.985902 0.137202 -0.0957764
v 0.734731 -3.77337 -0.0288615
vn 0.979402 0.109099 -0.169909
v 0.740741 -3.90779 -0.052448
vn 0.990431 0.037035 -0.132946
v 0.740738 -3.98396 0.00139985
vn 0.993269 -0.0540168 0.10246
v 0.741069 -3.98969 -0.0297807
vn 0.996534 -0.0723093 -0.0411159
v 0.0833991 -2.26141 -0.0634602
vn -0.820318 -0.281242 -0.497978
v 0.100375 -2.29654 -0.0757225
vn -0.812205 -0.140962 -0.566085
v 0.0873449 -2.37995 -0.0396577
vn -0.878347 -0.0155138 -0.477772
v 0.107906 -2.48701 -0.0717612
vn -0.870047 -0.0556747 -0.489814
v 0.104294 -2.55985 -0.0491211
vn -0.901334 -0.127202 -0.414025
v 0.116798 -2.23459 -0.121071
vn -0.637058 -0.469535 -0.611305
v 0.116385 -2.33678 -0.0881915
vn -0.680047 -0.0225462 -0.732822
v 0.123013 -2.45354 -0.0960221
vn -0.812762 -0.0331082 -0.581654
v 0.143631 -2.41015 -0.116323
vn -0.684774 0.0106836 -0.728677
v 0.125265 -2.53951 -0.0901798
vn -0.781734 -0.113639 -0.61317
v 0.156735 -2.67833 -0.0956948
vn -0.744548 -0.184695 -0.641511
v 0.131829 -2.63481 -0.075643
vn -0.825558 -0.156433 -0.542202
v 0.118426 -2.64953 -0.0478347
vn -0.887937 -0.16791 -0.428222
v 0.138874 -2.72033 -0.0574843
vn -0.839059 -0.20865 -0.502439
v 0.158542 -2.79892 -0.0540214
vn -0.784447 -0.243449 -0.570418
v 0.212974 -2.93434 -0.0649933
vn -0.730314 -0.242814 -0.6385
v 0.184848 -2.76723 -0.0984343
vn -0.710165 -0.23344 -0.664208
v 0.207906 -2.76735 -0.118644
vn -0.602801 -0.225876 -0.765252
v 0.249501 -3.01835 -0.075331
vn -0.668613 -0.228922 -0.707496
v 0.281601 -2.98883 -0.107252
vn -0.50476 -0.210436 -0.837218
v 0.529538 -2.71616 -0.117507
vn 0.598106 -0.0583074 -0.799293
v 0.561306 -2.72466 -0.0912832
vn 0.666576 -0.0548037 -0.743419
v 0.540218 -2.93466 -0.0942226
vn 0.570704 -0.0967226 -0.81544
v 0.515064 -3.08214 -0.0886078
vn 0.531182 -0.101927 -0.841104
v 0.575531 -3.10926 -0.0374969
vn 0.67788 -0.098599 -0.728531
v 0.156506 -2.24137 -0.153336
vn -0.510983 -0.483135 -0.710969
v 0.148932 -2.28212 -0.126619
vn -0.600187 -0.254234 -0.758381
v 0.156698 -2.32163 -0.125744
vn -0.562543 -0.0121376 -0.826679
v 0.1493 -2.49019 -0.121372
vn -0.647419 -0.0401866 -0.761074
v 0.185851 -2.49592 -0.147129
vn -0.501397 -0.00186807 -0.865215
v 0.172913 -2.56301 -0.133273
vn -0.56338 -0.106249 -0.819338
v 0.160783 -2.59984 -0.117741
vn -0.68971 -0.129901 -0.712338
v 0.160289 -2.20475 -0.189231
vn -0.477121 -0.589896 -0.651443
v 0.212936 -2.23537 -0.19121
vn -0.34894 -0.532024 -0.771486
v 0.196371 -2.2658 -0.164568
vn -0.435752 -0.396081 -0.808233
v 0.253856 -2.27434 -0.184281
vn -0.261377 -0.309855 -0.914151
v 0.211159 -2.30035 -0.159563
vn -0.457414 -0.174838 -0.871897
v 0.209179 -2.3393 -0.155609
vn -0.447439 0.00844675 -0.894275
v 0.236187 -2.33246 -0.16648
vn -0.299159 -0.0282239 -0.953786
v 0.286643 -2.33917 -0.179532
vn -0.168172 -0.0448861 -0.984735
v 0.227246 -2.48578 -0.166339
vn -0.354097 6.4028e-05 -0.935209
v 0.266665 -2.5026 -0.177456
vn -0.219025 -0.0135082 -0.975626
v 0.208744 -2.5503 -0.156138
vn -0.442987 -0.0694385 -0.893835
v 0.215246 -2.62248 -0.151313
vn -0.460291 -0.128179 -0.878466
v 0.240546 -2.57018 -0.167508
vn -0.315498 -0.0682397 -0.946469
v 0.295991 -2.62293 -0.176823
vn -0.140791 -0.0668156 -0.987782
v 0.266636 -2.65009 -0.168464
vn -0.278208 -0.115981 -0.953493
v 0.545092 -2.24277 -0.130708
vn 0.617384 -0.0223934 -0.786343
v 0.495068 -2.27925 -0.163237
vn 0.46254 -0.0619259 -0.884433
v 0.513566 -2.43688 -0.147664
vn 0.501015 -0.0309579 -0.864885
v 0.546661 -2.44093 -0.126155
vn 0.608375 -0.0414389 -0.792567
v 0.525929 -2.53046 -0.135139
vn 0.566043 -0.0613224 -0.822092
v 0.507517 -2.787 -0.126291
vn 0.481684 -0.0729335 -0.873305
v 0.338569 -2.28826 -0.194689
vn -0.0893097 -0.292038 -0.952228
v 0.345698 -2.3465 -0.186018
vn -0.0732581 -0.0315796 -0.996813
v 0.391256 -2.33166 -0.188139
vn 0.0639818 -0.0579936 -0.996265
v 0.442713 -2.3332 -0.180649
vn 0.244962 -0.0628464 -0.967494
v 0.435201 -2.25784 -0.193628
vn 0.313144 -0.239605 -0.918983
v 0.474274 -2.46779 -0.164602
vn 0.358216 -0.0472498 -0.932443
v 0.306605 -2.51638 -0.183314
vn -0.10062 -0.0145008 -0.994819
v 0.340482 -2.51214 -0.185004
vn 0.0167054 -0.028427 -0.999456
v 0.400073 -2.54879 -0.17924
vn 0.139677 -0.0493193 -0.988968
v 0.339233 -2.62593 -0.179776
vn 0.00864762 -0.0602907 -0.998143
v 0.374322 -2.69071 -0.173296
vn 0.0710646 -0.0883321 -0.993553
v 0.446044 -2.62419 -0.164834
vn 0.262439 -0.063279 -0.962871
v 0.496694 -2.5761 -0.148654
vn 0.44061 -0.0616303 -0.89558
v 0.473863 -2.70506 -0.148824
vn 0.368121 -0.0749749 -0.92675
v 0.189078 -2.69726 -0.121675
vn -0.594351 -0.162864 -0.787542
v 0.227894 -2.72827 -0.140339
vn -0.460856 -0.177246 -0.869595
v 0.265821 -2.79576 -0.145114
vn -0.403247 -0.179951 -0.897223
v 0.279356 -2.76174 -0.156754
vn -0.347705 -0.18342 -0.919488
v 0.319242 -2.83035 -0.154842
vn -0.183749 -0.149713 -0.971505
v 0.43116 -3.0342 -0.127375
vn 0.185015 -0.149207 -0.971343
v 0.39728 -3.03771 -0.131007
vn 0.0436593 -0.154916 -0.986963
v 0.367362 -2.9871 -0.137675
vn -0.123482 -0.160805 -0.979231
v 0.352375 -3.09528 -0.115813
vn -0.267278 -0.190287 -0.944644
v 0.407104 -2.91391 -0.147832
vn 0.101184 -0.115174 -0.988179
v 0.360829 -2.84844 -0.157097
vn -0.019963 -0.124273 -0.992047
v 0.488643 -2.96847 -0.11954
vn 0.420038 -0.0953549 -0.902483
v 0.463513 -2.97377 -0.128161
vn 0.315184 -0.131547 -0.939869
v 0.441704 -2.89213 -0.143915
vn 0.270732 -0.0926608 -0.958185
v 0.323632 -2.7121 -0.1718
vn -0.0882489 -0.112343 -0.989743
v 0.409939 -2.73994 -0.164355
vn 0.182786 -0.0802334 -0.979873
v 0.614313 -2.37502 -0.0576998
vn 0.823415 0.025473 -0.566868
v 0.604875 -2.43949 -0.0698194
vn 0.789097 -0.0258407 -0.613724
v 0.611588 -2.55033 -0.0526832
vn 0.799357 -0.0527844 -0.598534
v 0.586784 -2.3307 -0.0916914
vn 0.731218 0.00712657 -0.682106
v 0.577941 -2.45264 -0.0993874
vn 0.699799 -0.0429788 -0.713046
v 0.592897 -2.72774 -0.0585334
vn 0.738372 -0.0516971 -0.672409
v 0.599199 -2.89786 -0.0440621
vn 0.758466 -0.0434296 -0.650264
v 0.572671 -2.90565 -0.0705946
vn 0.661883 -0.0733162 -0.746014
v 0.293575 -3.21711 -0.0545993
vn -0.710644 -0.236588 -0.662579
v 0.31218 -3.32368 -0.0335327
vn -0.672132 -0.22888 -0.704168
v 0.312418 -3.21879 -0.0693756
vn -0.576175 -0.220443 -0.787037
v 0.558696 -3.14695 -0.0521993
vn 0.659352 0.037727 -0.750887
v 0.53807 -3.1692 -0.0677702
vn 0.504897 -0.0027992 -0.863175
v 0.33588 -3.32449 -0.0535163
vn -0.49108 -0.195931 -0.848794
v 0.348731 -3.40512 -0.0484868
vn -0.595488 -0.0858556 -0.798763
v 0.392533 -3.38516 -0.0690817
vn -0.290261 -0.0483134 -0.955727
v 0.366815 -3.32235 -0.0686327
vn -0.263065 -0.20208 -0.943377
v 0.373739 -3.45478 -0.0648025
vn -0.521353 0.101094 -0.847332
v 0.35402 -3.49912 -0.0616741
vn -0.658861 0.323374 -0.679214
v 0.331242 -3.2104 -0.0827987
vn -0.404142 -0.204575 -0.891526
v 0.405065 -3.29761 -0.0808995
vn -0.0661058 -0.154789 -0.985733
v 0.390978 -3.15281 -0.11068
vn -0.0932176 -0.195999 -0.976163
v 0.426888 -3.19689 -0.100128
vn 0.0983616 -0.174115 -0.9798
v 0.46438 -3.21833 -0.0899775
vn 0.187918 -0.133597 -0.973056
v 0.500618 -3.20649 -0.0831705
vn 0.345919 -0.0777287 -0.935039
v 0.550227 -3.27891 -0.0638686
vn 0.444145 0.0100119 -0.895899
v 0.461527 -3.30962 -0.0779469
vn 0.0836144 -0.0932982 -0.992121
v 0.55144 -3.36418 -0.0633208
vn 0.257825 0.00794629 -0.966159
v 0.442461 -3.37743 -0.0758191
vn -0.0460319 -0.00101562 -0.998939
v 0.405471 -3.45044 -0.0768221
vn -0.229755 0.148203 -0.961899
v 0.383743 -3.49427 -0.0811334
vn -0.393303 0.388436 -0.833325
v 0.426562 -3.48142 -0.0913576
vn -0.207905 0.358868 -0.909939
v 0.497296 -3.3841 -0.0744588
vn 0.097227 0.064676 -0.993159
v 0.455043 -3.42803 -0.0809839
vn -0.0334824 0.196706 -0.979891
v 0.531913 -3.4269 -0.0762071
vn 0.180586 0.229524 -0.956403
v 0.5001 -3.46698 -0.0939829
vn 0.0420167 0.391991 -0.919009
v 0.463156 -3.48379 -0.0987895
vn -0.0898465 0.452396 -0.88728
v 0.565286 -3.47386 -0.0856682
vn 0.289336 0.425793 -0.857313
v 0.522863 -3.54227 -0.133022
vn 0.0964576 0.464232 -0.880445
v 0.27351 -3.83751 -0.0631385
vn -0.972111 0.125123 -0.198352
v 0.267962 -3.92608 -0.0737114
vn -0.960214 0.059919 -0.272761
v 0.263303 -3.92718 -0.0464484
vn -0.99547 0.0660437 -0.0683978
v 0.311601 -3.64871 -0.0800512
vn -0.884447 0.222816 -0.410008
v 0.296846 -3.73142 -0.0879185
vn -0.90992 0.172482 -0.377221
v 0.308673 -3.7575 -0.117908
vn -0.823117 0.153412 -0.546757
v 0.283992 -3.84814 -0.0980235
vn -0.892864 0.0986326 -0.439393
v 0.271844 -3.99219 -0.0931167
vn -0.93107 0.00512716 -0.364806
v 0.335022 -3.51849 -0.0480386
vn -0.830076 0.264661 -0.490845
v 0.360237 -3.60442 -0.123038
vn -0.577187 0.351925 -0.736888
v 0.33511 -3.62431 -0.106866
vn -0.76242 0.292394 -0.577253
v 0.309831 -3.83209 -0.134434
vn -0.767402 0.103156 -0.632814
v 0.289332 -3.94977 -0.123524
vn -0.841226 0.068355 -0.536345
v 0.311607 -3.97831 -0.155558
vn -0.768776 0.0590455 -0.636786
v 0.337582 -3.67099 -0.128589
vn -0.747578 0.225642 -0.624671
v 0.391617 -3.61056 -0.144858
vn -0.329598 0.39259 -0.858626
v 0.443615 -3.56871 -0.14001
vn -0.231875 0.432753 -0.871183
v 0.371877 -3.66357 -0.154668
vn -0.52168 0.266367 -0.810493
v 0.335713 -3.72322 -0.142874
vn -0.708641 0.145718 -0.690358
v 0.55468 -3.59779 -0.154519
vn 0.23797 0.400149 -0.885015
v 0.513457 -3.59164 -0.157656
vn -0.0177998 0.426137 -0.904484
v 0.359116 -3.72334 -0.162421
vn -0.570249 0.182927 -0.800846
v 0.40055 -3.67072 -0.170546
vn -0.299426 0.302108 -0.905028
v 0.447015 -3.68881 -0.189707
vn -0.180784 0.310139 -0.933344
v 0.437526 -3.73754 -0.200985
vn -0.257396 0.219708 -0.940997
v 0.389441 -3.73312 -0.182428
vn -0.411129 0.196139 -0.890226
v 0.462626 -3.62089 -0.167421
vn -0.1456 0.395111 -0.907021
v 0.495816 -3.65829 -0.185022
vn -0.0406941 0.341883 -0.938861
v 0.537619 -3.64074 -0.176261
vn 0.135799 0.350584 -0.926633
v 0.520809 -3.70207 -0.199483
vn 0.0499123 0.28814 -0.956287
v 0.375704 -3.81691 -0.190495
vn -0.473048 0.132783 -0.870973
v 0.35143 -3.82689 -0.176033
vn -0.645823 0.119766 -0.754034
v 0.331835 -3.89172 -0.167276
vn -0.687423 0.0870871 -0.721017
v 0.363641 -3.92493 -0.196715
vn -0.564724 0.075254 -0.821842
v 0.592772 -3.32685 -0.0388299
vn 0.62915 0.0914186 -0.771889
v 0.596568 -3.42437 -0.0539901
vn 0.434633 0.21823 -0.873768
v 0.614852 -3.47901 -0.0634369
vn 0.54716 0.367661 -0.751958
v 0.576762 -3.54666 -0.122874
vn 0.303639 0.445291 -0.84233
v 0.643002 -3.56676 -0.0891007
vn 0.65604 0.360274 -0.663185
v 0.670861 -3.62526 -0.087239
vn 0.772195 0.298524 -0.560891
v 0.698162 -3.69022 -0.0807651
vn 0.837325 0.250061 -0.486165
v 0.710327 -3.67145 -0.0464256
vn 0.899615 0.225001 -0.374257
v 0.72368 -3.73673 -0.0511072
vn 0.935288 0.171166 -0.309739
v 0.732041 -3.83463 -0.0676299
vn 0.950376 0.102301 -0.293803
v 0.73809 -3.98153 -0.0590916
vn 0.981198 -0.0568241 -0.184448
v 0.613775 -3.56196 -0.111242
vn 0.506514 0.397535 -0.765121
v 0.648497 -3.63987 -0.119502
vn 0.652038 0.30614 -0.693631
v 0.673962 -3.72243 -0.126536
vn 0.710387 0.225396 -0.666744
v 0.716923 -3.79824 -0.0915522
vn 0.877172 0.15208 -0.455457
v 0.699981 -3.77948 -0.113049
vn 0.791327 0.159839 -0.59013
v 0.731654 -3.90181 -0.0846636
vn 0.931481 0.0414216 -0.361424
v 0.719378 -3.90683 -0.109079
vn 0.842691 0.0474161 -0.536306
v 0.728584 -3.97419 -0.0908309
vn 0.918287 -0.0525003 -0.39242
v 0.596936 -3.60677 -0.142509
vn 0.418588 0.349523 -0.838223
v 0.629961 -3.66891 -0.146455
vn 0.54141 0.279008 -0.793114
v 0.652084 -3.76857 -0.158965
vn 0.616722 0.176401 -0.767162
v 0.678858 -3.83982 -0.149333
vn 0.690378 0.0954409 -0.717126
v 0.70072 -3.86215 -0.128929
vn 0.76679 0.0811503 -0.636747
v 0.6986 -3.96839 -0.138787
vn 0.728281 0.0358614 -0.68434
v 0.568935 -3.67358 -0.180459
vn 0.359392 0.306033 -0.881579
v 0.596777 -3.73153 -0.185597
vn 0.444875 0.24068 -0.862647
v 0.625264 -3.75232 -0.174363
vn 0.527365 0.193022 -0.827423
v 0.624694 -3.84666 -0.192308
vn 0.533696 0.118209 -0.837374
v 0.648403 -3.86663 -0.178731
vn 0.61841 0.0904687 -0.780631
v 0.634124 -3.95625 -0.196702
vn 0.548112 0.0385635 -0.835516
v 0.652315 -3.99441 -0.184926
vn 0.646675 0.0170301 -0.762576
v 1.77793 -2.28191 0.119351
vn -0.673598 -0.287361 -0.680947
v 1.72938 -2.56451 0.11283
vn -0.887977 0.412876 -0.202558
v 1.72545 -2.58486 0.109377
vn -0.610561 -0.167615 -0.774029
v 1.75557 -2.58786 0.1057
vn 0.36917 -0.706196 -0.604153
v 1.73023 -2.5937 0.122567
vn -0.800058 -0.22588 0.555774
v 1.73921 -2.59757 0.114338
vn 0.029215 -0.972994 -0.228974
v 1.75713 -2.52634 0.114722
vn -0.800202 0.539182 -0.262602
v 1.73861 -2.55108 0.131484
vn -0.857322 0.418386 0.299921
v 1.75513 -2.54812 0.098103
vn -0.598462 0.387081 -0.701435
v 1.74011 -2.56685 0.13771
vn -0.368999 -0.0131268 0.929337
v 1.75945 -2.58957 0.123134
vn 0.623448 -0.781193 -0.0324144
v 1.7475 -2.57209 0.096093
vn -0.0783713 -0.00642624 -0.996904
v 1.82087 -2.47154 0.0997328
vn 0.115906 0.00335761 -0.993255
v 1.77745 -2.56369 0.100282
vn 0.299948 -0.216055 -0.929167
v 1.82724 -2.20156 0.104765
vn 0.482845 0.0573485 -0.873826
v 1.81701 -2.22915 0.10034
vn 0.105736 -0.0293082 -0.993962
v 1.80381 -2.29944 0.10828
vn -0.225275 -0.217307 -0.949752
v 1.79485 -2.22182 0.0962397
vn -0.0472064 -0.0900444 -0.994818
v 1.86826 -2.32137 0.127444
vn 0.763571 0.0480983 -0.643929
v 1.79978 -2.33338 0.117773
vn -0.52043 -0.0515356 -0.852348
v 1.85407 -2.37223 0.112355
vn 0.46284 0.0301055 -0.88593
v 1.82864 -2.37079 0.106101
vn -0.13716 0.0113601 -0.990484
v 1.79692 -2.45653 0.128874
vn -0.986493 0.159997 0.0350972
v 1.86472 -2.41014 0.12389
vn 0.88457 -0.0533063 -0.463351
v 1.8041 -2.4659 0.106378
vn -0.629398 0.169 -0.758484
v 1.85599 -2.46216 0.122015
vn 0.975065 -0.220643 -0.0237795
v 1.84899 -2.44562 0.107418
vn 0.542372 -0.12595 -0.830644
v 1.84257 -2.49327 0.131223
vn 0.830149 -0.555852 0.043375
v 1.84613 -2.48331 0.11798
vn 0.723216 -0.384146 -0.573926
v 1.79839 -2.54808 0.10694
vn 0.68829 -0.500923 -0.524722
v 0.299102 -4.04533 0.0803341
vn -0.821895 -0.108363 0.559238
v 0.284419 -4.04993 0.0538335
vn -0.886829 -0.0926576 0.452713
v 0.299435 -4.14145 0.0547356
vn -0.829192 -0.16629 0.533655
v 0.329156 -4.14307 0.0971146
vn -0.793722 -0.173387 0.583046
v 0.388111 -4.46863 0.0880574
vn -0.81351 -0.121325 0.568754
v 0.422592 -4.54933 0.120519
vn -0.760272 -0.095558 0.642538
v 0.451678 -4.94838 0.0999538
vn -0.714292 -0.0825572 0.694962
v 0.375058 -4.52825 0.0465142
vn -0.936683 -0.128628 0.325699
v 0.394017 -4.62166 0.0651958
vn -0.905153 -0.0926545 0.414866
v 0.424901 -4.80251 0.0892542
vn -0.817561 -0.0904329 0.568697
v 0.407643 -4.78893 0.0624986
vn -0.908821 -0.0853829 0.408355
v 0.271807 -4.01152 0.0325661
vn -0.947815 -0.059779 0.313168
v 0.279815 -4.10431 0.0267162
vn -0.935457 -0.142946 0.323244
v 0.300146 -4.2222 0.0258096
vn -0.90803 -0.187165 0.374769
v 0.265861 -4.05461 -0.00278706
vn -0.981762 -0.075952 0.174283
v 0.26365 -4.05908 -0.0331773
vn -0.995315 -0.0954304 0.0155085
v 0.276792 -4.14755 -0.00862886
vn -0.97859 -0.163823 0.12459
v 0.302933 -4.27631 0.000664068
vn -0.952662 -0.202641 0.226651
v 0.300814 -4.28087 -0.0382834
vn -0.978954 -0.204051 0.00353392
v 0.335026 -4.34637 0.0438685
vn -0.841569 -0.17244 0.511884
v 0.36101 -4.49627 0.0245156
vn -0.929672 -0.212574 0.30087
v 0.323683 -4.38397 -0.0193476
vn -0.973177 -0.223509 0.0544953
v 0.361578 -4.53905 -0.0121003
vn -0.977252 -0.169702 0.127202
v 0.394279 -4.79839 0.0219647
vn -0.960389 -0.0956136 0.261744
v 0.423705 -4.97502 0.0573852
vn -0.908175 -0.0682358 0.412992
v 0.388767 -4.76443 -0.00446864
vn -0.991097 -0.107641 0.0783529
v 0.414323 -4.97739 0.0198096
vn -0.990563 -0.0694761 0.118141
v 0.416693 -5.00975 -0.0146405
vn -0.993129 -0.0828514 -0.082643
v 0.702415 -4.21114 0.0988903
vn 0.968668 -0.0860986 0.232958
v 0.674772 -4.50284 0.10183
vn 0.949614 -0.0783942 0.30346
v 0.711302 -4.2111 0.0623321
vn 0.97389 -0.0903783 0.208256
v 0.701352 -4.31383 0.0475893
vn 0.990174 -0.112831 0.082608
v 0.683381 -4.47918 0.0714051
vn 0.989774 -0.0772965 0.119883
v 0.65915 -4.67284 0.109584
vn 0.889801 -0.0669965 0.451404
v 0.658655 -4.85367 0.100196
vn 0.864323 -0.0366913 0.501597
v 0.643637 -4.9442 0.113494
vn 0.757739 -0.0690844 0.648891
v 0.679981 -4.56789 0.0477159
vn 0.999489 -0.02484 0.0201018
v 0.668947 -4.70896 0.0818482
vn 0.956735 -0.0365814 0.288653
v 0.675851 -4.83695 0.0527136
vn 0.986591 -0.0171984 0.162303
v 0.727942 -4.09878 0.0282784
vn 0.983127 -0.0891468 0.159733
v 0.715673 -4.21489 0.00384959
vn 0.989481 -0.138533 -0.0416718
v 0.688019 -4.41626 0.0220502
vn 0.986913 -0.12252 -0.104837
v 0.729545 -4.10776 -0.00275719
vn 0.993227 -0.110278 0.0365931
v 0.710309 -4.22531 -0.0313814
vn 0.963357 -0.163673 -0.212494
v 0.671965 -4.44388 -0.0379826
vn 0.940772 -0.158195 -0.299871
v 0.677897 -4.49483 0.00640285
vn 0.968402 -0.0774406 -0.237066
v 0.674445 -4.58601 0.00897815
vn 0.954935 0.000229264 -0.296814
v 0.677432 -4.73182 0.0115337
vn 0.986821 0.00365628 -0.161771
v 0.675894 -5.00389 0.00837115
vn 0.998471 0.00989485 -0.0543852
v 0.659582 -4.50632 -0.0461183
vn 0.906735 -0.1009 -0.409453
v 0.653805 -4.5989 -0.0443693
vn 0.911499 -0.00433157 -0.411279
v 0.661456 -4.65361 -0.0287924
vn 0.929844 0.0291288 -0.366799
v 0.668824 -5.00194 -0.0301564
vn 0.956662 0.0199272 -0.290519
v 0.462677 -5.00528 0.107438
vn -0.636329 0.0141365 0.771289
v 0.485849 -5.07824 0.128496
vn -0.535641 0.10661 0.837689
v 0.445681 -5.09092 0.0960859
vn -0.714707 0.123143 0.688498
v 0.43719 -5.1722 0.106712
vn -0.811589 0.115286 0.572741
v 0.425239 -5.32399 0.0905941
vn -0.893379 0.0592365 0.445382
v 0.418191 -5.26261 0.0830585
vn -0.881398 -0.00687593 0.472325
v 0.432484 -5.02511 0.0748557
vn -0.820528 0.018808 0.571297
v 0.422464 -5.10953 0.056091
vn -0.957952 -0.0171106 0.286418
v 0.433877 -5.09848 0.0809393
vn -0.924588 0.103112 0.36675
v 0.419498 -5.20762 0.081408
vn -0.882721 0.0725827 0.464257
v 0.409961 -5.22533 0.0603727
vn -0.977642 0.0738448 0.196882
v 0.411766 -5.31689 0.06093
vn -0.959421 0.0288718 0.280496
v 0.418287 -5.45383 0.0884957
vn -0.894837 -0.226524 0.384648
v 0.436746 -5.51734 0.0256199
vn -0.316879 -0.914116 0.252942
v 0.431597 -5.50462 0.0533943
vn -0.535872 -0.775346 0.334185
v 0.510073 -5.51242 0.112025
vn -0.119614 -0.968536 0.218243
v 0.413923 -5.47998 0.0567037
vn -0.876377 -0.392949 0.278485
v 0.402659 -5.46045 0.0386736
vn -0.959074 -0.132204 0.250397
v 0.510267 -5.52308 0.0487423
vn -0.0161642 -0.992502 0.121152
v 0.417621 -5.12345 0.0240052
vn -0.998074 0.0387681 0.0484303
v 0.407503 -5.22917 0.0268862
vn -0.987711 0.0550237 -0.146286
v 0.404847 -5.32491 0.0226087
vn -0.996722 0.0668796 0.0455179
v 0.422055 -5.11185 -0.0214265
vn -0.978131 0.00377648 -0.207957
v 0.435136 -5.23838 -0.0922713
vn -0.946739 0.0578972 -0.316753
v 0.413784 -5.27563 -0.0199723
vn -0.975527 0.114878 -0.187486
v 0.39773 -5.41501 0.0267841
vn -0.976138 0.0407646 0.213289
v 0.393448 -5.43923 0.00299406
vn -0.99061 -0.0593969 0.123145
v 0.396619 -5.4759 -0.0117312
vn -0.958451 -0.259419 0.118629
v 0.41289 -5.50699 0.0017581
vn -0.727198 -0.65625 0.201293
v 0.451971 -5.53314 -0.0300417
vn -0.125815 -0.976943 0.172492
v 0.484669 -5.53734 -0.051304
vn 0.037284 -0.995231 0.0901374
v 0.393163 -5.40621 -0.00934052
vn -0.986006 0.147017 -0.0785951
v 0.40581 -5.50496 -0.0341791
vn -0.864133 -0.502935 0.0181563
v 0.438906 -5.53243 -0.0536463
vn -0.325952 -0.943345 0.0620896
v 0.57797 -5.52405 0.0224607
vn 0.0510942 -0.996058 0.0725063
v 0.658736 -4.99416 0.0852562
vn 0.88926 -0.00810879 0.457331
v 0.642598 -5.09642 0.118218
vn 0.820534 0.13988 0.554217
v 0.671196 -5.21853 0.101238
vn 0.938464 0.141455 0.315082
v 0.699253 -5.31462 0.100786
vn 0.939159 0.319655 0.125701
v 0.673743 -4.99018 0.0408902
vn 0.971648 0.0055366 0.236368
v 0.665236 -5.08302 0.0718039
vn 0.92016 0.0769852 0.383899
v 0.678924 -5.15181 0.0488369
vn 0.973775 0.0717853 0.215893
v 0.703936 -5.27993 0.0352449
vn 0.963373 0.212827 0.163146
v 0.689202 -5.20892 0.0257223
vn 0.957472 0.178344 0.226807
v 0.637163 -5.52111 0.0891764
vn 0.0595896 -0.997507 0.0378076
v 0.722364 -5.39166 0.0936617
vn 0.95108 0.263284 -0.161645
v 0.706101 -5.50286 0.051424
vn 0.523995 -0.84408 -0.11383
v 0.642008 -5.52063 0.0149848
vn 0.137351 -0.990222 0.0244035
v 0.713923 -5.36874 0.0549935
vn 0.986743 0.160743 -0.0223734
v 0.687784 -5.51108 0.0424402
vn 0.325642 -0.944811 -0.0359055
v 0.68459 -5.16806 -0.000281598
vn 0.99473 0.0984994 -0.0284717
v 0.681022 -5.17122 -0.0210894
vn 0.949028 0.0722304 -0.306805
v 0.698991 -5.30705 -0.0207536
vn 0.93149 0.0985332 -0.350168
v 0.705982 -5.29794 0.00270386
vn 0.985669 0.109774 -0.128087
v 0.711519 -5.38417 0.0101597
vn 0.976181 0.0869475 -0.198774
v 0.616658 -5.52882 -0.0749573
vn 0.105827 -0.994025 0.026744
v 0.691149 -5.3653 -0.0518403
vn 0.887052 0.121585 -0.445373
v 0.707745 -5.42714 -0.029526
vn 0.968649 0.0572746 -0.241741
v 0.69138 -5.4942 -0.0516422
vn 0.702897 -0.684934 -0.191838
v 0.702156 -5.47562 -0.0400382
vn 0.957487 -0.163115 -0.237932
v 0.262412 -4.01128 -0.0577903
vn -0.989782 -0.0137339 -0.141926
v 0.268964 -4.09372 -0.0665217
vn -0.976832 -0.0970703 -0.190728
v 0.280617 -4.17846 -0.0519549
vn -0.979079 -0.185606 -0.0833962
v 0.340767 -4.45122 -0.0410561
vn -0.95057 -0.227528 -0.211301
v 0.279682 -4.09482 -0.102242
vn -0.913558 -0.0977998 -0.394774
v 0.299687 -4.17782 -0.116485
vn -0.873238 -0.164017 -0.458861
v 0.284859 -4.17356 -0.083653
vn -0.943317 -0.202155 -0.263223
v 0.308632 -4.23714 -0.106464
vn -0.869386 -0.235564 -0.434371
v 0.339326 -4.37404 -0.0869149
vn -0.841398 -0.222138 -0.492649
v 0.365197 -4.55823 -0.0497141
vn -0.973072 -0.164298 -0.161671
v 0.382595 -4.65388 -0.0701037
vn -0.942451 -0.143654 -0.301911
v 0.388264 -4.74313 -0.0317047
vn -0.979105 -0.125209 -0.160235
v 0.404684 -4.75414 -0.0831932
vn -0.920036 -0.136963 -0.367116
v 0.402142 -4.8736 -0.0303186
vn -0.979627 -0.117858 -0.162603
v 0.408678 -4.86915 -0.0590685
vn -0.921528 -0.115346 -0.370786
v 0.384336 -4.53854 -0.103431
vn -0.793329 -0.0860203 -0.602685
v 0.398931 -4.6436 -0.108837
vn -0.867363 -0.125834 -0.481506
v 0.372959 -4.56062 -0.076734
vn -0.870332 -0.147206 -0.469949
v 0.387179 -4.43775 -0.126105
vn -0.718097 -0.161367 -0.676977
v 0.419724 -4.74344 -0.113714
vn -0.850017 -0.123689 -0.512027
v 0.443368 -4.97654 -0.101819
vn -0.842688 -0.0877986 -0.531196
v 0.284572 -4.01397 -0.120194
vn -0.844783 0.0103367 -0.53501
v 0.29111 -4.07161 -0.127856
vn -0.850815 -0.070329 -0.520737
v 0.306797 -4.04526 -0.151531
vn -0.772179 -0.024733 -0.634923
v 0.310496 -4.14903 -0.141208
vn -0.796156 -0.158984 -0.583832
v 0.337332 -4.24742 -0.14522
vn -0.76319 -0.241501 -0.599347
v 0.370576 -4.37655 -0.127799
vn -0.717203 -0.261117 -0.646094
v 0.402562 -4.36581 -0.160821
vn -0.573427 -0.253989 -0.778891
v 0.328806 -4.00649 -0.1757
vn -0.661845 0.0446395 -0.748311
v 0.33731 -4.05866 -0.183434
vn -0.690968 -0.0449045 -0.721489
v 0.321933 -4.11629 -0.161777
vn -0.746733 -0.106747 -0.656502
v 0.347002 -4.12963 -0.185427
vn -0.622914 -0.115287 -0.773748
v 0.352229 -4.20421 -0.173679
vn -0.686248 -0.180553 -0.704602
v 0.370286 -4.26895 -0.170674
vn -0.638688 -0.257969 -0.724934
v 0.439989 -4.38336 -0.177959
vn -0.397201 -0.248209 -0.883529
v 0.431677 -4.43859 -0.1605
vn -0.493119 -0.152857 -0.856428
v 0.527947 -4.44018 -0.174609
vn 0.29802 -0.226252 -0.927359
v 0.524069 -4.47033 -0.170007
vn 0.239778 -0.0986147 -0.965806
v 0.497801 -4.46191 -0.173557
vn -0.145586 -0.223642 -0.963737
v 0.431978 -4.26833 -0.210724
vn -0.330315 -0.25823 -0.90786
v 0.419439 -4.52988 -0.142433
vn -0.613976 -0.0609458 -0.786968
v 0.414218 -4.6416 -0.129752
vn -0.754128 -0.0802853 -0.651801
v 0.43176 -4.66724 -0.144861
vn -0.753735 -0.10533 -0.648683
v 0.440228 -4.65667 -0.152674
vn -0.510798 -0.0670215 -0.857084
v 0.475491 -4.9916 -0.139733
vn -0.673464 -0.0487138 -0.737613
v 0.474402 -4.4816 -0.168252
vn -0.214356 -0.130549 -0.967992
v 0.453965 -4.51711 -0.160934
vn -0.26231 -0.022502 -0.964721
v 0.462795 -4.64086 -0.165421
vn -0.407419 -0.0500996 -0.911866
v 0.504858 -4.55408 -0.165596
vn 0.0244787 -0.0149835 -0.999588
v 0.485524 -4.6484 -0.169546
vn -0.0318007 0.0287614 -0.99908
v 0.547654 -4.61334 -0.158973
vn 0.31288 -0.00514159 -0.949779
v 0.523884 -4.66746 -0.16771
vn 0.195556 0.0155194 -0.98057
v 0.486982 -4.69467 -0.169498
vn -0.229888 -0.059382 -0.971404
v 0.490385 -4.9804 -0.149062
vn -0.344525 -0.0191521 -0.938582
v 0.511648 -4.73416 -0.169053
vn 0.131163 -0.0331319 -0.990807
v 0.544473 -4.76701 -0.15919
vn 0.401887 -0.0203914 -0.915462
v 0.512727 -4.91902 -0.160572
vn -0.0533522 -0.0596424 -0.996793
v 0.540417 -4.92269 -0.156321
vn 0.238291 -0.0406429 -0.970343
v 0.729711 -4.09724 -0.0328899
vn 0.987052 -0.125479 -0.0999195
v 0.725528 -4.09623 -0.0631674
vn 0.964737 -0.122646 -0.232894
v 0.652008 -4.40409 -0.0974228
vn 0.842625 -0.185386 -0.505585
v 0.711271 -4.15261 -0.0831323
vn 0.929674 -0.174897 -0.324219
v 0.687673 -4.2209 -0.106038
vn 0.910389 -0.17916 -0.372952
v 0.715597 -4.07113 -0.103789
vn 0.915204 -0.0934858 -0.391997
v 0.632908 -4.57373 -0.0846788
vn 0.825614 -0.00713199 -0.56419
v 0.659232 -4.81969 -0.0481448
vn 0.88326 0.0156795 -0.468621
v 0.656155 -4.99657 -0.0573415
vn 0.863858 0.0287766 -0.502913
v 0.643541 -4.30905 -0.142297
vn 0.759389 -0.201043 -0.618797
v 0.629079 -4.51691 -0.0964525
vn 0.814019 -0.123912 -0.567467
v 0.614767 -4.47891 -0.120834
vn 0.683204 -0.17427 -0.709127
v 0.621293 -4.83167 -0.0999539
vn 0.771362 0.00231914 -0.636393
v 0.642864 -4.99153 -0.0763672
vn 0.769357 0.0249664 -0.638331
v 0.679015 -4.18573 -0.135927
vn 0.817576 -0.184333 -0.545518
v 0.702533 -4.01849 -0.13262
vn 0.823468 -0.0396396 -0.565976
v 0.701073 -4.09962 -0.125352
vn 0.852731 -0.123485 -0.507544
v 0.674985 -4.13813 -0.154125
vn 0.765945 -0.122116 -0.631202
v 0.62708 -4.28585 -0.16559
vn 0.59323 -0.211073 -0.77687
v 0.674984 -4.01459 -0.164676
vn 0.719174 -0.00934982 -0.694767
v 0.65238 -4.18757 -0.168896
vn 0.721575 -0.179621 -0.66863
v 0.643834 -4.14849 -0.184434
vn 0.632105 -0.0975178 -0.768722
v 0.670245 -4.08839 -0.166523
vn 0.71979 -0.0551329 -0.691999
v 0.613213 -4.23592 -0.191276
vn 0.50264 -0.195184 -0.842174
v 0.571812 -4.27568 -0.20103
vn 0.350327 -0.212991 -0.912089
v 0.577456 -4.35365 -0.177273
vn 0.426302 -0.227 -0.875636
v 0.576142 -4.47073 -0.150839
vn 0.482736 -0.159731 -0.861076
v 0.572588 -4.55556 -0.147059
vn 0.519116 -0.0191914 -0.854488
v 0.599758 -4.57442 -0.125102
vn 0.709787 -0.028012 -0.703859
v 0.595273 -4.74212 -0.126507
vn 0.643612 -0.01247 -0.76525
v 0.564483 -4.71094 -0.151389
vn 0.525193 -0.0152183 -0.850847
v 0.572232 -4.79128 -0.142431
vn 0.548893 -0.0230736 -0.835574
v 0.579877 -4.94494 -0.134815
vn 0.59222 0.00705227 -0.805745
v 0.422613 -4.97789 -0.054963
vn -0.947388 -0.0944042 -0.305848
v 0.439151 -5.04072 -0.0866201
vn -0.934668 -0.0365139 -0.353643
v 0.432812 -5.10165 -0.0686944
vn -0.942062 0.0286885 -0.33421
v 0.427086 -5.30583 -0.0927525
vn -0.945114 0.168254 -0.280091
v 0.457879 -5.13233 -0.124163
vn -0.838705 0.0327232 -0.543601
v 0.39779 -5.39564 -0.0544384
vn -0.968112 0.205158 -0.143772
v 0.391483 -5.43477 -0.0369956
vn -0.999035 -0.0312046 -0.030916
v 0.399682 -5.49067 -0.0500034
vn -0.971664 -0.218863 -0.0892647
v 0.39392 -5.43883 -0.0609931
vn -0.964766 0.0741606 -0.252442
v 0.418608 -5.52 -0.0562028
vn -0.677854 -0.730937 -0.0790194
v 0.413652 -5.39747 -0.108298
vn -0.900736 0.144379 -0.40967
v 0.419867 -5.48347 -0.115871
vn -0.812024 -0.252934 -0.525967
v 0.408853 -5.44217 -0.104886
vn -0.868155 0.00154797 -0.49629
v 0.402791 -5.47458 -0.0858173
vn -0.939753 -0.154418 -0.30499
v 0.410247 -5.49954 -0.081864
vn -0.840974 -0.46615 -0.274712
v 0.430258 -5.51373 -0.104226
vn -0.64484 -0.639207 -0.41904
v 0.440456 -5.53028 -0.08507
vn -0.497663 -0.823144 -0.273433
v 0.460289 -5.53456 -0.0976871
vn -0.166873 -0.976398 -0.137114
v 0.491668 -5.53341 -0.118906
vn -0.0128017 -0.970783 -0.239617
v 0.491553 -5.53824 -0.0859004
vn 0.0266966 -0.99867 -0.0441093
v 0.479288 -5.28804 -0.159418
vn -0.572746 0.0674138 -0.816956
v 0.458084 -5.28753 -0.141564
vn -0.784262 0.106651 -0.611194
v 0.44008 -5.32249 -0.128457
vn -0.830895 0.176083 -0.527834
v 0.542582 -4.97865 -0.15079
vn 0.189497 -0.0364369 -0.981205
v 0.535348 -5.00066 -0.155547
vn 0.218719 0.0307211 -0.975304
v 0.515453 -5.02713 -0.157801
vn -0.0525761 0.054989 -0.997102
v 0.557568 -4.97639 -0.147631
vn 0.424295 -0.00254875 -0.90552
v 0.508021 -5.18338 -0.164183
vn -0.173141 0.0729089 -0.982195
v 0.545075 -5.20481 -0.164321
vn 0.256828 0.0946531 -0.961811
v 0.504974 -5.27934 -0.171078
vn -0.293547 0.107322 -0.949901
v 0.546307 -5.3529 -0.187656
vn 0.0263263 0.117092 -0.992772
v 0.564961 -5.30922 -0.174331
vn 0.421538 0.174965 -0.889771
v 0.489675 -5.36587 -0.177547
vn -0.407556 0.102152 -0.907449
v 0.438293 -5.4019 -0.142442
vn -0.732782 0.073441 -0.676488
v 0.435241 -5.46193 -0.139664
vn -0.721057 -0.090866 -0.686892
v 0.473708 -5.52777 -0.126568
vn -0.318667 -0.77221 -0.549676
v 0.442544 -5.49978 -0.133598
vn -0.604342 -0.481835 -0.634512
v 0.464605 -5.49376 -0.154871
vn -0.406226 -0.460655 -0.789162
v 0.516273 -5.51834 -0.150174
vn -0.133515 -0.723194 -0.677617
v 0.537319 -5.52562 -0.138983
vn 0.0476654 -0.888735 -0.455936
v 0.562859 -5.52966 -0.122776
vn 0.0850097 -0.982209 -0.16745
v 0.468296 -5.3759 -0.165995
vn -0.610417 0.0909279 -0.786844
v 0.46138 -5.44887 -0.163166
vn -0.579086 -0.063198 -0.812813
v 0.48106 -5.42532 -0.176009
vn -0.409134 -0.0170658 -0.912315
v 0.513061 -5.38796 -0.186632
vn -0.185066 0.0204011 -0.982514
v 0.548896 -5.4083 -0.189068
vn 0.138829 -0.0373939 -0.98961
v 0.536952 -5.46533 -0.184063
vn -0.0352236 -0.189099 -0.981326
v 0.495498 -5.46526 -0.177289
vn -0.282744 -0.145012 -0.94817
v 0.502528 -5.48758 -0.172184
vn -0.194364 -0.417044 -0.887861
v 0.53048 -5.5007 -0.1683
vn -0.0503724 -0.55934 -0.827406
v 0.667942 -5.18215 -0.0531941
vn 0.852365 0.075739 -0.517433
v 0.656966 -5.27787 -0.082451
vn 0.723065 0.0837676 -0.685682
v 0.612383 -4.97411 -0.107862
vn 0.700628 0.0160294 -0.713347
v 0.644767 -5.18225 -0.0838797
vn 0.792451 0.0519382 -0.607721
v 0.617654 -5.234 -0.116349
vn 0.689224 0.161405 -0.706342
v 0.640749 -5.3341 -0.116223
vn 0.752715 0.179194 -0.63349
v 0.641195 -5.52263 -0.0837536
vn 0.437069 -0.893044 -0.106972
v 0.69348 -5.43861 -0.0716507
vn 0.906567 0.102205 -0.4095
v 0.702805 -5.45732 -0.0487575
vn 0.94569 -0.05235 -0.320826
v 0.674006 -5.43577 -0.106466
vn 0.80971 0.162834 -0.563787
v 0.672224 -5.49121 -0.100139
vn 0.786614 -0.369687 -0.49454
v 0.651364 -5.51155 -0.104917
vn 0.544943 -0.758692 -0.356963
v 0.615448 -5.52517 -0.111432
vn 0.224415 -0.94501 -0.237893
v 0.684285 -5.46744 -0.0921015
vn 0.88008 -0.118946 -0.459686
v 0.571226 -5.12368 -0.144771
vn 0.559168 0.0449697 -0.827834
v 0.575934 -5.24486 -0.153843
vn 0.567646 0.1469 -0.810061
v 0.623899 -5.37606 -0.149516
vn 0.719172 0.171974 -0.673214
v 0.599662 -5.3542 -0.165249
vn 0.584861 0.173239 -0.792418
v 0.604885 -5.51828 -0.133281
vn 0.269714 -0.807616 -0.524415
v 0.56717 -5.51065 -0.157056
vn 0.14808 -0.714157 -0.684143
v 0.607069 -5.49564 -0.155116
vn 0.389961 -0.523438 -0.75759
v 0.643876 -5.47833 -0.139113
vn 0.635402 -0.248305 -0.73117
v 0.634449 -5.44539 -0.151075
vn 0.62016 0.0395374 -0.783479
v 0.661703 -5.45281 -0.125607
vn 0.750557 0.0143383 -0.660651
v 0.63989 -5.5003 -0.130325
vn 0.537594 -0.562109 -0.628511
v 0.579743 -5.37815 -0.181357
vn 0.368762 0.0800513 -0.92607
v 0.576183 -5.46021 -0.179157
vn 0.249701 -0.113175 -0.961687
v 0.605459 -5.433 -0.170514
vn 0.440442 0.00481522 -0.897768
v 0.608311 -5.47024 -0.165453
vn 0.462253 -0.196844 -0.864624
v 0.577082 -5.48456 -0.172883
vn 0.189001 -0.41655 -0.889249
v 0.13969 -2.17694 -0.20155
vn -0.460259 -0.541324 -0.703655
v 0.187771 -2.19777 -0.210041
vn -0.332399 -0.58142 -0.742605
v 0.269103 -2.2341 -0.209903
vn -0.187209 -0.4969 -0.847375
v 0.267237 -2.18851 -0.237296
vn -0.107641 -0.495746 -0.861771
v 0.319882 -2.20882 -0.228904
vn 0.00598384 -0.417491 -0.908661
v 0.388215 -2.27481 -0.198145
vn 0.100976 -0.275607 -0.955952
v 0.544965 -3.72548 -0.203275
vn 0.188758 0.251269 -0.949333
v 0.483368 -3.73167 -0.207672
vn -0.0886119 0.257572 -0.962187
v 0.419682 -3.80672 -0.20902
vn -0.353199 0.142466 -0.924637
v 0.399282 -3.93541 -0.21785
vn -0.435808 0.09968 -0.894503
v 0.421277 -3.96259 -0.229801
vn -0.331548 0.0730339 -0.940607
v 0.511984 -3.78213 -0.220254
vn 0.0409406 0.197774 -0.979392
v 0.477447 -3.80589 -0.223337
vn -0.108782 0.168261 -0.979722
v 0.450467 -3.82442 -0.221609
vn -0.231004 0.144355 -0.962184
v 0.55124 -3.81358 -0.220065
vn 0.25781 0.154649 -0.953739
v 0.516873 -3.83666 -0.229581
vn 0.116018 0.127288 -0.985057
v 0.547853 -3.89942 -0.231184
vn 0.19003 0.0844369 -0.978141
v 0.501041 -3.8947 -0.236461
vn 0.0214103 0.0998681 -0.99477
v 0.444967 -3.94288 -0.234708
vn -0.247759 0.0970729 -0.963946
v 0.472854 -3.92552 -0.238109
vn -0.120635 0.0902141 -0.988589
v 0.522967 -3.98498 -0.241534
vn 0.149403 0.0367495 -0.988093
v 0.568408 -3.75024 -0.202447
vn 0.339802 0.209656 -0.916831
v 0.595571 -3.8082 -0.202315
vn 0.413112 0.154208 -0.897529
v 0.574587 -3.90764 -0.224536
vn 0.343509 0.0942331 -0.93441
v 0.600501 -3.87914 -0.210514
vn 0.446419 0.10296 -0.888881
v 0.60675 -3.95194 -0.21335
vn 0.459433 0.0524058 -0.886665
v 0.565295 -3.99264 -0.23243
vn 0.30288 0.01451 -0.952918
v 0.384335 -4.03371 -0.216921
vn -0.478332 0.0293577 -0.877688
v 0.358239 -4.04878 -0.200323
vn -0.579827 -0.00285312 -0.814735
v 0.413191 -4.05359 -0.230343
vn -0.339844 -0.0165006 -0.940337
v 0.388528 -4.12059 -0.21588
vn -0.499044 -0.0842949 -0.862467
v 0.393879 -4.22093 -0.203651
vn -0.519407 -0.206279 -0.829256
v 0.41994 -4.14984 -0.226491
vn -0.3093 -0.0931327 -0.946393
v 0.550812 -4.06391 -0.234963
vn 0.2263 -0.0666325 -0.971776
v 0.461681 -4.14717 -0.235987
vn -0.117104 -0.0974375 -0.988328
v 0.530179 -4.21884 -0.22388
vn 0.163932 -0.122543 -0.978831
v 0.506653 -4.13805 -0.236474
vn 0.0990684 -0.103014 -0.989734
v 0.438533 -4.22037 -0.223338
vn -0.254589 -0.149351 -0.955447
v 0.481091 -4.22887 -0.227285
vn 0.00969227 -0.137932 -0.990394
v 0.467604 -4.26955 -0.219408
vn -0.164853 -0.233142 -0.958368
v 0.496454 -4.30389 -0.213451
vn 0.062058 -0.2147 -0.974707
v 0.524015 -4.28466 -0.214692
vn 0.24587 -0.204911 -0.947396
v 0.452974 -4.04324 -0.241529
vn -0.202992 -0.00303425 -0.979176
v 0.490783 -4.01465 -0.244833
vn -0.0142419 0.0356232 -0.999264
v 0.474421 -4.07197 -0.243701
vn -0.0232207 -0.0648369 -0.997626
v 0.513864 -4.06392 -0.24238
vn 0.122816 -0.0475276 -0.991291
v 0.620505 -4.077 -0.206054
vn 0.540952 -0.0316511 -0.840458
v 0.597566 -4.0321 -0.220072
vn 0.443375 -0.00657809 -0.896312
v 0.58871 -4.12001 -0.219555
vn 0.36984 -0.0585237 -0.92725
v 0.576612 -4.17155 -0.21881
vn 0.309693 -0.136369 -0.941007
v 0.616763 -4.1593 -0.201978
vn 0.486794 -0.106662 -0.86698
v -0.11473 1.03684 0.477402
vn -0.0944631 0.596661 0.796914
v -0.150621 1.00707 0.483327
vn -0.416077 0.344822 0.841414
v -0.159045 1.0294 0.465664
vn -0.526729 0.543653 0.653451
v -0.115182 1.0018 0.49534
vn -0.15205 0.263777 0.952524
v -0.0882254 1.01903 0.486252
vn 0.225415 0.455075 0.86145
v -0.134189 1.05256 0.455966
vn -0.241967 0.797606 0.552518
v -0.103959 1.05562 0.45625
vn 0.0777802 0.834455 0.54556
v -0.152509 1.05346 0.439444
vn -0.388893 0.858522 0.334218
v -0.189961 1.01099 0.443076
vn -0.790686 0.420951 0.444541
v -0.0712261 1.04185 0.462905
vn 0.48146 0.606873 0.632378
v -0.0352877 1.01126 0.450198
vn 0.792137 0.323702 0.517433
v -0.0961309 0.991817 0.496262
vn 0.139741 0.0995145 0.985175
v -0.171696 0.976154 0.475395
vn -0.617857 -0.0644692 0.783643
v -0.155046 0.978685 0.486627
vn -0.387519 0.0288965 0.921409
v -0.128694 0.962861 0.495708
vn -0.125858 -0.0756652 0.989158
v -0.182815 0.992116 0.46247
vn -0.730217 0.214026 0.648826
v -0.196977 0.986862 0.43871
vn -0.949389 0.0897382 0.301011
v -0.188774 0.961557 0.453633
vn -0.818886 -0.180995 0.544671
v -0.0675615 0.996945 0.485878
vn 0.473099 0.239325 0.847881
v -0.0475678 0.988774 0.473307
vn 0.606077 0.181316 0.774465
v -0.0330035 0.972416 0.459463
vn 0.830754 -0.139018 0.539001
v -0.172156 1.0431 0.431967
vn -0.699293 0.65596 0.28409
v -0.112062 1.06852 0.428023
vn -0.0618198 0.957958 0.280171
v -0.159676 1.05786 0.406617
vn -0.502543 0.861796 -0.0689854
v -0.131927 1.06879 0.404742
vn -0.227093 0.972864 0.0443313
v -0.0927256 1.07012 0.404108
vn 0.232643 0.971673 -0.0415734
v -0.193468 1.01939 0.416195
vn -0.878454 0.458171 0.135637
v -0.178848 1.04047 0.391912
vn -0.739795 0.65428 -0.156911
v -0.202236 0.999769 0.402171
vn -0.981437 0.18909 -0.0320236
v -0.0762091 1.05952 0.437409
vn 0.296254 0.898375 0.324278
v -0.0581062 1.05459 0.418049
vn 0.547543 0.822471 0.154074
v -0.0374778 1.03002 0.433614
vn 0.712449 0.599008 0.36552
v -0.0453888 1.04506 0.389362
vn 0.691334 0.696844 -0.19096
v -0.0326975 1.03232 0.411114
vn 0.79994 0.597174 0.058983
v -0.199438 0.958557 0.423235
vn -0.96471 -0.194832 0.177129
v -0.0188565 0.978993 0.425904
vn 0.959843 0.00542297 0.280484
v -0.0213379 1.00753 0.415767
vn 0.936202 0.306792 0.171475
v -0.016921 0.987829 0.401266
vn 0.994354 0.0812882 -0.0682069
v 0.0897205 1.0314 0.47887
vn -0.253761 0.624108 0.738982
v 0.116378 1.0505 0.464105
vn 0.0610833 0.768927 0.636412
v 0.129058 1.028 0.481777
vn 0.193895 0.543578 0.816656
v 0.0849252 1.06332 0.436505
vn -0.217276 0.879887 0.422598
v 0.0589647 1.03408 0.460769
vn -0.500941 0.659587 0.56036
v 0.0467434 1.01507 0.462861
vn -0.693294 0.417605 0.587324
v 0.061733 1.05333 0.431226
vn -0.508118 0.809156 0.295096
v 0.157589 1.03155 0.465352
vn 0.521922 0.538485 0.661537
v 0.152494 1.04666 0.452291
vn 0.463395 0.748831 0.473833
v 0.125397 1.06336 0.44031
vn 0.141148 0.9164 0.374551
v 0.18809 1.02163 0.435284
vn 0.800328 0.486281 0.350723
v 0.120243 1.00759 0.492917
vn -0.0287324 0.289775 0.956663
v 0.0717446 1.00704 0.485202
vn -0.334888 0.330534 0.882381
v 0.0459781 0.994863 0.472407
vn -0.6731 0.0867672 0.734444
v 0.0746351 0.981728 0.490972
vn -0.35101 0.0378361 0.935607
v 0.110947 0.976225 0.498775
vn 0.000324546 0.0415531 0.999136
v 0.0266246 0.986987 0.445715
vn -0.88953 0.0771023 0.450324
v 0.149597 1.00033 0.486775
vn 0.396332 0.20182 0.89565
v 0.128703 0.962861 0.495708
vn 0.186113 -0.258246 0.947983
v 0.175362 0.998815 0.469448
vn 0.641565 0.164079 0.749315
v 0.177544 0.960493 0.467263
vn 0.752465 -0.211092 0.623888
v 0.188253 1.00114 0.452445
vn 0.839336 0.174218 0.514939
v 0.0404307 1.03583 0.429588
vn -0.741217 0.589943 0.320257
v 0.0589844 1.05478 0.384366
vn -0.523009 0.832483 -0.182851
v 0.0791389 1.06636 0.408179
vn -0.329921 0.942919 0.0453379
v 0.115315 1.07153 0.411061
vn 0.0515924 0.996375 0.0676386
v 0.094567 1.06877 0.383877
vn -0.115008 0.976962 -0.179771
v 0.0362013 1.03654 0.400097
vn -0.757749 0.652498 0.00794717
v 0.147114 1.06221 0.420683
vn 0.377642 0.909986 0.17121
v 0.171889 1.04524 0.427085
vn 0.639404 0.731779 0.235927
v 0.162468 1.05586 0.397269
vn 0.591311 0.795101 -0.134784
v 0.184083 1.03629 0.399568
vn 0.813772 0.555629 -0.170441
v 0.0249675 1.0119 0.424787
vn -0.89189 0.363899 0.26853
v 0.0212076 1.00852 0.396823
vn -0.937297 0.321809 -0.133838
v 0.0165713 0.983886 0.411628
vn -0.984038 0.0973903 0.148943
v 0.201575 0.982257 0.426083
vn 0.965412 0.0851108 0.246447
v 0.198126 1.01016 0.413002
vn 0.953913 0.29177 0.0701458
v 0.203231 0.96996 0.398572
vn 0.996475 -0.0760677 -0.0353741
v -0.137592 0.945436 0.488269
vn -0.300664 -0.374992 0.876916
v -0.159022 0.940234 0.475918
vn -0.606607 -0.333078 0.721864
v -0.0884086 0.965191 0.494905
vn 0.306334 -0.0968536 0.946984
v -0.099903 0.943709 0.491563
vn 0.0603983 -0.366289 0.928539
v -0.151782 0.921873 0.467384
vn -0.375291 -0.629857 0.680027
v -0.106229 0.920104 0.478916
vn 0.0404319 -0.620366 0.783269
v -0.184013 0.936836 0.445433
vn -0.78866 -0.446412 0.422767
v -0.0549322 0.954553 0.477281
vn 0.586207 -0.205747 0.7836
v -0.0726195 0.93825 0.481021
vn 0.353316 -0.450753 0.81975
v -0.057119 0.920277 0.458627
vn 0.556785 -0.581696 0.592975
v -0.0273442 0.939971 0.430752
vn 0.870794 -0.332258 0.362385
v -0.172367 0.914338 0.437217
vn -0.660528 -0.667683 0.34337
v -0.104632 0.900788 0.459462
vn 0.0470021 -0.809795 0.584828
v -0.143333 0.900699 0.448155
vn -0.354143 -0.853049 0.383262
v -0.200907 0.956947 0.3912
vn -0.966052 -0.238011 -0.100466
v -0.188895 0.926757 0.404697
vn -0.861333 -0.501841 0.0791218
v -0.0432642 0.92007 0.438018
vn 0.723125 -0.628588 0.2863
v -0.0199767 0.950352 0.403666
vn 0.958404 -0.282216 -0.04261
v -0.0317918 0.925307 0.405699
vn 0.826256 -0.562924 0.0204413
v -0.0972522 0.888283 0.429127
vn 0.173995 -0.964942 0.1965
v -0.122622 0.887232 0.425194
vn -0.109759 -0.96084 0.254438
v -0.168191 0.903206 0.406668
vn -0.570836 -0.816924 0.0823475
v -0.155964 0.897743 0.38581
vn -0.520151 -0.827869 -0.209941
v -0.134405 0.887045 0.403159
vn -0.307711 -0.950665 0.0393744
v -0.105674 0.884979 0.394961
vn 0.0776942 -0.989044 -0.125524
v -0.0699414 0.898297 0.436998
vn 0.404235 -0.849271 0.339607
v -0.0489751 0.906794 0.412544
vn 0.638503 -0.759497 0.124413
v -0.066734 0.89452 0.398237
vn 0.404841 -0.911247 -0.0757184
v 0.0483836 0.954004 0.471441
vn -0.639998 -0.169384 0.749475
v 0.0872433 0.952086 0.4913
vn -0.23588 -0.265158 0.934908
v 0.0729142 0.932183 0.477726
vn -0.4188 -0.542479 0.728232
v 0.108696 0.924952 0.482306
vn -0.0232547 -0.493412 0.869485
v 0.089073 0.910033 0.465546
vn -0.143453 -0.763136 0.630115
v 0.0278133 0.957436 0.445097
vn -0.884138 -0.254098 0.392089
v 0.0451958 0.934083 0.456847
vn -0.689215 -0.476056 0.546217
v 0.154539 0.959095 0.485303
vn 0.513518 -0.0706239 0.855167
v 0.15418 0.938303 0.477716
vn 0.419652 -0.432972 0.797764
v 0.130664 0.915492 0.471523
vn 0.208512 -0.62984 0.748214
v 0.195218 0.955156 0.437506
vn 0.910771 -0.205564 0.358105
v 0.162826 0.921168 0.458459
vn 0.587967 -0.547853 0.595106
v 0.180921 0.925535 0.436821
vn 0.759736 -0.543918 0.356306
v 0.0510679 0.91324 0.439615
vn -0.564959 -0.702456 0.432871
v 0.0769952 0.898297 0.444091
vn -0.399188 -0.85657 0.327011
v 0.11869 0.89546 0.449873
vn 0.0832048 -0.852343 0.516322
v 0.150304 0.904419 0.447029
vn 0.436637 -0.782654 0.443623
v 0.0182077 0.960672 0.412605
vn -0.96796 -0.199085 0.153031
v 0.0369102 0.923389 0.427474
vn -0.807086 -0.525939 0.268327
v 0.0279646 0.932878 0.409539
vn -0.876821 -0.479047 0.0412144
v 0.016421 0.970351 0.393011
vn -0.975287 -0.0196316 -0.220068
v 0.194625 0.937589 0.408021
vn 0.91462 -0.400413 0.0560331
v 0.102459 0.886425 0.42765
vn -0.144945 -0.957885 0.247886
v 0.049595 0.904427 0.402687
vn -0.595799 -0.800701 0.062463
v 0.110987 0.884246 0.402314
vn 0.0449242 -0.997752 -0.0497258
v 0.0759495 0.891276 0.385045
vn -0.351272 -0.9313 -0.0963776
v 0.164902 0.902472 0.419256
vn 0.570843 -0.807338 0.149476
v 0.135225 0.889626 0.426054
vn 0.265878 -0.94376 0.196535
v 0.179717 0.914434 0.399436
vn 0.778993 -0.622801 -0.0727206
v 0.146603 0.89157 0.394164
vn 0.337595 -0.938952 -0.0663192
v -0.109157 1.06975 0.382686
vn -0.0103978 0.981837 -0.189439
v -0.131095 1.06307 0.369656
vn -0.303632 0.907622 -0.28988
v -0.18955 1.0179 0.370469
vn -0.858592 0.343538 -0.380527
v -0.151787 1.04687 0.352985
vn -0.398605 0.744761 -0.535206
v -0.105227 1.05954 0.355337
vn 0.00462302 0.827416 -0.56157
v -0.16813 1.02626 0.347294
vn -0.654746 0.471585 -0.590691
v -0.0653749 1.05609 0.377955
vn 0.444306 0.85252 -0.27532
v -0.0262811 1.01694 0.385504
vn 0.890319 0.414364 -0.188773
v -0.0401043 1.02133 0.358306
vn 0.763792 0.462885 -0.449844
v -0.0823232 1.048 0.346455
vn 0.312444 0.754767 -0.576807
v -0.0571186 1.03234 0.34581
vn 0.501902 0.559308 -0.659749
v -0.198623 0.973279 0.37175
vn -0.941338 0.0402628 -0.335055
v -0.184785 0.975995 0.347196
vn -0.78211 0.0910889 -0.616447
v -0.0197718 0.96375 0.381384
vn 0.934093 -0.215879 -0.28437
v -0.0248136 0.996022 0.368029
vn 0.92472 0.17259 -0.339273
v -0.0295857 0.973078 0.353906
vn 0.851576 -0.138633 -0.505568
v -0.135144 1.01037 0.317661
vn -0.249712 0.48545 -0.837844
v -0.101729 1.03215 0.326933
vn 0.0916011 0.575179 -0.812883
v -0.15855 1.00326 0.325651
vn -0.608666 0.183089 -0.772013
v -0.110738 0.998946 0.311046
vn 0.0566745 0.238817 -0.969409
v -0.165042 0.956394 0.329903
vn -0.595121 -0.224751 -0.771569
v -0.147721 0.973914 0.317019
vn -0.378672 -0.0484096 -0.924264
v -0.121305 0.973574 0.309815
vn -0.10541 -0.0577109 -0.992753
v -0.0839007 0.971062 0.312731
vn 0.265481 -0.0651784 -0.96191
v -0.0788471 1.00695 0.319302
vn 0.352553 0.322172 -0.878585
v -0.0459691 0.994863 0.335059
vn 0.627299 0.187226 -0.755938
v 0.041629 1.03536 0.372528
vn -0.735039 0.575636 -0.358275
v 0.0871883 1.05908 0.36177
vn -0.264946 0.85808 -0.439888
v 0.115195 1.06334 0.364125
vn 0.112193 0.890855 -0.440216
v 0.0752129 1.04302 0.344954
vn -0.412185 0.700926 -0.582071
v 0.105644 1.04702 0.339187
vn -0.0103053 0.672792 -0.73976
v 0.0535984 1.02619 0.345155
vn -0.634391 0.468428 -0.614917
v 0.142942 1.06407 0.383304
vn 0.319022 0.917576 -0.237232
v 0.167577 1.03234 0.350468
vn 0.703906 0.585672 -0.401876
v 0.147212 1.04153 0.343199
vn 0.330424 0.745251 -0.579155
v 0.178131 1.00453 0.344087
vn 0.762064 0.266232 -0.590236
v 0.0277897 0.999963 0.364928
vn -0.877892 0.243841 -0.412125
v 0.0301857 0.969089 0.355356
vn -0.866917 -0.127906 -0.481762
v 0.200311 1.00015 0.388383
vn 0.943939 0.275255 -0.182244
v 0.195417 0.989119 0.367191
vn 0.900278 0.24081 -0.362643
v 0.184721 0.973577 0.346051
vn 0.810331 -0.0836481 -0.579972
v 0.0866696 1.01862 0.32162
vn -0.203859 0.451702 -0.868566
v 0.137609 1.02942 0.329207
vn 0.207852 0.528089 -0.823359
v 0.0451781 0.989918 0.335899
vn -0.70982 0.113125 -0.69524
v 0.060317 1.00756 0.3287
vn -0.494409 0.310894 -0.811729
v 0.128983 1.005 0.315168
vn 0.115361 0.376336 -0.919273
v 0.0751193 0.983853 0.315831
vn -0.430414 0.074808 -0.899527
v 0.101342 0.989487 0.310425
vn -0.0814163 0.0812515 -0.993363
v 0.158532 1.01037 0.329029
vn 0.476824 0.324418 -0.816941
v 0.167351 0.983381 0.32832
vn 0.587277 -0.0322545 -0.808743
v 0.134851 0.978366 0.312223
vn 0.288581 0.0188679 -0.95727
v 0.148876 0.950325 0.322278
vn 0.423784 -0.309097 -0.851391
v -0.181616 0.921576 0.380764
vn -0.752871 -0.575955 -0.318529
v -0.188872 0.946859 0.361777
vn -0.777142 -0.386251 -0.49685
v -0.147353 0.923293 0.334803
vn -0.440702 -0.597784 -0.669654
v -0.0440283 0.915578 0.376898
vn 0.79225 -0.535222 -0.293048
v -0.0493954 0.933141 0.346501
vn 0.692671 -0.395494 -0.603151
v -0.159742 0.912174 0.358001
vn -0.548509 -0.706841 -0.44667
v -0.136044 0.892998 0.370025
vn -0.217209 -0.891344 -0.397903
v -0.095904 0.89042 0.369498
vn 0.105998 -0.935684 -0.336541
v -0.108247 0.900825 0.350094
vn -0.00231282 -0.830328 -0.55727
v -0.0588089 0.913134 0.357407
vn 0.531405 -0.736594 -0.418375
v -0.0762753 0.898984 0.365284
vn 0.324437 -0.86098 -0.391733
v -0.127371 0.943211 0.317937
vn -0.135508 -0.336215 -0.931986
v -0.109436 0.919187 0.329624
vn 0.0125049 -0.592801 -0.805252
v -0.0823567 0.943923 0.32053
vn 0.274663 -0.359418 -0.89184
v -0.0527413 0.962989 0.329686
vn 0.59207 -0.182068 -0.78505
v -0.0727077 0.923293 0.334803
vn 0.314219 -0.646922 -0.694808
v 0.0253127 0.94287 0.382257
vn -0.893925 -0.377777 -0.241209
v 0.0429906 0.929728 0.358451
vn -0.662298 -0.497963 -0.559815
v 0.0500902 0.954413 0.335005
vn -0.623818 -0.255106 -0.738763
v 0.196192 0.950766 0.374955
vn 0.870917 -0.372436 -0.320617
v 0.172957 0.938289 0.345342
vn 0.64507 -0.371474 -0.667751
v 0.163095 0.916254 0.355008
vn 0.578352 -0.661317 -0.47767
v 0.0484016 0.911131 0.377971
vn -0.668309 -0.684657 -0.290873
v 0.104529 0.888259 0.374901
vn -0.0749146 -0.934082 -0.34911
v 0.0806572 0.906083 0.349716
vn -0.376312 -0.74836 -0.546211
v 0.108256 0.90539 0.343519
vn -0.0108856 -0.764169 -0.644924
v 0.162647 0.903353 0.379907
vn 0.633794 -0.728701 -0.259421
v 0.13265 0.893383 0.368278
vn 0.247579 -0.881119 -0.402906
v 0.133119 0.91826 0.334564
vn 0.22821 -0.606239 -0.761836
v 0.0833216 0.931822 0.325843
vn -0.278114 -0.5275 -0.802743
v 0.0743892 0.960152 0.317989
vn -0.299473 -0.201395 -0.932607
v 0.114579 0.952207 0.312038
vn 0.0198463 -0.307818 -0.951238
f 1963//1963 1975//1975 1964//1964
f 1984//1984 1970//1970 1980//1980
f 31//31 51//51 52//52
f 51//51 33//33 36//36
f 110//110 119//119 118//118
f 305//305 293//293 299//299
f 2144//2144 2145//2145 2142//2142
f 2157//2157 2143//2143 2178//2178
f 2178//2178 2182//2182 2157//2157
f 2159//2159 2157//2157 2182//2182
f 2268//2268 2288//2288 2295//2295
f 2740//2740 2775//2775 2750//2750
f 593//593 625//625 634//634
f 682//682 680//680 681//681
f 593//593 634//634 622//622
f 5977//5977 5978//5978 5975//5975
f 6368//6368 2772//2772 6370//6370
f 4598//4598 4559//4559 4597//4597
f 4559//4559 4592//4592 4597//4597
f 4592//4592 4506//4506 4503//4503
f 3940//3940 3949//3949 3950//3950
f 3949//3949 3940//3940 3946//3946
f 555//555 594//594 599//599
f 554//554 555//555 499//499
f 176//176 174//174 528//528
f 48//48 53//53 54//54
f 48//48 54//54 47//47
f 129//129 130//130 47//47
f 531//531 528//528 168//168
f 599//599 623//623 600//600
f 3767//3767 738//738 635//635
f 3943//3943 3838//3838 3945//3945
f 3949//3949 4484//4484 3950//3950
f 4549//4549 4505//4505 4548//4548
f 4597//4597 4593//4593 4601//4601
f 4593//4593 4597//4597 4592//4592
f 4503//4503 4549//4549 4592//4592
f 3943//3943 3945//3945 3946//3946
f 3797//3797 3802//3802 3803//3803
f 3767//3767 3768//3768 3797//3797
f 555//555 554//554 594//594
f 498//498 554//554 499//499
f 163//163 169//169 174//174
f 164//164 170//170 163//163
f 165//165 164//164 131//131
f 165//165 131//131 132//132
f 131//131 129//129 132//132
f 50//50 55//55 49//49
f 55//55 56//56 49//49
f 53//53 49//49 56//56
f 47//47 123//123 129//129
f 170//170 164//164 165//165
f 174//174 169//169 528//528
f 635//635 623//623 599//599
f 3803//3803 3868//3868 3838//3838
f 3946//3946 3945//3945 3947//3947
f 3946//3946 4484//4484 3949//3949
f 4594//4594 4592//4592 4549//4549
f 4592//4592 4594//4594 4593//4593
f 4601//4601 4598//4598 4597//4597
f 4592//4592 4559//4559 4506//4506
f 4505//4505 4549//4549 4503//4503
f 4505//4505 4538//4538 4548//4548
f 3797//3797 3803//3803 3767//3767
f 600//600 555//555 599//599
f 533//533 532//532 556//556
f 722//722 718//718 749//749
f 727//727 711//711 731//731
f 310//310 309//309 308//308
f 283//283 228//228 310//310
f 296//296 316//316 230//230
f 292//292 293//293 294//294
f 950//950 1021//1021 1022//1022
f 1043//1043 1025//1025 1022//1022
f 1069//1069 1063//1063 1046//1046
f 1069//1069 4218//4218 4234//4234
f 4365//4365 4341//4341 4340//4340
f 4789//4789 4792//4792 4795//4795
f 4847//4847 4838//4838 4846//4846
f 4846//4846 4869//4869 4848//4848
f 4870//4870 4818//4818 4830//4830
f 4821//4821 4834//4834 4817//4817
f 4817//4817 4402//4402 4821//4821
f 6035//6035 4360//4360 4361//4361
f 2550//2550 6014//6014 6013//6013
f 2548//2548 6014//6014 2550//2550
f 2548//2548 2550//2550 2532//2532
f 2548//2548 2532//2532 2530//2530
f 2528//2528 2397//2397 2389//2389
f 2389//2389 2387//2387 2528//2528
f 2387//2387 2389//2389 2372//2372
f 2372//2372 2370//2370 2387//2387
f 2372//2372 1006//1006 2369//2369
f 2369//2369 2370//2370 2372//2372
f 1006//1006 2354//2354 2369//2369
f 1004//1004 2355//2355 2354//2354
f 405//405 2355//2355 1004//1004
f 1899//1899 396//396 397//397
f 1882//1882 329//329 1883//1883
f 1883//1883 1884//1884 1882//1882
f 1885//1885 1884//1884 1883//1883
f 2319//2319 982//982 2318//2318
f 2318//2318 982//982 2323//2323
f 2339//2339 2340//2340 2342//2342
f 2340//2340 2344//2344 2345//2345
f 2507//2507 2350//2350 2345//2345
f 2515//2515 2505//2505 2504//2504
f 6112//6112 6113//6113 6002//6002
f 6111//6111 6113//6113 6112//6112
f 6111//6111 6114//6114 6113//6113
f 6116//6116 6117//6117 6114//6114
f 6124//6124 6117//6117 6116//6116
f 6124//6124 6131//6131 6117//6117
f 6077//6077 6080//6080 6038//6038
f 2601//2601 2597//2597 2598//2598
f 2496//2496 2500//2500 2602//2602
f 2500//2500 2498//2498 2501//2501
f 2448//2448 2501//2501 2498//2498
f 2449//2449 2499//2499 2448//2448
f 2429//2429 2450//2450 2449//2449
f 2430//2430 2451//2451 2450//2450
f 2451//2451 2430//2430 2452//2452
f 2447//2447 2453//2453 2452//2452
f 2458//2458 2457//2457 2462//2462
f 2576//2576 2577//2577 2574//2574
f 2574//2574 2462//2462 2576//2576
f 2577//2577 2576//2576 2570//2570
f 2571//2571 2570//2570 2587//2587
f 2592//2592 6059//6059 6312//6312
f 6312//6312 6300//6300 2592//2592
f 6075//6075 6315//6315 6312//6312
f 6432//6432 6433//6433 6434//6434
f 6434//6434 6433//6433 6435//6435
f 6456//6456 6441//6441 6457//6457
f 6458//6458 6457//6457 6446//6446
f 6484//6484 6452//6452 6483//6483
f 6478//6478 6480//6480 6484//6484
f 6480//6480 6478//6478 6479//6479
f 6347//6347 6333//6333 6311//6311
f 6310//6310 6347//6347 6311//6311
f 2757//2757 2761//2761 2718//2718
f 2751//2751 2748//2748 2757//2757
f 2756//2756 2745//2745 2746//2746
f 2758//2758 2759//2759 2745//2745
f 2745//2745 2759//2759 2730//2730
f 2759//2759 2743//2743 2730//2730
f 2723//2723 2772//2772 2736//2736
f 2766//2766 2667//2667 2736//2736
f 2766//2766 2665//2665 2667//2667
f 2665//2665 2766//2766 2767//2767
f 2665//2665 2767//2767 2664//2664
f 2645//2645 2733//2733 2734//2734
f 2645//2645 2734//2734 2646//2646
f 2646//2646 2734//2734 2650//2650
f 2649//2649 2060//2060 2648//2648
f 2059//2059 2060//2060 2649//2649
f 2038//2038 2039//2039 2046//2046
f 2038//2038 2046//2046 2042//2042
f 2042//2042 2007//2007 2038//2038
f 2011//2011 2012//2012 1985//1985
f 1985//1985 2010//2010 2011//2011
f 1985//1985 2012//2012 1986//1986
f 1979//1979 1985//1985 1986//1986
f 1976//1976 1979//1979 1986//1986
f 1976//1976 1986//1986 1987//1987
f 1987//1987 1977//1977 1976//1976
f 1965//1965 1977//1977 1963//1963
f 1963//1963 1977//1977 1978//1978
f 1965//1965 1963//1963 1966//1966
f 1965//1965 1967//1967 1968//1968
f 1968//1968 1969//1969 1965//1965
f 1977//1977 1965//1965 1969//1969
f 1979//1979 1977//1977 1969//1969
f 1979//1979 1969//1969 1970//1970
f 1976//1976 1977//1977 1979//1979
f 1979//1979 1970//1970 1984//1984
f 2010//2010 1985//1985 1984//1984
f 1985//1985 1979//1979 1984//1984
f 2007//2007 2011//2011 2010//2010
f 2007//2007 2006//2006 2038//2038
f 2046//2046 2036//2036 2059//2059
f 2647//2647 2663//2663 2645//2645
f 2663//2663 2733//2733 2645//2645
f 2665//2665 2664//2664 2661//2661
f 2666//2666 2736//2736 2667//2667
f 2743//2743 2722//2722 2657//2657
f 2730//2730 2743//2743 2657//2657
f 2729//2729 2745//2745 2730//2730
f 2744//2744 2746//2746 2727//2727
f 2727//2727 2746//2746 2745//2745
f 2744//2744 2727//2727 2747//2747
f 2751//2751 2744//2744 2748//2748
f 2761//2761 2757//2757 2748//2748
f 2761//2761 6360//6360 2718//2718
f 6310//6310 6360//6360 6365//6365
f 6365//6365 6347//6347 6310//6310
f 6348//6348 6346//6346 6349//6349
f 6481//6481 6479//6479 6348//6348
f 6451//6451 6484//6484 6480//6480
f 6450//6450 6446//6446 6452//6452
f 6436//6436 6434//6434 6435//6435
f 6429//6429 6432//6432 6434//6434
f 6418//6418 6414//6414 6423//6423
f 6409//6409 6410//6410 6316//6316
f 6410//6410 6411//6411 6316//6316
f 2699//2699 2587//2587 2592//2592
f 2587//2587 2699//2699 2588//2588
f 2570//2570 2571//2571 2577//2577
f 2462//2462 2574//2574 2458//2458
f 2458//2458 2459//2459 2457//2457
f 2459//2459 2447//2447 2457//2457
f 2453//2453 2447//2447 2459//2459
f 2453//2453 2451//2451 2452//2452
f 2501//2501 2448//2448 2499//2499
f 2602//2602 2500//2500 2501//2501
f 2496//2496 2602//2602 2603//2603
f 2603//2603 2598//2598 2496//2496
f 2610//2610 2601//2601 2598//2598
f 2618//2618 2615//2615 2619//2619
f 6038//6038 6080//6080 6091//6091
f 6269//6269 6155//6155 6260//6260
f 6194//6194 6196//6196 6269//6269
f 6269//6269 6196//6196 6155//6155
f 6194//6194 6270//6270 6193//6193
f 6270//6270 6192//6192 6193//6193
f 2504//2504 2505//2505 2503//2503
f 2342//2342 2340//2340 2345//2345
f 2325//2325 2339//2339 2342//2342
f 1885//1885 2319//2319 1886//1886
f 1886//1886 2319//2319 2318//2318
f 1885//1885 1886//1886 1884//1884
f 1882//1882 1898//1898 1908//1908
f 1908//1908 1898//1898 401//401
f 1900//1900 397//397 401//401
f 396//396 1899//1899 405//405
f 2369//2369 2354//2354 2355//2355
f 6005//6005 6014//6014 2548//2548
f 4360//4360 6035//6035 6027//6027
f 4360//4360 4397//4397 4396//4396
f 4404//4404 4396//4396 4397//4397
f 4824//4824 4817//4817 4834//4834
f 4847//4847 4846//4846 4848//4848
f 4849//4849 4795//4795 4838//4838
f 4795//4795 4790//4790 4789//4789
f 4376//4376 4788//4788 4377//4377
f 4377//4377 4371//4371 4376//4376
f 4334//4334 4339//4339 4340//4340
f 4334//4334 4273//4273 4339//4339
f 4234//4234 4224//4224 1069//1069
f 1044//1044 1025//1025 1046//1046
f 950//950 1022//1022 952//952
f 297//297 230//230 228//228
f 309//309 310//310 228//228
f 292//292 294//294 953//953
f 953//953 295//295 292//292
f 952//952 1022//1022 1025//1025
f 1070//1070 1069//1069 4224//4224
f 4224//4224 4234//4234 4235//4235
f 4348//4348 4341//4341 4365//4365
f 4365//4365 4371//4371 4348//4348
f 4790//4790 4788//4788 4789//4789
f 4795//4795 4794//4794 4790//4790
f 4838//4838 4847//4847 4849//4849
f 4848//4848 4850//4850 4847//4847
f 4848//4848 4851//4851 4850//4850
f 4870//4870 4851//4851 4848//4848
f 4870//4870 4871//4871 4851//4851
f 4871//4871 4870//4870 4830//4830
f 4827//4827 4871//4871 4830//4830
f 4360//4360 6027//6027 4362//4362
f 1899//1899 397//397 1900//1900
f 1898//1898 1900//1900 401//401
f 1898//1898 1901//1901 1900//1900
f 1898//1898 1882//1882 1881//1881
f 1881//1881 1901//1901 1898//1898
f 1881//1881 1882//1882 1884//1884
f 1886//1886 1887//1887 1884//1884
f 2320//2320 1886//1886 2318//2318
f 2318//2318 2323//2323 2326//2326
f 2326//2326 2323//2323 2325//2325
f 2326//2326 2325//2325 2327//2327
f 2325//2325 2342//2342 2327//2327
f 2342//2342 2345//2345 2346//2346
f 2345//2345 2350//2350 2346//2346
f 5982//5982 5986//5986 2518//2518
f 5986//5986 2524//2524 2518//2518
f 5987//5987 5986//5986 5985//5985
f 5997//5997 5990//5990 5985//5985
f 5997//5997 6000//6000 5991//5991
f 6000//6000 6001//6001 5991//5991
f 6000//6000 6002//6002 6001//6001
f 6001//6001 6002//6002 6113//6113
f 6114//6114 6004//6004 6113//6113
f 6208//6208 6132//6132 6133//6133
f 6133//6133 6192//6192 6210//6210
f 6210//6210 6192//6192 6270//6270
f 6194//6194 6266//6266 6270//6270
f 6266//6266 6194//6194 6269//6269
f 6262//6262 6261//6261 6260//6260
f 6080//6080 6077//6077 2618//2618
f 2620//2620 2619//2619 2616//2616
f 2616//2616 2622//2622 2620//2620
f 2601//2601 2622//2622 2616//2616
f 2622//2622 2601//2601 2610//2610
f 2598//2598 2603//2603 2610//2610
f 2603//2603 2602//2602 2605//2605
f 2605//2605 2604//2604 2603//2603
f 2605//2605 2602//2602 2501//2501
f 2605//2605 2501//2501 2499//2499
f 2499//2499 2449//2449 2468//2468
f 2449//2449 2450//2450 2468//2468
f 2465//2465 2450//2450 2451//2451
f 2466//2466 2451//2451 2453//2453
f 2458//2458 2460//2460 2459//2459
f 2575//2575 2458//2458 2574//2574
f 2587//2587 2588//2588 2571//2571
f 2687//2687 2571//2571 2588//2588
f 6315//6315 6313//6313 6301//6301
f 6301//6301 6312//6312 6315//6315
f 6409//6409 6316//6316 6313//6313
f 6434//6434 6436//6436 6429//6429
f 6435//6435 6437//6437 6436//6436
f 6438//6438 6459//6459 6437//6437
f 6456//6456 6459//6459 6438//6438
f 6459//6459 6457//6457 6460//6460
f 6446//6446 6445//6445 6458//6458
f 6479//6479 6482//6482 6480//6480
f 6481//6481 6348//6348 6350//6350
f 6349//6349 6350//6350 6348//6348
f 6346//6346 6347//6347 6349//6349
f 6360//6360 6361//6361 6365//6365
f 6360//6360 2761//2761 6361//6361
f 2748//2748 2762//2762 2761//2761
f 2748//2748 2747//2747 2731//2731
f 2747//2747 2748//2748 2744//2744
f 2729//2729 2728//2728 2727//2727
f 2729//2729 2730//2730 2728//2728
f 2722//2722 2723//2723 2657//2657
f 2736//2736 2666//2666 2723//2723
f 2641//2641 2723//2723 2666//2666
f 2639//2639 2667//2667 2665//2665
f 2661//2661 2639//2639 2665//2665
f 2664//2664 2640//2640 2661//2661
f 2663//2663 2640//2640 2664//2664
f 2663//2663 2647//2647 2640//2640
f 2638//2638 2647//2647 2645//2645
f 2638//2638 2645//2645 2646//2646
f 2637//2637 2646//2646 2636//2636
f 2060//2060 2054//2054 2636//2636
f 2036//2036 2054//2054 2060//2060
f 2036//2036 2060//2060 2059//2059
f 2036//2036 2046//2046 2039//2039
f 2019//2019 2028//2028 2039//2039
f 2019//2019 2039//2039 2038//2038
f 2006//2006 2019//2019 2038//2038
f 2007//2007 1992//1992 2006//2006
f 1992//1992 2010//2010 1980//1980
f 1980//1980 2010//2010 1984//1984
f 1992//1992 1991//1991 2006//2006
f 1991//1991 2019//2019 2006//2006
f 2028//2028 2036//2036 2039//2039
f 2054//2054 2036//2036 2027//2027
f 2027//2027 2051//2051 2054//2054
f 2637//2637 2636//2636 2051//2051
f 2051//2051 2636//2636 2054//2054
f 2637//2637 2056//2056 2638//2638
f 2646//2646 2637//2637 2638//2638
f 2057//2057 2647//2647 2638//2638
f 2057//2057 2640//2640 2647//2647
f 2639//2639 2661//2661 2640//2640
f 2639//2639 2058//2058 2641//2641
f 2667//2667 2639//2639 2641//2641
f 2641//2641 2666//2666 2667//2667
f 2723//2723 2641//2641 2662//2662
f 2662//2662 2657//2657 2723//2723
f 2657//2657 2659//2659 2730//2730
f 2659//2659 2728//2728 2730//2730
f 2658//2658 2727//2727 2728//2728
f 2731//2731 2747//2747 2727//2727
f 2762//2762 2748//2748 2731//2731
f 6361//6361 2761//2761 2762//2762
f 6482//6482 6479//6479 6481//6481
f 6480//6480 6482//6482 6451//6451
f 6451//6451 6450//6450 6452//6452
f 6457//6457 6458//6458 6460//6460
f 6437//6437 6442//6442 6436//6436
f 6420//6420 6429//6429 6436//6436
f 6412//6412 6423//6423 6414//6414
f 6412//6412 6414//6414 6317//6317
f 6412//6412 6317//6317 6316//6316
f 6298//6298 2592//2592 6300//6300
f 2688//2688 2577//2577 2687//2687
f 2687//2687 2577//2577 2571//2571
f 2675//2675 2574//2574 2577//2577
f 2467//2467 2453//2453 2460//2460
f 2453//2453 2459//2459 2460//2460
f 2466//2466 2453//2453 2467//2467
f 2451//2451 2466//2466 2465//2465
f 2464//2464 2450//2450 2465//2465
f 2450//2450 2464//2464 2468//2468
f 2607//2607 2499//2499 2468//2468
f 2606//2606 2605//2605 2499//2499
f 2604//2604 2605//2605 2606//2606
f 2609//2609 2603//2603 2604//2604
f 2609//2609 2621//2621 2610//2610
f 2610//2610 2603//2603 2609//2609
f 2610//2610 2623//2623 2622//2622
f 6079//6079 2618//2618 2619//2619
f 6080//6080 2618//2618 6081//6081
f 6080//6080 6081//6081 6091//6091
f 6261//6261 6262//6262 6092//6092
f 6266//6266 6215//6215 6270//6270
f 6118//6118 6131//6131 6132//6132
f 6118//6118 6115//6115 6117//6117
f 6115//6115 6114//6114 6117//6117
f 6004//6004 6114//6114 6115//6115
f 6001//6001 6113//6113 6004//6004
f 5990//5990 5997//5997 5991//5991
f 2503//2503 2505//2505 2350//2350
f 2320//2320 2318//2318 2321//2321
f 2321//2321 2318//2318 2326//2326
f 1887//1887 1886//1886 1888//1888
f 1888//1888 1886//1886 2320//2320
f 1884//1884 1887//1887 1881//1881
f 1902//1902 1899//1899 1900//1900
f 1899//1899 1903//1903 405//405
f 2356//2356 2369//2369 2355//2355
f 2370//2370 2371//2371 2387//2387
f 2537//2537 2548//2548 2397//2397
f 6005//6005 2548//2548 2537//2537
f 6013//6013 6135//6135 6027//6027
f 4402//4402 4404//4404 4397//4397
f 4828//4828 4824//4824 4834//4834
f 4828//4828 4871//4871 4827//4827
f 4847//4847 4850//4850 4852//4852
f 4847//4847 4852//4852 4849//4849
f 4840//4840 4794//4794 4849//4849
f 4795//4795 4849//4849 4794//4794
f 4788//4788 4790//4790 4377//4377
f 4377//4377 4348//4348 4371//4371
f 4239//4239 4238//4238 4334//4334
f 4238//4238 4228//4228 4235//4235
f 4235//4235 4228//4228 4224//4224
f 1069//1069 1070//1070 1063//1063
f 934//934 947//947 948//948
f 948//948 947//947 950//950
f 930//930 934//934 933//933
f 316//316 296//296 292//292
f 313//313 228//228 229//229
f 309//309 228//228 313//313
f 239//239 292//292 295//295
f 318//318 295//295 953//953
f 929//929 318//318 953//953
f 930//930 933//933 929//929
f 954//954 929//929 933//933
f 1044//1044 1046//1046 1063//1063
f 4224//4224 1071//1071 1064//1064
f 4228//4228 1071//1071 4224//4224
f 4335//4335 4340//4340 4341//4341
f 4341//4341 4348//4348 4347//4347
f 4349//4349 4347//4347 4377//4377
f 4790//4790 4805//4805 4791//4791
f 4790//4790 4794//4794 4805//4805
f 4794//4794 4839//4839 4805//4805
f 4794//4794 4840//4840 4839//4839
f 4850//4850 4866//4866 4852//4852
f 4850//4850 4867//4867 4866//4866
f 4871//4871 4859//4859 4853//4853
f 4859//4859 4871//4871 4828//4828
f 4398//4398 4402//4402 4397//4397
f 4821//4821 4402//4402 4822//4822
f 4821//4821 4835//4835 4834//4834
f 4828//4828 4834//4834 4862//4862
f 4862//4862 4859//4859 4828//4828
f 4853//4853 4859//4859 4860//4860
f 4860//4860 4867//4867 4853//4853
f 4867//4867 4860//4860 4868//4868
f 4867//4867 4868//4868 4866//4866
f 4852//4852 4866//4866 4841//4841
f 4841//4841 4840//4840 4852//4852
f 4349//4349 4377//4377 4791//4791
f 4336//4336 4341//4341 4347//4347
f 4335//4335 4341//4341 4336//4336
f 4239//4239 4226//4226 4228//4228
f 1070//1070 1064//1064 1063//1063
f 1063//1063 1053//1053 1044//1044
f 1044//1044 1026//1026 1025//1025
f 1025//1025 1026//1026 1023//1023
f 950//950 952//952 948//948
f 934//934 935//935 933//933
f 929//929 320//320 318//318
f 292//292 239//239 233//233
f 316//316 292//292 233//233
f 230//230 231//231 229//229
f 231//231 316//316 232//232
f 232//232 316//316 233//233
f 954//954 322//322 929//929
f 948//948 935//935 934//934
f 1064//1064 1065//1065 1053//1053
f 4228//4228 1073//1073 1071//1071
f 4241//4241 4239//4239 4335//4335
f 4241//4241 4335//4335 4336//4336
f 4771//4771 4805//4805 4806//4806
f 4806//4806 4805//4805 4839//4839
f 4839//4839 4842//4842 4806//4806
f 4841//4841 4842//4842 4839//4839
f 4841//4841 4843//4843 4842//4842
f 4841//4841 4844//4844 4843//4843
f 4866//4866 4844//4844 4841//4841
f 4866//4866 4854//4854 4844//4844
f 4868//4868 4854//4854 4866//4866
f 4860//4860 4862//4862 4861//4861
f 4859//4859 4862//4862 4860//4860
f 4822//4822 4402//4402 4398//4398
f 6026//6026 6013//6013 6014//6014
f 2371//2371 2388//2388 2387//2387
f 2356//2356 2355//2355 1911//1911
f 1911//1911 2355//2355 1909//1909
f 405//405 1903//1903 1909//1909
f 1900//1900 1904//1904 1902//1902
f 1901//1901 1904//1904 1900//1900
f 1901//1901 1889//1889 1904//1904
f 1901//1901 1881//1881 1889//1889
f 1889//1889 1881//1881 1887//1887
f 1891//1891 1890//1890 1887//1887
f 2320//2320 2322//2322 1888//1888
f 2321//2321 2322//2322 2320//2320
f 2327//2327 2334//2334 2326//2326
f 2350//2350 2347//2347 2346//2346
f 2347//2347 2350//2350 2351//2351
f 2350//2350 2509//2509 2351//2351
f 2505//2505 2509//2509 2350//2350
f 2515//2515 2521//2521 2512//2512
f 6004//6004 6003//6003 6001//6001
f 6118//6118 6132//6132 6209//6209
f 6209//6209 6132//6132 6208//6208
f 6133//6133 6210//6210 6208//6208
f 6270//6270 6215//6215 6210//6210
f 6260//6260 6263//6263 6269//6269
f 6263//6263 6266//6266 6269//6269
f 6264//6264 6261//6261 6092//6092
f 6091//6091 6081//6081 6092//6092
f 6081//6081 2618//2618 6079//6079
f 6082//6082 6081//6081 6079//6079
f 6083//6083 6079//6079 2620//2620
f 2627//2627 2620//2620 2623//2623
f 2609//2609 2604//2604 2606//2606
f 2468//2468 2502//2502 2607//2607
f 2469//2469 2502//2502 2468//2468
f 2469//2469 2468//2468 2464//2464
f 2469//2469 2464//2464 2470//2470
f 2470//2470 2464//2464 2465//2465
f 2465//2465 2471//2471 2470//2470
f 2471//2471 2465//2465 2466//2466
f 2575//2575 2574//2574 2675//2675
f 2592//2592 6298//6298 2699//2699
f 6314//6314 6313//6313 6316//6316
f 6437//6437 6455//6455 6442//6442
f 6461//6461 6455//6455 6459//6459
f 6459//6459 6460//6460 6461//6461
f 6463//6463 6460//6460 6458//6458
f 6445//6445 6454//6454 6458//6458
f 6482//6482 6453//6453 6451//6451
f 6482//6482 6506//6506 6453//6453
f 6349//6349 6347//6347 6392//6392
f 6392//6392 6365//6365 6366//6366
f 6366//6366 6365//6365 6361//6361
f 6366//6366 6361//6361 6362//6362
f 6361//6361 2763//2763 6362//6362
f 6361//6361 2762//2762 2763//2763
f 2762//2762 2749//2749 2763//2763
f 2749//2749 2762//2762 2731//2731
f 2731//2731 2724//2724 2725//2725
f 2731//2731 2727//2727 2724//2724
f 2724//2724 2727//2727 2658//2658
f 2657//2657 2642//2642 2659//2659
f 2642//2642 2657//2657 2662//2662
f 2662//2662 2643//2643 2642//2642
f 2662//2662 2641//2641 2643//2643
f 2052//2052 2640//2640 2057//2057
f 2051//2051 2031//2031 2056//2056
f 2051//2051 2022//2022 2023//2023
f 2027//2027 2022//2022 2051//2051
f 2019//2019 1991//1991 2028//2028
f 2027//2027 2028//2028 1991//1991
f 1991//1991 2022//2022 2027//2027
f 2051//2051 2023//2023 2031//2031
f 2031//2031 2033//2033 2057//2057
f 2057//2057 2056//2056 2031//2031
f 2033//2033 2052//2052 2057//2057
f 2058//2058 2639//2639 2052//2052
f 2052//2052 2639//2639 2640//2640
f 2058//2058 2053//2053 2641//2641
f 2053//2053 2643//2643 2641//2641
f 2644//2644 2659//2659 2642//2642
f 2659//2659 2644//2644 2634//2634
f 2634//2634 2658//2658 2659//2659
f 2726//2726 2732//2732 2725//2725
f 2731//2731 2725//2725 2732//2732
f 2731//2731 2732//2732 2749//2749
f 6367//6367 6366//6366 6362//6362
f 6397//6397 6349//6349 6392//6392
f 6349//6349 6397//6397 6350//6350
f 6350//6350 6506//6506 6481//6481
f 6482//6482 6481//6481 6506//6506
f 6451//6451 6453//6453 6450//6450
f 6465//6465 6460//6460 6463//6463
f 6465//6465 6461//6461 6460//6460
f 6447//6447 6442//6442 6455//6455
f 6443//6443 6436//6436 6442//6442
f 6420//6420 6436//6436 6443//6443
f 6420//6420 6443//6443 6419//6419
f 6420//6420 6419//6419 6414//6414
f 6414//6414 6418//6418 6420//6420
f 6314//6314 6316//6316 6317//6317
f 2461//2461 2575//2575 2675//2675
f 2631//2631 2460//2460 2461//2461
f 2467//2467 2460//2460 2631//2631
f 2611//2611 2609//2609 2606//2606
f 2620//2620 2627//2627 6083//6083
f 6086//6086 6082//6082 6079//6079
f 6093//6093 6092//6092 6081//6081
f 6264//6264 6263//6263 6261//6261
f 6265//6265 6266//6266 6263//6263
f 6118//6118 6209//6209 6202//6202
f 6202//6202 6201//6201 6118//6118
f 6115//6115 6118//6118 6201//6201
f 6001//6001 6003//6003 5992//5992
f 5992//5992 5991//5991 6001//6001
f 5992//5992 5988//5988 5991//5991
f 5991//5991 5988//5988 5990//5990
f 5990//5990 5988//5988 5987//5987
f 2525//2525 2524//2524 5987//5987
f 2524//2524 2525//2525 2522//2522
f 2522//2522 2521//2521 2524//2524
f 2521//2521 2522//2522 2512//2512
f 2509//2509 2505//2505 2512//2512
f 2334//2334 2327//2327 2348//2348
f 2348//2348 2327//2327 2346//2346
f 2321//2321 2326//2326 2335//2335
f 2335//2335 2326//2326 2334//2334
f 2322//2322 2328//2328 1888//1888
f 1888//1888 2328//2328 1891//1891
f 1889//1889 1887//1887 1890//1890
f 1905//1905 1903//1903 1902//1902
f 1911//1911 1909//1909 1910//1910
f 1910//1910 1909//1909 1903//1903
f 2356//2356 1911//1911 2357//2357
f 2371//2371 2370//2370 2357//2357
f 2357//2357 2370//2370 2356//2356
f 2387//2387 2388//2388 2396//2396
f 2537//2537 2397//2397 2528//2528
f 6013//6013 6026//6026 6135//6135
f 4862//4862 4836//4836 4812//4812
f 4863//4863 4860//4860 4861//4861
f 4854//4854 4868//4868 4863//4863
f 4863//4863 4868//4868 4860//4860
f 4855//4855 4844//4844 4854//4854
f 4842//4842 4781//4781 4806//4806
f 4780//4780 4771//4771 4806//4806
f 4771//4771 4772//4772 4349//4349
f 4354//4354 4347//4347 4349//4349
f 4336//4336 4347//4347 4354//4354
f 4337//4337 4241//4241 4336//4336
f 4226//4226 4225//4225 4228//4228
f 4225//4225 1073//1073 4228//4228
f 1065//1065 1064//1064 1067//1067
f 1067//1067 1064//1064 1071//1071
f 1048//1048 1044//1044 1053//1053
f 1044//1044 1048//1048 1026//1026
f 948//948 952//952 949//949
f 929//929 322//322 320//320
f 318//318 240//240 295//295
f 954//954 955//955 322//322
f 948//948 937//937 935//935
f 1026//1026 988//988 1023//1023
f 1026//1026 1048//1048 988//988
f 1053//1053 1054//1054 1048//1048
f 1054//1054 1053//1053 1065//1065
f 1067//1067 1071//1071 1073//1073
f 4337//4337 4336//4336 4355//4355
f 4355//4355 4336//4336 4354//4354
f 4355//4355 4354//4354 4773//4773
f 4349//4349 4772//4772 4773//4773
f 4842//4842 4782//4782 4781//4781
f 4843//4843 4782//4782 4842//4842
f 4854//4854 4856//4856 4855//4855
f 4856//4856 4854//4854 4863//4863
f 4861//4861 4864//4864 4863//4863
f 4861//4861 4812//4812 4864//4864
f 4836//4836 4813//4813 4812//4812
f 4836//4836 4823//4823 4813//4813
f 4835//4835 4823//4823 4836//4836
f 4835//4835 4822//4822 4823//4823
f 4362//4362 6182//6182 4397//4397
f 6135//6135 6026//6026 4362//4362
f 6142//6142 4362//4362 6026//6026
f 2396//2396 2529//2529 2528//2528
f 2357//2357 2367//2367 2371//2371
f 1911//1911 1912//1912 2357//2357
f 1912//1912 1911//1911 1910//1910
f 1913//1913 1910//1910 1905//1905
f 1902//1902 1904//1904 1905//1905
f 1904//1904 1906//1906 1905//1905
f 1890//1890 1892//1892 1889//1889
f 2322//2322 2321//2321 2335//2335
f 2335//2335 2334//2334 2336//2336
f 2336//2336 2334//2334 2348//2348
f 2347//2347 2352//2352 2348//2348
f 2351//2351 2352//2352 2347//2347
f 2510//2510 2509//2509 2511//2511
f 2525//2525 5987//5987 2526//2526
f 2526//2526 5987//5987 5988//5988
f 5988//5988 5989//5989 2526//2526
f 5988//5988 5993//5993 5989//5989
f 5992//5992 5993//5993 5988//5988
f 6003//6003 6004//6004 6115//6115
f 6209//6209 6204//6204 6202//6202
f 6211//6211 6208//6208 6210//6210
f 6266//6266 6265//6265 6215//6215
f 6093//6093 6094//6094 6264//6264
f 6094//6094 6093//6093 6081//6081
f 6094//6094 6081//6081 6082//6082
f 6082//6082 6095//6095 6094//6094
f 6086//6086 6095//6095 6082//6082
f 6086//6086 6079//6079 6083//6083
f 2627//2627 6087//6087 6083//6083
f 2627//2627 2623//2623 2621//2621
f 2628//2628 2627//2627 2621//2621
f 2621//2621 2624//2624 2628//2628
f 2624//2624 2621//2621 2609//2609
f 2609//2609 2611//2611 2624//2624
f 2608//2608 2612//2612 2611//2611
f 2608//2608 2606//2606 2607//2607
f 2607//2607 2502//2502 2608//2608
f 2681//2681 2502//2502 2469//2469
f 2682//2682 2469//2469 2470//2470
f 2467//2467 2632//2632 2466//2466
f 2631//2631 2632//2632 2467//2467
f 2631//2631 2633//2633 2632//2632
f 2631//2631 2461//2461 2676//2676
f 2676//2676 2633//2633 2631//2631
f 2676//2676 2461//2461 2675//2675
f 2676//2676 2675//2675 2677//2677
f 2675//2675 2689//2689 2677//2677
f 2687//2687 2698//2698 2689//2689
f 2588//2588 2698//2698 2687//2687
f 2698//2698 2588//2588 2699//2699
f 6298//6298 6299//6299 2699//2699
f 6313//6313 6314//6314 6301//6301
f 6414//6414 6323//6323 6317//6317
f 6419//6419 6415//6415 6323//6323
f 6444//6444 6443//6443 6442//6442
f 6461//6461 6462//6462 6455//6455
f 6465//6465 6462//6462 6461//6461
f 6463//6463 6466//6466 6465//6465
f 6450//6450 6454//6454 6445//6445
f 6400//6400 6506//6506 6350//6350
f 6350//6350 6397//6397 6400//6400
f 6392//6392 6366//6366 6397//6397
f 6393//6393 6397//6397 6366//6366
f 2764//2764 2763//2763 2750//2750
f 2749//2749 2740//2740 2750//2750
f 2732//2732 2740//2740 2749//2749
f 2725//2725 2655//2655 2660//2660
f 2724//2724 2655//2655 2725//2725
f 2635//2635 2658//2658 2634//2634
f 2642//2642 2061//2061 2644//2644
f 2643//2643 2061//2061 2642//2642
f 2053//2053 2058//2058 2032//2032
f 2052//2052 2025//2025 2032//2032
f 2025//2025 2033//2033 2024//2024
f 2031//2031 2001//2001 2024//2024
f 2001//2001 2023//2023 1994//1994
f 2023//2023 1993//1993 1994//1994
f 1991//1991 1992//1992 1956//1956
f 1957//1957 1993//1993 1956//1956
f 1991//1991 1956//1956 1993//1993
f 1994//1994 1993//1993 1957//1957
f 1994//1994 1957//1957 1995//1995
f 1995//1995 1997//1997 1994//1994
f 1997//1997 2001//2001 1994//1994
f 1990//1990 2024//2024 1997//1997
f 1997//1997 2024//2024 2001//2001
f 1990//1990 1996//1996 2025//2025
f 1990//1990 2025//2025 2024//2024
f 2032//2032 2025//2025 2026//2026
f 2026//2026 2034//2034 2032//2032
f 2034//2034 2053//2053 2032//2032
f 2037//2037 2053//2053 2034//2034
f 2061//2061 2643//2643 2037//2037
f 2037//2037 2643//2643 2053//2053
f 2061//2061 2037//2037 2055//2055
f 2644//2644 2061//2061 2062//2062
f 2655//2655 2658//2658 2635//2635
f 2725//2725 2660//2660 2726//2726
f 2775//2775 2765//2765 2750//2750
f 2764//2764 2750//2750 6363//6363
f 2764//2764 6363//6363 6364//6364
f 6367//6367 2764//2764 6364//6364
f 6362//6362 2764//2764 6367//6367
f 6366//6366 6367//6367 6393//6393
f 6398//6398 6397//6397 6393//6393
f 6502//6502 6506//6506 6400//6400
f 6453//6453 6506//6506 6502//6502
f 6450//6450 6453//6453 6454//6454
f 6447//6447 6455//6455 6462//6462
f 6415//6415 6419//6419 6443//6443
f 6317//6317 6318//6318 6314//6314
f 6298//6298 6300//6300 6301//6301
f 2699//2699 6299//6299 2698//2698
f 2698//2698 2693//2693 2689//2689
f 2633//2633 2678//2678 2632//2632
f 2632//2632 2471//2471 2466//2466
f 2471//2471 2683//2683 2470//2470
f 2469//2469 2682//2682 2681//2681
f 2502//2502 2613//2613 2608//2608
f 2612//2612 2608//2608 2626//2626
f 2625//2625 2611//2611 2612//2612
f 6083//6083 6087//6087 6096//6096
f 6086//6086 6083//6083 6096//6096
f 6096//6096 6095//6095 6086//6086
f 6094//6094 6267//6267 6264//6264
f 6264//6264 6267//6267 6265//6265
f 6211//6211 6215//6215 6216//6216
f 6216//6216 6215//6215 6265//6265
f 6209//6209 6208//6208 6205//6205
f 6205//6205 6208//6208 6211//6211
f 6065//6065 6115//6115 6201//6201
f 6003//6003 6115//6115 6065//6065
f 5992//5992 6003//6003 5993//5993
f 2527//2527 2525//2525 2526//2526
f 2513//2513 2522//2522 2525//2525
f 2511//2511 2512//2512 2522//2522
f 2352//2352 2351//2351 2510//2510
f 1889//1889 1892//1892 1907//1907
f 1912//1912 1910//1910 1913//1913
f 2401//2401 2396//2396 2388//2388
f 2528//2528 2529//2529 2536//2536
f 2528//2528 2536//2536 2537//2537
f 6005//6005 6006//6006 6014//6014
f 6026//6026 6136//6136 6142//6142
f 4397//4397 4403//4403 4398//4398
f 4403//4403 4822//4822 4398//4398
f 4822//4822 4403//4403 6586//6586
f 6586//6586 4823//4823 4822//4822
f 4812//4812 4813//4813 4864//4864
f 4864//4864 4865//4865 4863//4863
f 4863//4863 4865//4865 4856//4856
f 4855//4855 4857//4857 4845//4845
f 4845//4845 4857//4857 4784//4784
f 4784//4784 4843//4843 4845//4845
f 4784//4784 4782//4782 4843//4843
f 4773//4773 4772//4772 4780//4780
f 4240//4240 4237//4237 4241//4241
f 4226//4226 4237//4237 4236//4236
f 1066//1066 1065//1065 1067//1067
f 1065//1065 1066//1066 1049//1049
f 1065//1065 1049//1049 1054//1054
f 1023//1023 988//988 949//949
f 937//937 948//948 949//949
f 933//933 935//935 936//936
f 933//933 936//936 954//954
f 319//319 318//318 320//320
f 236//236 229//229 231//231
f 234//234 236//236 231//231
f 240//240 248//248 233//233
f 240//240 233//233 239//239
f 318//318 319//319 240//240
f 1048//1048 989//989 988//988
f 1054//1054 1049//1049 1048//1048
f 4226//4226 4227//4227 4225//4225
f 4236//4236 4227//4227 4226//4226
f 4237//4237 4240//4240 4236//4236
f 4241//4241 4338//4338 4240//4240
f 4355//4355 4338//4338 4337//4337
f 4355//4355 4351//4351 4338//4338
f 4773//4773 4774//4774 4355//4355
f 4774//4774 4773//4773 4780//4780
f 4774//4774 4780//4780 4781//4781
f 4774//4774 4781//4781 4783//4783
f 4783//4783 4781//4781 4782//4782
f 4783//4783 4782//4782 4784//4784
f 4857//4857 4855//4855 4858//4858
f 4858//4858 4855//4855 4856//4856
f 4809//4809 4856//4856 4865//4865
f 4864//4864 4807//4807 4865//4865
f 4864//4864 4814//4814 4807//4807
f 4814//4814 4864//4864 4813//4813
f 4813//4813 4837//4837 4814//4814
f 4837//4837 4813//4813 4823//4823
f 4837//4837 4823//4823 6586//6586
f 6142//6142 6182//6182 4362//4362
f 6026//6026 6033//6033 6136//6136
f 2537//2537 6006//6006 6005//6005
f 2371//2371 2381//2381 2388//2388
f 2367//2367 2381//2381 2371//2371
f 2367//2367 2357//2357 2358//2358
f 2358//2358 2357//2357 1912//1912
f 1912//1912 1914//1914 2358//2358
f 1914//1914 1912//1912 1913//1913
f 1905//1905 1906//1906 1913//1913
f 1933//1933 1913//1913 1906//1906
f 1904//1904 1926//1926 1906//1906
f 1892//1892 1890//1890 1893//1893
f 1890//1890 1891//1891 2328//2328
f 2322//2322 2329//2329 2328//2328
f 2322//2322 2335//2335 2337//2337
f 2337//2337 2329//2329 2322//2322
f 2337//2337 2335//2335 2336//2336
f 2337//2337 2336//2336 2349//2349
f 2349//2349 2336//2336 2348//2348
f 2349//2349 2348//2348 2352//2352
f 2510//2510 2514//2514 2352//2352
f 2514//2514 2510//2510 2511//2511
f 2522//2522 2513//2513 2511//2511
f 6062//6062 6003//6003 6065//6065
f 6065//6065 6063//6063 6062//6062
f 6065//6065 6201//6201 6203//6203
f 6203//6203 6201//6201 6202//6202
f 6217//6217 6211//6211 6216//6216
f 6265//6265 6271//6271 6216//6216
f 6267//6267 6271//6271 6265//6265
f 6094//6094 6268//6268 6267//6267
f 6268//6268 6094//6094 6273//6273
f 6094//6094 6095//6095 6273//6273
f 6102//6102 6095//6095 6096//6096
f 6096//6096 6087//6087 6097//6097
f 6097//6097 6087//6087 6098//6098
f 6087//6087 2627//2627 6098//6098
f 6098//6098 2627//2627 2628//2628
f 6084//6084 6088//6088 2628//2628
f 2628//2628 2624//2624 6084//6084
f 2624//2624 2611//2611 6084//6084
f 6084//6084 2611//2611 2625//2625
f 2626//2626 2625//2625 2612//2612
f 2626//2626 2608//2608 2613//2613
f 2683//2683 2682//2682 2470//2470
f 2678//2678 2679//2679 2632//2632
f 2633//2633 2676//2676 2678//2678
f 2678//2678 2676//2676 2680//2680
f 2680//2680 2676//2676 2677//2677
f 2680//2680 2677//2677 2689//2689
f 2693//2693 2680//2680 2689//2689
f 6301//6301 6314//6314 6302//6302
f 6318//6318 6317//6317 6323//6323
f 6415//6415 6324//6324 6323//6323
f 6442//6442 6447//6447 6444//6444
f 6448//6448 6447//6447 6462//6462
f 6465//6465 6467//6467 6462//6462
f 6503//6503 6502//6502 6400//6400
f 6400//6400 6397//6397 6398//6398
f 6393//6393 6367//6367 6364//6364
f 6364//6364 6363//6363 6394//6394
f 6399//6399 6393//6393 6394//6394
f 6393//6393 6364//6364 6394//6394
f 6399//6399 6398//6398 6393//6393
f 6400//6400 6398//6398 6401//6401
f 6400//6400 6401//6401 6503//6503
f 6463//6463 6464//6464 6466//6466
f 6447//6447 6448//6448 6444//6444
f 6421//6421 6415//6415 6443//6443
f 6324//6324 6415//6415 6416//6416
f 6319//6319 6323//6323 6324//6324
f 6319//6319 6318//6318 6323//6323
f 6301//6301 6302//6302 6298//6298
f 2680//2680 2694//2694 2678//2678
f 2678//2678 2685//2685 2679//2679
f 2683//2683 2632//2632 2679//2679
f 2683//2683 2471//2471 2632//2632
f 2613//2613 2502//2502 2681//2681
f 2629//2629 2626//2626 2613//2613
f 2626//2626 6085//6085 2625//2625
f 6089//6089 6084//6084 2625//2625
f 6098//6098 2628//2628 6088//6088
f 6096//6096 6097//6097 6102//6102
f 6274//6274 6095//6095 6102//6102
f 6095//6095 6274//6274 6273//6273
f 6271//6271 6267//6267 6272//6272
f 6272//6272 6267//6267 6268//6268
f 6271//6271 6272//6272 6218//6218
f 6271//6271 6218//6218 6219//6219
f 6219//6219 6216//6216 6271//6271
f 6219//6219 6217//6217 6216//6216
f 6205//6205 6211//6211 6217//6217
f 6204//6204 6209//6209 6205//6205
f 6202//6202 6204//6204 6203//6203
f 6051//6051 5993//5993 6003//6003
f 2513//2513 2525//2525 2523//2523
f 2523//2523 2525//2525 2527//2527
f 1894//1894 1890//1890 2328//2328
f 1893//1893 1895//1895 1892//1892
f 1895//1895 1907//1907 1892//1892
f 1926//1926 1904//1904 1928//1928
f 1928//1928 1904//1904 1907//1907
f 1907//1907 1927//1927 1928//1928
f 2394//2394 2388//2388 2381//2381
f 2556//2556 2537//2537 2536//2536
f 6006//6006 6025//6025 6014//6014
f 6014//6014 6025//6025 6026//6026
f 6182//6182 6142//6142 6143//6143
f 6142//6142 6136//6136 6143//6143
f 4403//4403 4397//4397 6182//6182
f 6586//6586 4403//4403 6584//6584
f 6584//6584 4837//4837 6586//6586
f 4837//4837 6585//6585 4814//4814
f 6585//6585 4807//4807 4814//4814
f 4809//4809 4865//4865 4807//4807
f 4858//4858 4856//4856 4809//4809
f 4808//4808 4857//4857 4858//4858
f 4785//4785 4784//4784 4786//4786
f 4786//4786 4784//4784 4857//4857
f 4783//4783 4784//4784 4785//4785
f 4783//4783 4785//4785 4776//4776
f 4783//4783 4775//4775 4774//4774
f 4351//4351 4355//4355 4774//4774
f 1068//1068 1073//1073 4225//4225
f 1050//1050 1049//1049 1066//1066
f 1049//1049 990//990 1048//1048
f 1048//1048 990//990 989//989
f 988//988 983//983 949//949
f 949//949 983//983 937//937
f 936//936 935//935 937//937
f 233//233 248//248 232//232
f 232//232 248//248 249//249
f 320//320 322//322 321//321
f 324//324 322//322 955//955
f 936//936 955//955 954//954
f 983//983 988//988 989//989
f 989//989 984//984 983//983
f 1049//1049 991//991 990//990
f 1050//1050 991//991 1049//1049
f 4242//4242 4236//4236 4240//4240
f 4351//4351 4345//4345 4338//4338
f 4356//4356 4774//4774 4775//4775
f 4776//4776 4775//4775 4783//4783
f 4785//4785 4777//4777 4776//4776
f 4785//4785 4786//4786 4777//4777
f 4858//4858 4809//4809 4808//4808
f 4810//4810 4809//4809 4807//4807
f 6188//6188 6183//6183 6163//6163
f 6163//6163 6584//6584 6188//6188
f 6188//6188 6182//6182 6143//6143
f 6143//6143 6183//6183 6188//6188
f 6582//6582 6584//6584 6163//6163
f 6184//6184 6143//6143 6137//6137
f 6137//6137 6136//6136 6033//6033
f 2529//2529 2539//2539 2536//2536
f 2396//2396 2402//2402 2529//2529
f 2402//2402 2401//2401 2395//2395
f 2381//2381 2367//2367 2368//2368
f 2368//2368 2367//2367 2358//2358
f 2358//2358 1914//1914 1934//1934
f 1913//1913 1934//1934 1914//1914
f 1906//1906 1929//1929 1933//1933
f 1930//1930 1926//1926 1928//1928
f 1893//1893 1890//1890 1894//1894
f 2328//2328 2332//2332 1894//1894
f 2337//2337 2338//2338 2330//2330
f 2349//2349 2338//2338 2337//2337
f 2353//2353 2352//2352 2514//2514
f 2527//2527 2526//2526 5989//5989
f 6003//6003 6062//6062 6051//6051
f 6052//6052 6051//6051 6062//6062
f 6065//6065 6203//6203 6063//6063
f 6204//6204 6205//6205 6203//6203
f 6217//6217 6212//6212 6205//6205
f 6212//6212 6217//6217 6219//6219
f 6212//6212 6219//6219 6220//6220
f 6220//6220 6219//6219 6218//6218
f 6221//6221 6220//6220 6218//6218
f 6268//6268 6278//6278 6272//6272
f 6268//6268 6279//6279 6278//6278
f 6268//6268 6273//6273 6279//6279
f 6274//6274 6279//6279 6273//6273
f 6102//6102 6097//6097 6104//6104
f 6098//6098 6088//6088 6097//6097
f 6084//6084 6089//6089 6099//6099
f 2630//2630 2626//2626 2629//2629
f 2613//2613 2691//2691 2629//2629
f 2691//2691 2613//2613 2681//2681
f 2691//2691 2681//2681 2690//2690
f 2683//2683 2684//2684 2682//2682
f 2679//2679 2686//2686 2683//2683
f 2694//2694 2680//2680 2695//2695
f 6302//6302 6314//6314 6303//6303
f 6318//6318 6303//6303 6314//6314
f 6324//6324 6325//6325 6319//6319
f 6415//6415 6421//6421 6416//6416
f 6449//6449 6448//6448 6462//6462
f 6465//6465 6534//6534 6467//6467
f 6466//6466 6534//6534 6465//6465
f 6466//6466 6533//6533 6534//6534
f 6464//6464 6533//6533 6466//6466
f 6509//6509 6453//6453 6502//6502
f 6503//6503 6509//6509 6502//6502
f 6401//6401 6398//6398 6402//6402
f 6363//6363 2781//2781 6394//6394
f 6394//6394 6403//6403 6399//6399
f 6398//6398 6399//6399 6402//6402
f 6509//6509 6503//6503 6401//6401
f 6464//6464 6535//6535 6533//6533
f 6526//6526 6449//6449 6462//6462
f 6526//6526 6462//6462 6467//6467
f 6444//6444 6448//6448 6449//6449
f 6324//6324 6416//6416 6325//6325
f 6303//6303 6318//6318 6319//6319
f 2704//2704 2693//2693 2698//2698
f 2693//2693 2700//2700 2695//2695
f 2694//2694 2685//2685 2678//2678
f 2682//2682 2692//2692 2690//2690
f 2626//2626 2630//2630 6085//6085
f 2625//2625 6085//6085 6089//6089
f 6099//6099 6100//6100 6088//6088
f 6088//6088 6100//6100 6103//6103
f 6088//6088 6103//6103 6097//6097
f 6097//6097 6103//6103 6104//6104
f 6280//6280 6274//6274 6102//6102
f 6274//6274 6280//6280 6284//6284
f 6274//6274 6284//6284 6279//6279
f 6284//6284 6278//6278 6279//6279
f 6251//6251 6272//6272 6278//6278
f 6272//6272 6246//6246 6218//6218
f 6218//6218 6246//6246 6221//6221
f 6051//6051 2527//2527 5989//5989
f 5989//5989 5993//5993 6051//6051
f 2349//2349 2352//2352 2353//2353
f 2331//2331 2329//2329 2330//2330
f 1931//1931 1928//1928 1927//1927
f 1926//1926 1930//1930 1929//1929
f 1935//1935 1913//1913 1933//1933
f 2384//2384 2403//2403 2394//2394
f 2384//2384 2394//2394 2381//2381
f 2394//2394 2403//2403 2395//2395
f 2539//2539 2529//2529 2402//2402
f 2556//2556 2536//2536 2539//2539
f 6025//6025 6006//6006 6010//6010
f 6031//6031 6036//6036 6033//6033
f 6031//6031 6033//6033 6025//6025
f 6033//6033 6036//6036 6138//6138
f 6137//6137 6144//6144 6184//6184
f 6164//6164 6183//6183 6184//6184
f 6184//6184 6183//6183 6143//6143
f 6164//6164 6165//6165 6163//6163
f 6164//6164 6163//6163 6183//6183
f 6163//6163 6165//6165 6582//6582
f 4807//4807 6581//6581 4810//4810
f 4810//4810 4808//4808 4809//4809
f 4811//4811 4787//4787 4808//4808
f 4777//4777 4786//4786 4778//4778
f 4778//4778 4786//4786 4787//4787
f 4775//4775 4776//4776 4353//4353
f 4350//4350 4351//4351 4356//4356
f 4345//4345 4351//4351 4350//4350
f 4236//4236 4242//4242 4227//4227
f 4225//4225 4227//4227 1072//1072
f 1068//1068 4225//4225 1072//1072
f 1067//1067 1068//1068 1051//1051
f 1050//1050 1067//1067 1051//1051
f 991//991 986//986 990//990
f 984//984 989//989 990//990
f 983//983 984//984 962//962
f 983//983 962//962 937//937
f 937//937 962//962 957//957
f 319//319 241//241 240//240
f 250//250 248//248 240//240
f 250//250 251//251 248//248
f 248//248 251//251 249//249
f 232//232 249//249 231//231
f 241//241 250//250 240//240
f 319//319 321//321 241//241
f 957//957 936//936 937//937
f 965//965 984//984 990//990
f 965//965 990//990 985//985
f 986//986 985//985 990//990
f 1050//1050 1051//1051 992//992
f 1051//1051 1068//1068 1052//1052
f 1072//1072 1059//1059 1068//1068
f 1077//1077 1072//1072 4227//4227
f 4246//4246 4242//4242 4240//4240
f 4240//4240 4338//4338 4345//4345
f 4352//4352 4350//4350 4356//4356
f 4353//4353 4352//4352 4356//4356
f 4353//4353 4356//4356 4775//4775
f 4776//4776 4357//4357 4353//4353
f 4357//4357 4776//4776 4777//4777
f 4779//4779 4777//4777 4778//4778
f 4808//4808 4810//4810 4811//4811
f 6581//6581 6585//6585 6582//6582
f 6165//6165 6164//6164 6166//6166
f 6166//6166 6164//6164 6184//6184
f 6166//6166 6184//6184 6185//6185
f 6167//6167 6166//6166 6185//6185
f 6185//6185 6184//6184 6144//6144
f 6144//6144 6137//6137 6145//6145
f 6145//6145 6137//6137 6033//6033
f 6033//6033 6138//6138 6145//6145
f 2539//2539 2557//2557 2556//2556
f 2539//2539 2540//2540 2557//2557
f 2402//2402 2540//2540 2539//2539
f 1913//1913 1935//1935 1934//1934
f 1930//1930 1928//1928 1932//1932
f 1932//1932 1928//1928 1931//1931
f 1895//1895 1893//1893 1896//1896
f 1896//1896 1893//1893 1894//1894
f 1894//1894 2332//2332 1896//1896
f 2329//2329 2331//2331 2332//2332
f 2527//2527 2583//2583 2523//2523
f 6051//6051 2584//2584 2527//2527
f 6052//6052 2584//2584 6051//6051
f 6203//6203 6066//6066 6063//6063
f 6203//6203 6206//6206 6066//6066
f 6206//6206 6203//6203 6205//6205
f 6205//6205 6212//6212 6206//6206
f 6212//6212 6213//6213 6206//6206
f 6220//6220 6213//6213 6212//6212
f 6246//6246 6272//6272 6251//6251
f 6278//6278 6285//6285 6251//6251
f 6284//6284 6285//6285 6278//6278
f 6284//6284 6281//6281 6286//6286
f 6280//6280 6281//6281 6284//6284
f 6102//6102 6275//6275 6280//6280
f 6104//6104 6275//6275 6102//6102
f 6099//6099 6090//6090 6100//6100
f 6099//6099 6089//6089 6090//6090
f 6090//6090 6089//6089 6085//6085
f 6090//6090 6085//6085 2630//2630
f 2629//2629 6326//6326 2630//2630
f 2629//2629 2719//2719 6326//6326
f 2629//2629 2691//2691 2719//2719
f 2691//2691 2720//2720 2719//2719
f 2690//2690 2720//2720 2691//2691
f 2683//2683 2686//2686 2684//2684
f 2685//2685 2686//2686 2679//2679
f 2685//2685 2696//2696 2686//2686
f 6319//6319 6320//6320 6303//6303
f 6467//6467 6534//6534 6526//6526
f 6534//6534 6533//6533 6526//6526
f 6535//6535 6464//6464 6536//6536
f 6530//6530 6464//6464 6454//6454
f 6509//6509 6530//6530 6454//6454
f 6399//6399 6407//6407 6402//6402
f 6407//6407 6399//6399 6403//6403
f 6394//6394 2781//2781 6403//6403
f 6403//6403 2781//2781 6396//6396
f 6396//6396 6404//6404 6403//6403
f 6403//6403 6404//6404 6407//6407
f 6402//6402 6407//6407 6510//6510
f 6510//6510 6401//6401 6402//6402
f 6531//6531 6509//6509 6401//6401
f 6530//6530 6509//6509 6531//6531
f 6464//6464 6530//6530 6536//6536
f 6421//6421 6444//6444 6504//6504
f 6504//6504 6444//6444 6449//6449
f 6304//6304 6302//6302 6303//6303
f 6302//6302 6304//6304 6299//6299
f 6299//6299 6304//6304 6306//6306
f 6306//6306 2698//2698 6299//6299
f 2700//2700 2693//2693 2704//2704
f 2682//2682 2684//2684 2692//2692
f 2630//2630 6326//6326 6090//6090
f 6101//6101 6100//6100 6090//6090
f 6275//6275 6104//6104 6103//6103
f 6275//6275 6282//6282 6280//6280
f 6281//6281 6280//6280 6282//6282
f 6281//6281 6287//6287 6286//6286
f 6290//6290 6284//6284 6286//6286
f 6285//6285 6284//6284 6290//6290
f 6291//6291 6251//6251 6285//6285
f 6246//6246 6251//6251 6252//6252
f 6246//6246 6252//6252 6221//6221
f 6221//6221 6222//6222 6220//6220
f 6220//6220 6222//6222 6213//6213
f 6207//6207 6206//6206 6213//6213
f 6052//6052 6062//6062 6063//6063
f 2584//2584 6052//6052 6048//6048
f 2583//2583 2527//2527 2584//2584
f 2523//2523 2583//2583 2513//2513
f 1896//1896 1897//1897 1895//1895
f 1936//1936 1935//1935 1929//1929
f 1933//1933 1929//1929 1935//1935
f 2358//2358 2382//2382 2368//2368
f 2384//2384 2381//2381 2368//2368
f 2395//2395 2406//2406 2402//2402
f 2402//2402 2406//2406 2541//2541
f 2402//2402 2541//2541 2540//2540
f 2543//2543 2557//2557 2540//2540
f 2557//2557 2558//2558 2556//2556
f 2556//2556 2558//2558 6010//6010
f 6010//6010 6006//6006 2556//2556
f 6031//6031 6025//6025 6032//6032
f 6032//6032 6025//6025 6010//6010
f 6144//6144 6145//6145 6146//6146
f 6146//6146 6185//6185 6144//6144
f 6166//6166 6167//6167 6168//6168
f 6168//6168 6165//6165 6166//6166
f 6159//6159 6582//6582 6165//6165
f 6583//6583 6581//6581 6159//6159
f 6159//6159 6581//6581 6582//6582
f 4810//4810 6581//6581 6583//6583
f 4778//4778 4787//4787 4811//4811
f 4777//4777 4779//4779 4359//4359
f 4777//4777 4359//4359 4357//4357
f 4346//4346 4352//4352 4353//4353
f 4342//4342 4350//4350 4343//4343
f 4350//4350 4352//4352 4343//4343
f 4342//4342 4345//4345 4350//4350
f 4342//4342 4246//4246 4345//4345
f 4246//4246 4240//4240 4345//4345
f 4242//4242 4231//4231 4227//4227
f 1055//1055 1068//1068 1059//1059
f 1052//1052 1068//1068 1055//1055
f 1050//1050 992//992 991//991
f 984//984 965//965 964//964
f 962//962 984//984 963//963
f 956//956 936//936 957//957
f 955//955 936//936 956//956
f 321//321 242//242 241//241
f 249//249 252//252 231//231
f 231//231 252//252 235//235
f 252//252 251//251 253//253
f 255//255 250//250 243//243
f 323//323 322//322 324//324
f 324//324 379//379 325//325
f 956//956 380//380 379//379
f 957//957 380//380 956//956
f 957//957 962//962 961//961
f 961//961 962//962 963//963
f 992//992 1051//1051 993//993
f 993//993 1051//1051 1052//1052
f 993//993 1052//1052 1055//1055
f 1074//1074 1072//1072 1077//1077
f 4227//4227 4229//4229 1077//1077
f 4231//4231 4229//4229 4227//4227
f 4242//4242 4243//4243 4231//4231
f 4242//4242 4246//4246 4243//4243
f 4248//4248 4247//4247 4342//4342
f 4357//4357 4346//4346 4353//4353
f 4357//4357 4358//4358 4346//4346
f 4359//4359 4358//4358 4357//4357
f 6125//6125 4779//4779 4778//4778
f 6583//6583 6126//6126 6125//6125
f 6583//6583 6161//6161 6126//6126
f 6159//6159 6161//6161 6583//6583
f 6159//6159 6160//6160 6161//6161
f 6162//6162 6160//6160 6159//6159
f 6146//6146 6186//6186 6185//6185
f 6145//6145 6186//6186 6146//6146
f 6036//6036 6031//6031 6037//6037
f 6037//6037 6141//6141 6036//6036
f 6010//6010 2562//2562 6032//6032
f 2541//2541 2543//2543 2540//2540
f 2406//2406 2395//2395 2404//2404
f 2404//2404 2395//2395 2403//2403
f 1938//1938 1929//1929 1930//1930
f 1938//1938 1930//1930 1932//1932
f 1895//1895 1897//1897 1931//1931
f 2413//2413 2331//2331 2330//2330
f 2338//2338 2414//2414 2330//2330
f 2349//2349 2439//2439 2338//2338
f 2583//2583 2567//2567 2513//2513
f 2578//2578 2584//2584 2581//2581
f 6048//6048 2581//2581 2584//2584
f 6064//6064 6050//6050 6048//6048
f 6207//6207 6067//6067 6066//6066
f 6213//6213 6236//6236 6207//6207
f 6213//6213 6214//6214 6236//6236
f 6214//6214 6222//6222 6242//6242
f 6222//6222 6247//6247 6242//6242
f 6252//6252 6253//6253 6247//6247
f 6291//6291 6292//6292 6254//6254
f 6291//6291 6293//6293 6292//6292
f 6294//6294 6293//6293 6290//6290
f 6290//6290 6295//6295 6294//6294
f 6286//6286 6295//6295 6290//6290
f 6287//6287 6296//6296 6295//6295
f 6275//6275 6276//6276 6282//6282
f 6090//6090 6334//6334 6101//6101
f 6334//6334 6339//6339 6101//6101
f 6329//6329 6335//6335 6334//6334
f 2720//2720 2721//2721 6327//6327
f 2692//2692 2702//2702 2701//2701
f 2684//2684 2702//2702 2692//2692
f 2686//2686 2697//2697 2684//2684
f 2695//2695 2705//2705 2694//2694
f 2705//2705 2695//2695 2700//2700
f 6320//6320 6319//6319 6322//6322
f 6319//6319 6325//6325 6416//6416
f 6417//6417 6421//6421 6422//6422
f 6535//6535 6537//6537 6533//6533
f 6530//6530 6540//6540 6536//6536
f 6573//6573 6572//6572 6407//6407
f 6407//6407 6404//6404 6573//6573
f 6405//6405 6573//6573 6404//6404
f 6573//6573 6405//6405 6574//6574
f 6572//6572 6573//6573 6575//6575
f 6510//6510 6572//6572 6575//6575
f 6510//6510 6575//6575 6553//6553
f 6510//6510 6553//6553 6532//6532
f 6536//6536 6537//6537 6535//6535
f 6533//6533 6537//6537 6527//6527
f 6422//6422 6421//6421 6504//6504
f 6416//6416 6417//6417 6322//6322
f 6322//6322 6319//6319 6416//6416
f 6320//6320 6321//6321 6303//6303
f 2705//2705 2700//2700 2711//2711
f 2700//2700 2704//2704 2711//2711
f 2706//2706 2685//2685 2694//2694
f 2703//2703 2702//2702 2684//2684
f 2690//2690 2701//2701 2720//2720
f 6329//6329 6326//6326 6328//6328
f 6328//6328 6326//6326 6327//6327
f 6329//6329 6328//6328 6335//6335
f 6339//6339 6334//6334 6335//6335
f 6339//6339 6340//6340 6105//6105
f 6105//6105 6101//6101 6339//6339
f 6105//6105 6340//6340 6468//6468
f 6468//6468 6277//6277 6105//6105
f 6277//6277 6468//6468 6276//6276
f 6276//6276 6283//6283 6282//6282
f 6282//6282 6283//6283 6288//6288
f 6282//6282 6288//6288 6287//6287
f 6287//6287 6288//6288 6289//6289
f 6293//6293 6599//6599 6292//6292
f 6252//6252 6254//6254 6253//6253
f 6255//6255 6247//6247 6253//6253
f 6255//6255 6242//6242 6247//6247
f 6214//6214 6242//6242 6243//6243
f 6236//6236 6235//6235 6207//6207
f 6235//6235 6067//6067 6207//6207
f 6060//6060 6064//6064 6061//6061
f 6061//6061 6064//6064 6067//6067
f 6050//6050 6064//6064 6060//6060
f 6048//6048 6050//6050 6047//6047
f 2583//2583 2578//2578 2567//2567
f 2513//2513 2567//2567 2514//2514
f 2440//2440 2353//2353 2514//2514
f 2330//2330 2414//2414 2413//2413
f 1929//1929 1938//1938 1936//1936
f 1937//1937 1935//1935 1936//1936
f 2358//2358 1937//1937 2382//2382
f 2384//2384 2368//2368 2382//2382
f 2406//2406 2407//2407 2541//2541
f 2543//2543 2541//2541 2407//2407
f 2559//2559 2558//2558 2557//2557
f 2557//2557 2543//2543 2559//2559
f 2558//2558 2559//2559 2562//2562
f 2562//2562 6023//6023 6032//6032
f 6032//6032 6023//6023 6037//6037
f 6147//6147 6140//6140 6141//6141
f 6141//6141 6140//6140 6036//6036
f 6145//6145 6140//6140 6147//6147
f 6145//6145 6147//6147 6186//6186
f 6186//6186 6174//6174 6185//6185
f 6174//6174 6167//6167 6185//6185
f 6167//6167 6175//6175 6168//6168
f 4779//4779 6120//6120 4359//4359
f 4246//4246 4247//4247 4243//4243
f 1072//1072 1074//1074 1059//1059
f 964//964 960//960 963//963
f 963//963 960//960 961//961
f 321//321 322//322 323//323
f 256//256 255//255 243//243
f 253//253 251//251 254//254
f 254//254 257//257 253//253
f 257//257 254//254 256//256
f 321//321 323//323 244//244
f 961//961 958//958 380//380
f 960//960 958//958 961//961
f 960//960 964//964 959//959
f 986//986 993//993 987//987
f 1056//1056 1074//1074 1060//1060
f 1074//1074 1075//1075 1060//1060
f 1078//1078 1075//1075 1074//1074
f 4231//4231 4230//4230 4229//4229
f 4243//4243 4232//4232 4231//4231
f 4248//4248 4343//4343 4344//4344
f 6120//6120 6121//6121 6119//6119
f 6126//6126 6127//6127 6120//6120
f 6160//6160 6162//6162 6169//6169
f 6162//6162 6176//6176 6169//6169
f 6175//6175 6174//6174 6177//6177
f 6177//6177 6174//6174 6158//6158
f 6187//6187 6147//6147 6148//6148
f 6148//6148 6147//6147 6149//6149
f 6149//6149 6141//6141 6156//6156
f 6037//6037 6041//6041 6044//6044
f 6023//6023 6041//6041 6037//6037
f 2562//2562 2559//2559 6023//6023
f 2563//2563 2559//2559 2544//2544
f 2407//2407 2542//2542 2544//2544
f 2382//2382 2385//2385 2384//2384
f 2385//2385 2382//2382 2383//2383
f 1941//1941 1936//1936 1942//1942
f 1942//1942 1936//1936 1943//1943
f 1938//1938 1940//1940 1943//1943
f 1896//1896 1944//1944 1897//1897
f 2332//2332 2333//2333 1896//1896
f 2333//2333 1944//1944 1896//1896
f 2332//2332 2408//2408 2333//2333
f 2413//2413 2408//2408 2331//2331
f 2414//2414 2436//2436 2413//2413
f 2338//2338 2436//2436 2414//2414
f 2338//2338 2439//2439 2436//2436
f 2353//2353 2440//2440 2439//2439
f 2567//2567 2440//2440 2514//2514
f 2581//2581 2582//2582 2580//2580
f 6068//6068 6050//6050 6060//6060
f 6067//6067 6223//6223 6061//6061
f 6237//6237 6235//6235 6236//6236
f 6236//6236 6244//6244 6237//6237
f 6243//6243 6244//6244 6236//6236
f 6248//6248 6244//6244 6243//6243
f 6248//6248 6255//6255 6588//6588
f 6588//6588 6255//6255 6256//6256
f 6589//6589 6596//6596 6256//6256
f 6589//6589 6597//6597 6596//6596
f 6597//6597 6589//6589 6292//6292
f 6597//6597 6292//6292 6598//6598
f 6606//6606 6599//6599 6294//6294
f 6297//6297 6295//6295 6296//6296
f 6288//6288 6488//6488 6289//6289
f 6283//6283 6488//6488 6288//6288
f 6283//6283 6468//6468 6469//6469
f 6469//6469 6472//6472 6283//6283
f 6469//6469 6468//6468 6340//6340
f 6340//6340 6339//6339 6341//6341
f 6341//6341 6339//6339 6335//6335
f 2697//2697 2703//2703 2684//2684
f 2686//2686 2708//2708 2697//2697
f 6306//6306 2711//2711 2704//2704
f 6501//6501 6449//6449 6527//6527
f 6537//6537 6528//6528 6527//6527
f 6537//6537 6538//6538 6528//6528
f 6537//6537 6541//6541 6538//6538
f 6537//6537 6536//6536 6541//6541
f 6541//6541 6536//6536 6540//6540
f 6542//6542 6540//6540 6530//6530
f 6566//6566 6542//6542 6530//6530
f 6578//6578 6555//6555 6554//6554
f 6577//6577 6555//6555 6578//6578
f 6579//6579 6577//6577 6578//6578
f 6580//6580 6577//6577 6579//6579
f 6579//6579 6574//6574 6580//6580
f 6575//6575 6574//6574 6579//6579
f 6578//6578 6575//6575 6579//6579
f 6578//6578 6553//6553 6575//6575
f 6553//6553 6578//6578 6554//6554
f 6553//6553 6554//6554 6532//6532
f 6532//6532 6554//6554 6531//6531
f 6531//6531 6554//6554 6566//6566
f 6566//6566 6530//6530 6531//6531
f 6320//6320 6322//6322 6321//6321
f 6304//6304 6303//6303 6305//6305
f 2685//2685 2706//2706 2696//2696
f 2696//2696 2706//2706 2686//2686
f 2701//2701 2721//2721 2720//2720
f 6336//6336 6335//6335 6328//6328
f 6468//6468 6283//6283 6276//6276
f 6296//6296 6287//6287 6289//6289
f 6297//6297 6294//6294 6295//6295
f 6599//6599 6293//6293 6294//6294
f 6598//6598 6292//6292 6599//6599
f 6589//6589 6254//6254 6292//6292
f 6589//6589 6253//6253 6254//6254
f 6253//6253 6589//6589 6256//6256
f 6256//6256 6255//6255 6253//6253
f 6255//6255 6248//6248 6242//6242
f 6242//6242 6248//6248 6243//6243
f 6214//6214 6243//6243 6236//6236
f 6235//6235 6223//6223 6067//6067
f 6047//6047 2582//2582 2581//2581
f 2581//2581 6048//6048 6047//6047
f 2581//2581 2580//2580 2578//2578
f 2567//2567 2578//2578 2579//2579
f 2408//2408 2332//2332 2331//2331
f 1931//1931 1897//1897 1939//1939
f 1931//1931 1939//1939 1932//1932
f 1943//1943 1936//1936 1938//1938
f 1941//1941 1937//1937 1936//1936
f 1941//1941 2383//2383 1937//1937
f 1937//1937 2383//2383 2382//2382
f 2407//2407 2544//2544 2543//2543
f 2543//2543 2544//2544 2559//2559
f 6044//6044 6156//6156 6141//6141
f 6044//6044 6141//6141 6037//6037
f 6141//6141 6149//6149 6147//6147
f 6147//6147 6187//6187 6186//6186
f 6186//6186 6187//6187 6158//6158
f 6174//6174 6186//6186 6158//6158
f 6167//6167 6174//6174 6175//6175
f 6168//6168 6175//6175 6176//6176
f 6176//6176 6162//6162 6168//6168
f 6120//6120 6125//6125 6126//6126
f 6120//6120 4779//4779 6125//6125
f 6120//6120 6119//6119 4359//4359
f 6119//6119 4358//4358 4359//4359
f 4346//4346 4358//4358 4344//4344
f 4346//4346 4344//4344 4343//4343
f 4247//4247 4248//4248 4244//4244
f 4247//4247 4244//4244 4243//4243
f 4229//4229 1078//1078 1077//1077
f 1077//1077 1078//1078 1074//1074
f 1074//1074 1056//1056 1059//1059
f 1059//1059 1056//1056 1055//1055
f 992//992 993//993 986//986
f 985//985 986//986 965//965
f 965//965 986//986 966//966
f 965//965 966//966 959//959
f 965//965 959//959 964//964
f 380//380 957//957 961//961
f 379//379 328//328 325//325
f 325//325 323//323 324//324
f 321//321 244//244 242//242
f 256//256 254//254 255//255
f 235//235 252//252 253//253
f 235//235 253//253 259//259
f 6574//6574 6408//6408 6580//6580
f 6576//6576 6580//6580 6408//6408
f 6576//6576 6391//6391 6521//6521
f 6521//6521 6522//6522 6576//6576
f 6576//6576 6522//6522 6580//6580
f 6577//6577 6580//6580 6522//6522
f 6522//6522 6552//6552 6577//6577
f 6552//6552 6555//6555 6577//6577
f 6567//6567 6554//6554 6555//6555
f 6566//6566 6554//6554 6567//6567
f 6566//6566 6567//6567 6568//6568
f 6566//6566 6568//6568 6542//6542
f 6542//6542 6568//6568 6569//6569
f 6542//6542 6569//6569 6540//6540
f 6528//6528 6507//6507 6527//6527
f 6507//6507 6501//6501 6527//6527
f 6449//6449 6501//6501 6504//6504
f 6504//6504 6501//6501 6505//6505
f 6504//6504 6505//6505 6422//6422
f 6422//6422 6505//6505 6500//6500
f 6500//6500 6417//6417 6422//6422
f 6303//6303 6321//6321 6305//6305
f 6308//6308 6306//6306 6304//6304
f 2707//2707 2694//2694 2705//2705
f 2706//2706 2694//2694 2707//2707
f 2721//2721 6328//6328 6327//6327
f 6342//6342 6335//6335 6336//6336
f 6342//6342 6341//6341 6335//6335
f 6470//6470 6340//6340 6341//6341
f 6469//6469 6340//6340 6470//6470
f 6489//6489 6283//6283 6472//6472
f 6489//6489 6488//6488 6283//6283
f 6488//6488 6489//6489 6490//6490
f 6488//6488 6490//6490 6289//6289
f 6289//6289 6490//6490 6494//6494
f 6289//6289 6494//6494 6296//6296
f 6296//6296 6494//6494 6297//6297
f 6606//6606 6294//6294 6297//6297
f 6588//6588 6256//6256 6596//6596
f 6587//6587 6248//6248 6588//6588
f 6249//6249 6248//6248 6587//6587
f 6244//6244 6248//6248 6249//6249
f 6223//6223 6224//6224 6061//6061
f 6068//6068 6060//6060 6061//6061
f 6068//6068 6049//6049 6050//6050
f 6049//6049 6047//6047 6050//6050
f 6049//6049 2582//2582 6047//6047
f 2579//2579 2568//2568 2567//2567
f 2567//2567 2568//2568 2566//2566
f 1897//1897 1944//1944 1939//1939
f 1939//1939 1945//1945 1932//1932
f 1932//1932 1945//1945 1940//1940
f 1940//1940 1938//1938 1932//1932
f 1943//1943 1946//1946 1942//1942
f 2385//2385 2386//2386 2384//2384
f 2404//2404 2403//2403 2386//2386
f 2386//2386 2403//2403 2384//2384
f 2405//2405 2406//2406 2404//2404
f 2542//2542 2545//2545 2544//2544
f 2559//2559 2563//2563 6020//6020
f 2559//2559 6020//6020 6023//6023
f 6023//6023 6020//6020 6041//6041
f 6041//6041 6045//6045 6044//6044
f 6156//6156 6044//6044 6045//6045
f 6178//6178 6177//6177 6158//6158
f 6176//6176 6175//6175 6179//6179
f 6179//6179 6175//6175 6177//6177
f 6170//6170 6160//6160 6169//6169
f 6161//6161 6160//6160 6170//6170
f 6109//6109 4358//4358 6119//6119
f 4230//4230 4231//4231 4232//4232
f 1079//1079 1076//1076 1078//1078
f 1078//1078 4229//4229 1079//1079
f 1078//1078 1076//1076 1075//1075
f 1056//1056 997//997 1055//1055
f 1055//1055 997//997 999//999
f 999//999 993//993 1055//1055
f 976//976 993//993 994//994
f 994//994 993//993 999//999
f 976//976 987//987 993//993
f 986//986 968//968 966//966
f 380//380 328//328 379//379
f 326//326 325//325 328//328
f 326//326 245//245 325//325
f 325//325 245//245 323//323
f 259//259 253//253 257//257
f 244//244 323//323 245//245
f 959//959 1002//1002 958//958
f 967//967 959//959 966//966
f 967//967 966//966 968//968
f 976//976 994//994 995//995
f 995//995 975//975 976//976
f 998//998 996//996 997//997
f 1057//1057 1060//1060 1061//1061
f 1061//1061 1060//1060 1075//1075
f 4244//4244 5994//5994 4245//4245
f 4248//4248 5998//5998 5994//5994
f 6106//6106 4344//4344 4358//4358
f 4358//4358 6109//6109 6106//6106
f 6119//6119 6110//6110 6109//6109
f 6121//6121 6120//6120 6127//6127
f 6172//6172 6170//6170 6169//6169
f 6169//6169 6176//6176 6180//6180
f 6176//6176 6181//6181 6180//6180
f 6178//6178 6181//6181 6179//6179
f 6178//6178 6158//6158 6190//6190
f 6190//6190 6189//6189 6178//6178
f 6190//6190 6158//6158 6187//6187
f 6157//6157 6046//6046 6151//6151
f 6045//6045 6046//6046 6157//6157
f 6042//6042 6046//6046 6045//6045
f 6020//6020 6024//6024 6042//6042
f 6021//6021 6024//6024 6020//6020
f 6020//6020 2563//2563 6021//6021
f 6021//6021 2563//2563 2545//2545
f 2404//2404 2386//2386 2405//2405
f 2383//2383 2475//2475 2385//2385
f 2475//2475 2383//2383 2476//2476
f 2476//2476 1942//1942 1946//1946
f 1940//1940 1947//1947 1946//1946
f 1947//1947 1940//1940 1945//1945
f 1945//1945 1948//1948 1947//1947
f 1948//1948 1945//1945 2472//2472
f 2472//2472 1944//1944 2409//2409
f 2333//2333 2410//2410 2409//2409
f 2436//2436 2439//2439 2437//2437
f 2439//2439 2440//2440 2437//2437
f 2579//2579 2569//2569 2568//2568
f 2578//2578 2580//2580 2579//2579
f 6049//6049 6069//6069 6056//6056
f 6225//6225 6068//6068 6224//6224
f 6223//6223 6229//6229 6224//6224
f 6229//6229 6223//6223 6237//6237
f 6229//6229 6244//6244 6245//6245
f 6245//6245 6244//6244 6250//6250
f 6250//6250 6249//6249 6590//6590
f 6590//6590 6249//6249 6587//6587
f 6590//6590 6587//6587 6591//6591
f 6592//6592 6591//6591 6600//6600
f 6606//6606 6627//6627 6607//6607
f 6297//6297 6628//6628 6627//6627
f 6628//6628 6494//6494 6495//6495
f 6495//6495 6490//6490 6496//6496
f 6496//6496 6490//6490 6489//6489
f 6496//6496 6489//6489 6487//6487
f 6487//6487 6489//6489 6472//6472
f 6487//6487 6472//6472 6473//6473
f 6473//6473 6472//6472 6474//6474
f 6328//6328 6337//6337 6336//6336
f 2721//2721 6330//6330 6337//6337
f 6330//6330 2721//2721 2701//2701
f 6307//6307 2701//2701 2712//2712
f 2703//2703 2712//2712 2702//2702
f 2709//2709 2703//2703 2697//2697
f 2709//2709 2697//2697 2708//2708
f 6304//6304 6353//6353 6358//6358
f 6353//6353 6304//6304 6305//6305
f 6353//6353 6305//6305 6321//6321
f 6321//6321 6322//6322 6380//6380
f 6528//6528 6539//6539 6507//6507
f 6528//6528 6538//6538 6539//6539
f 6558//6558 6538//6538 6541//6541
f 6558//6558 6541//6541 6559//6559
f 6559//6559 6569//6569 6564//6564
f 6564//6564 6569//6569 6570//6570
f 6570//6570 6569//6569 6568//6568
f 6568//6568 6567//6567 6570//6570
f 6567//6567 6556//6556 6570//6570
f 6556//6556 6571//6571 6570//6570
f 6556//6556 6552//6552 6551//6551
f 6555//6555 6552//6552 6556//6556
f 6555//6555 6556//6556 6567//6567
f 6559//6559 6541//6541 6569//6569
f 6569//6569 6541//6541 6540//6540
f 6417//6417 6500//6500 6380//6380
f 6417//6417 6380//6380 6322//6322
f 2711//2711 6306//6306 6308//6308
f 2711//2711 2707//2707 2705//2705
f 2710//2710 2706//2706 2707//2707
f 2708//2708 2686//2686 2706//2706
f 2712//2712 2701//2701 2702//2702
f 6337//6337 6328//6328 2721//2721
f 6470//6470 6341//6341 6345//6345
f 6345//6345 6341//6341 6342//6342
f 6474//6474 6469//6469 6470//6470
f 6472//6472 6469//6469 6474//6474
f 6494//6494 6490//6490 6495//6495
f 6494//6494 6628//6628 6297//6297
f 6297//6297 6627//6627 6606//6606
f 6602//6602 6599//6599 6607//6607
f 6607//6607 6599//6599 6606//6606
f 6598//6598 6599//6599 6602//6602
f 6598//6598 6602//6602 6603//6603
f 6603//6603 6601//6601 6597//6597
f 6603//6603 6597//6597 6598//6598
f 6597//6597 6601//6601 6596//6596
f 6596//6596 6601//6601 6600//6600
f 6591//6591 6596//6596 6600//6600
f 6587//6587 6588//6588 6591//6591
f 6591//6591 6588//6588 6596//6596
f 6250//6250 6244//6244 6249//6249
f 6229//6229 6237//6237 6244//6244
f 6235//6235 6237//6237 6223//6223
f 6061//6061 6224//6224 6068//6068
f 6069//6069 6049//6049 6068//6068
f 6049//6049 6055//6055 2582//2582
f 2567//2567 2566//2566 2441//2441
f 2567//2567 2441//2441 2440//2440
f 2415//2415 2413//2413 2436//2436
f 2410//2410 2408//2408 2415//2415
f 2415//2415 2408//2408 2413//2413
f 2333//2333 2408//2408 2410//2410
f 2333//2333 2409//2409 1944//1944
f 1944//1944 2472//2472 1945//1945
f 1945//1945 1939//1939 1944//1944
f 1940//1940 1946//1946 1943//1943
f 1942//1942 2476//2476 1941//1941
f 1941//1941 2476//2476 2383//2383
f 2406//2406 2405//2405 2407//2407
f 2545//2545 2563//2563 2544//2544
f 6020//6020 6042//6042 6041//6041
f 6041//6041 6042//6042 6045//6045
f 6149//6149 6156//6156 6157//6157
f 6157//6157 6156//6156 6045//6045
f 6149//6149 6157//6157 6148//6148
f 6190//6190 6187//6187 6148//6148
f 6181//6181 6176//6176 6179//6179
f 6177//6177 6178//6178 6179//6179
f 6170//6170 6171//6171 6161//6161
f 6161//6161 6171//6171 6126//6126
f 6122//6122 6119//6119 6121//6121
f 5998//5998 4248//4248 4344//4344
f 5994//5994 4244//4244 4248//4248
f 4244//4244 4245//4245 4243//4243
f 4243//4243 4245//4245 4232//4232
f 1057//1057 1056//1056 1060//1060
f 998//998 1056//1056 1057//1057
f 997//997 1056//1056 998//998
f 994//994 999//999 997//997
f 975//975 987//987 976//976
f 968//968 987//987 975//975
f 986//986 987//987 968//968
f 959//959 958//958 960//960
f 380//380 958//958 381//381
f 244//244 243//243 242//242
f 6551//6551 6557//6557 6556//6556
f 6551//6551 6521//6521 6523//6523
f 6522//6522 6521//6521 6551//6551
f 6522//6522 6551//6551 6552//6552
f 6524//6524 6523//6523 6525//6525
f 6551//6551 6523//6523 6524//6524
f 6524//6524 6543//6543 6551//6551
f 6551//6551 6543//6543 6557//6557
f 6565//6565 6556//6556 6557//6557
f 6556//6556 6565//6565 6571//6571
f 6565//6565 6564//6564 6571//6571
f 6564//6564 6570//6570 6571//6571
f 6564//6564 6560//6560 6559//6559
f 6538//6538 6558//6558 6539//6539
f 6507//6507 6539//6539 6529//6529
f 6507//6507 6529//6529 6508//6508
f 6505//6505 6501//6501 6500//6500
f 6358//6358 6308//6308 6304//6304
f 2711//2711 6309//6309 2714//2714
f 2711//2711 2714//2714 2707//2707
f 2708//2708 2706//2706 2710//2710
f 2703//2703 2713//2713 2712//2712
f 2701//2701 6307//6307 6330//6330
f 6337//6337 6338//6338 6336//6336
f 6336//6336 6338//6338 6342//6342
f 6342//6342 6343//6343 6345//6345
f 6474//6474 6470//6470 6471//6471
f 6471//6471 6470//6470 6345//6345
f 6474//6474 6471//6471 6475//6475
f 6473//6473 6474//6474 6475//6475
f 6497//6497 6495//6495 6496//6496
f 6628//6628 6495//6495 6497//6497
f 6627//6627 6629//6629 6607//6607
f 6607//6607 6622//6622 6602//6602
f 6592//6592 6600//6600 6601//6601
f 6593//6593 6591//6591 6592//6592
f 6593//6593 6594//6594 6590//6590
f 6593//6593 6590//6590 6591//6591
f 6257//6257 6250//6250 6590//6590
f 6250//6250 6257//6257 6245//6245
f 6245//6245 6238//6238 6229//6229
f 6069//6069 6068//6068 6225//6225
f 6049//6049 6056//6056 6055//6055
f 2590//2590 2580//2580 6055//6055
f 2582//2582 6055//6055 2580//2580
f 2590//2590 2569//2569 2580//2580
f 2569//2569 2579//2579 2580//2580
f 2441//2441 2437//2437 2440//2440
f 2436//2436 2437//2437 2415//2415
f 2415//2415 2419//2419 2417//2417
f 2415//2415 2417//2417 2410//2410
f 2411//2411 2409//2409 2410//2410
f 2411//2411 2412//2412 2409//2409
f 2412//2412 2472//2472 2409//2409
f 1948//1948 2472//2472 2412//2412
f 2473//2473 1947//1947 1948//1948
f 1946//1946 2477//2477 2476//2476
f 2475//2475 2476//2476 2477//2477
f 2480//2480 2481//2481 2385//2385
f 2480//2480 2385//2385 2475//2475
f 2385//2385 2481//2481 2386//2386
f 2488//2488 2405//2405 2386//2386
f 2545//2545 2542//2542 2546//2546
f 2546//2546 2564//2564 6021//6021
f 2546//2546 6021//6021 2545//2545
f 6024//6024 6043//6043 6042//6042
f 6042//6042 6043//6043 6046//6046
f 6152//6152 6148//6148 6151//6151
f 6151//6151 6148//6148 6157//6157
f 6190//6190 6148//6148 6152//6152
f 6181//6181 6178//6178 6189//6189
f 6172//6172 6169//6169 6180//6180
f 6170//6170 6172//6172 6171//6171
f 6171//6171 6128//6128 6126//6126
f 6126//6126 6128//6128 6127//6127
f 6129//6129 6121//6121 6127//6127
f 6119//6119 6122//6122 6110//6110
f 6110//6110 6107//6107 6109//6109
f 6109//6109 6107//6107 6106//6106
f 4344//4344 6106//6106 5998//5998
f 4232//4232 4233//4233 4230//4230
f 4229//4229 4230//4230 1079//1079
f 1061//1061 1075//1075 1076//1076
f 996//996 998//998 1000//1000
f 1000//1000 998//998 1057//1057
f 980//980 997//997 996//996
f 995//995 994//994 980//980
f 980//980 994//994 997//997
f 1002//1002 959//959 967//967
f 382//382 958//958 1002//1002
f 958//958 377//377 381//381
f 381//381 328//328 380//380
f 243//243 244//244 264//264
f 256//256 258//258 257//257
f 256//256 243//243 264//264
f 1002//1002 383//383 382//382
f 967//967 391//391 1002//1002
f 977//977 968//968 975//975
f 978//978 971//971 975//975
f 978//978 995//995 979//979
f 979//979 995//995 980//980
f 996//996 981//981 980//980
f 1000//1000 1057//1057 1058//1058
f 1058//1058 1057//1057 1061//1061
f 1080//1080 1079//1079 4230//4230
f 4233//4233 4232//4232 5983//5983
f 5983//5983 4232//4232 4245//4245
f 5983//5983 4245//4245 5994//5994
f 5983//5983 5994//5994 5995//5995
f 6122//6122 6111//6111 6110//6110
f 6127//6127 6130//6130 6129//6129
f 6128//6128 6130//6130 6127//6127
f 6172//6172 6180//6180 6199//6199
f 6199//6199 6180//6180 6181//6181
f 6181//6181 6191//6191 6196//6196
f 6024//6024 6022//6022 6043//6043
f 2546//2546 2560//2560 2564//2564
f 2546//2546 2542//2542 2547//2547
f 2599//2599 2542//2542 2407//2407
f 2594//2594 2407//2407 2405//2405
f 2481//2481 2480//2480 2489//2489
f 2477//2477 2478//2478 2480//2480
f 2478//2478 2477//2477 2474//2474
f 2474//2474 1947//1947 2473//2473
f 2479//2479 2473//2473 1948//1948
f 2479//2479 1948//1948 2418//2418
f 2411//2411 2410//2410 2417//2417
f 2442//2442 2437//2437 2441//2441
f 2591//2591 2569//2569 2590//2590
f 6069//6069 6073//6073 6072//6072
f 6226//6226 6073//6073 6069//6069
f 6225//6225 6230//6230 6226//6226
f 6239//6239 6231//6231 6238//6238
f 6238//6238 6245//6245 6258//6258
f 6595//6595 6257//6257 6594//6594
f 6592//6592 6604//6604 6593//6593
f 6605//6605 6604//6604 6592//6592
f 6622//6622 6624//6624 6623//6623
f 6629//6629 6625//6625 6622//6622
f 6627//6627 6630//6630 6629//6629
f 6487//6487 6491//6491 6498//6498
f 6344//6344 6343//6343 6342//6342
f 6338//6338 6344//6344 6342//6342
f 6330//6330 6331//6331 6337//6337
f 2710//2710 2715//2715 2708//2708
f 6308//6308 6358//6358 6309//6309
f 6384//6384 6500//6500 6501//6501
f 6548//6548 6529//6529 6539//6539
f 6561//6561 6548//6548 6539//6539
f 6560//6560 6562//6562 6561//6561
f 6563//6563 6562//6562 6560//6560
f 6564//6564 6565//6565 6563//6563
f 6563//6563 6565//6565 6545//6545
f 6545//6545 6565//6565 6557//6557
f 6543//6543 6545//6545 6557//6557
f 6524//6524 6518//6518 6543//6543
f 6518//6518 6524//6524 6525//6525
f 6525//6525 6523//6523 6391//6391
f 6389//6389 6525//6525 6391//6391
f 6389//6389 6391//6391 6388//6388
f 6391//6391 6375//6375 6388//6388
f 6576//6576 6406//6406 6391//6391
f 6406//6406 6375//6375 6391//6391
f 6406//6406 6408//6408 6405//6405
f 6395//6395 6405//6405 6396//6396
f 6396//6396 6405//6405 6404//6404
f 6395//6395 2782//2782 6406//6406
f 6406//6406 6405//6405 6395//6395
f 6396//6396 6374//6374 6395//6395
f 6374//6374 6396//6396 2781//2781
f 6363//6363 2775//2775 2781//2781
f 2765//2765 2775//2775 6363//6363
f 2781//2781 2775//2775 2776//2776
f 2781//2781 2776//2776 6374//6374
f 2782//2782 6374//6374 2776//2776
f 2782//2782 6395//6395 6374//6374
f 6376//6376 2783//2783 6375//6375
f 6406//6406 2782//2782 6376//6376
f 6375//6375 6406//6406 6376//6376
f 6388//6388 6375//6375 6377//6377
f 6525//6525 6389//6389 6516//6516
f 6518//6518 6525//6525 6516//6516
f 6545//6545 6543//6543 6544//6544
f 6546//6546 6545//6545 6544//6544
f 6563//6563 6545//6545 6546//6546
f 6562//6562 6563//6563 6546//6546
f 6546//6546 6547//6547 6562//6562
f 6562//6562 6547//6547 6548//6548
f 6561//6561 6562//6562 6548//6548
f 6548//6548 6549//6549 6529//6529
f 6501//6501 6508//6508 6513//6513
f 6501//6501 6513//6513 6384//6384
f 6384//6384 6381//6381 6500//6500
f 6500//6500 6381//6381 6380//6380
f 6379//6379 6357//6357 6355//6355
f 6353//6353 6379//6379 6355//6355
f 6353//6353 6355//6355 6354//6354
f 6354//6354 6358//6358 6353//6353
f 2716//2716 2710//2710 2707//2707
f 2710//2710 2716//2716 2715//2715
f 2703//2703 2709//2709 2713//2713
f 6330//6330 6332//6332 6331//6331
f 6337//6337 6331//6331 6338//6338
f 6345//6345 6343//6343 6471//6471
f 6476//6476 6491//6491 6475//6475
f 6491//6491 6499//6499 6498//6498
f 6497//6497 6498//6498 6631//6631
f 6631//6631 6630//6630 6497//6497
f 6630//6630 6631//6631 6625//6625
f 6625//6625 6629//6629 6630//6630
f 6625//6625 6614//6614 6622//6622
f 6614//6614 6624//6624 6622//6622
f 6624//6624 6626//6626 6623//6623
f 6626//6626 6611//6611 6605//6605
f 6626//6626 6605//6605 6623//6623
f 6605//6605 6611//6611 6604//6604
f 6595//6595 6593//6593 6604//6604
f 6595//6595 6594//6594 6593//6593
f 6259//6259 6258//6258 6257//6257
f 6257//6257 6595//6595 6259//6259
f 6258//6258 6259//6259 6241//6241
f 6258//6258 6241//6241 6238//6238
f 6231//6231 6239//6239 6233//6233
f 6233//6233 6230//6230 6231//6231
f 6227//6227 6226//6226 6230//6230
f 6073//6073 6226//6226 6227//6227
f 6072//6072 6070//6070 6056//6056
f 6056//6056 6070//6070 6055//6055
f 6053//6053 6055//6055 6057//6057
f 2585//2585 2572//2572 2569//2569
f 2572//2572 2568//2568 2569//2569
f 2568//2568 2572//2572 2455//2455
f 2455//2455 2566//2566 2568//2568
f 2441//2441 2454//2454 2442//2442
f 2443//2443 2437//2437 2442//2442
f 2416//2416 2417//2417 2419//2419
f 2412//2412 2411//2411 2418//2418
f 2418//2418 2483//2483 2479//2479
f 2484//2484 2474//2474 2473//2473
f 2473//2473 2479//2479 2484//2484
f 2474//2474 2484//2484 2485//2485
f 2474//2474 2485//2485 2486//2486
f 2474//2474 2486//2486 2478//2478
f 2478//2478 2482//2482 2480//2480
f 2494//2494 2488//2488 2489//2489
f 2481//2481 2489//2489 2488//2488
f 2594//2594 2405//2405 2488//2488
f 2599//2599 2407//2407 2594//2594
f 2542//2542 2599//2599 2547//2547
f 2560//2560 2546//2546 2547//2547
f 2564//2564 2560//2560 2565//2565
f 2564//2564 2565//2565 6022//6022
f 6019//6019 6043//6043 6022//6022
f 6039//6039 6043//6043 6019//6019
f 6152//6152 6150//6150 6153//6153
f 6191//6191 6189//6189 6155//6155
f 6189//6189 6153//6153 6155//6155
f 6199//6199 6181//6181 6195//6195
f 6195//6195 6181//6181 6196//6196
f 6172//6172 6199//6199 6173//6173
f 6128//6128 6171//6171 6200//6200
f 6200//6200 6171//6171 6173//6173
f 6124//6124 6123//6123 6129//6129
f 6111//6111 6122//6122 6123//6123
f 6110//6110 6108//6108 6107//6107
f 5999//5999 6106//6106 6107//6107
f 5996//5996 5998//5998 5999//5999
f 5999//5999 5998//5998 6106//6106
f 5996//5996 5995//5995 5998//5998
f 4233//4233 2517//2517 4230//4230
f 4230//4230 2517//2517 1080//1080
f 1058//1058 1061//1061 1062//1062
f 977//977 975//975 971//971
f 967//967 968//968 391//391
f 384//384 1002//1002 391//391
f 383//383 1002//1002 384//384
f 331//331 326//326 328//328
f 326//326 246//246 245//245
f 244//244 247//247 264//264
f 265//265 256//256 264//264
f 258//258 256//256 265//265
f 260//260 259//259 257//257
f 267//267 265//265 268//268
f 247//247 246//246 269//269
f 331//331 328//328 332//332
f 384//384 385//385 383//383
f 390//390 385//385 384//384
f 391//391 390//390 384//384
f 969//969 1003//1003 977//977
f 970//970 969//969 971//971
f 979//979 980//980 981//981
f 1062//1062 2343//2343 1058//1058
f 2506//2506 1062//1062 2520//2520
f 2520//2520 1080//1080 2508//2508
f 2508//2508 1080//1080 2516//2516
f 5984//5984 5982//5982 5981//5981
f 5985//5985 5984//5984 5996//5996
f 6124//6124 6129//6129 6130//6130
f 6197//6197 6173//6173 6198//6198
f 6150//6150 6154//6154 6153//6153
f 6038//6038 6039//6039 6019//6019
f 2560//2560 2561//2561 2565//2565
f 2489//2489 2490//2490 2494//2494
f 2482//2482 2487//2487 2490//2490
f 2487//2487 2482//2482 2486//2486
f 2484//2484 2491//2491 2485//2485
f 2418//2418 2420//2420 2483//2483
f 2420//2420 2422//2422 2483//2483
f 2420//2420 2421//2421 2422//2422
f 2420//2420 2423//2423 2421//2421
f 2424//2424 2423//2423 2420//2420
f 2425//2425 2438//2438 2426//2426
f 2438//2438 2443//2443 2426//2426
f 2426//2426 2443//2443 2442//2442
f 2442//2442 2445//2445 2426//2426
f 2445//2445 2444//2444 2426//2426
f 2456//2456 2445//2445 2455//2455
f 2463//2463 2573//2573 2585//2585
f 6053//6053 6054//6054 2589//2589
f 6057//6057 6058//6058 6054//6054
f 6070//6070 6074//6074 6071//6071
f 6070//6070 6073//6073 6074//6074
f 6074//6074 6073//6073 6227//6227
f 6227//6227 6232//6232 6074//6074
f 6233//6233 6239//6239 6240//6240
f 6240//6240 6241//6241 6427//6427
f 6241//6241 6259//6259 6608//6608
f 6608//6608 6259//6259 6609//6609
f 6609//6609 6610//6610 6608//6608
f 6604//6604 6610//6610 6609//6609
f 6626//6626 6616//6616 6611//6611
f 6614//6614 6619//6619 6616//6616
f 6619//6619 6614//6614 6617//6617
f 6631//6631 6439//6439 6617//6617
f 6631//6631 6440//6440 6439//6439
f 6631//6631 6499//6499 6493//6493
f 6493//6493 6440//6440 6631//6631
f 6499//6499 6492//6492 6493//6493
f 6471//6471 6343//6343 6344//6344
f 6310//6310 2712//2712 2713//2713
f 2709//2709 2717//2717 2713//2713
f 2708//2708 2718//2718 2709//2709
f 2714//2714 2752//2752 2716//2716
f 2714//2714 2753//2753 2752//2752
f 2714//2714 2754//2754 2753//2753
f 2754//2754 2714//2714 6358//6358
f 6354//6354 6359//6359 6358//6358
f 6352//6352 6354//6354 6355//6355
f 6357//6357 6352//6352 6355//6355
f 6370//6370 6356//6356 6382//6382
f 6381//6381 6383//6383 6382//6382
f 6383//6383 6381//6381 6384//6384
f 6384//6384 6513//6513 6511//6511
f 6511//6511 6513//6513 6514//6514
f 6515//6515 6514//6514 6549//6549
f 6547//6547 6550//6550 6515//6515
f 6515//6515 6550//6550 6519//6519
f 6520//6520 6517//6517 6519//6519
f 6520//6520 6519//6519 6544//6544
f 6516//6516 6517//6517 6520//6520
f 6544//6544 6518//6518 6520//6520
f 6518//6518 6516//6516 6520//6520
f 6518//6518 6544//6544 6543//6543
f 6390//6390 6516//6516 6389//6389
f 2783//2783 6376//6376 2782//2782
f 2777//2777 2782//2782 2776//2776
f 2775//2775 2739//2739 2776//2776
f 2739//2739 2775//2775 2671//2671
f 2671//2671 2672//2672 2739//2739
f 2671//2671 2775//2775 2740//2740
f 2671//2671 2732//2732 2669//2669
f 2655//2655 2635//2635 2048//2048
f 2047//2047 2635//2635 2634//2634
f 2047//2047 2634//2634 2062//2062
f 2030//2030 2062//2062 2055//2055
f 2037//2037 2035//2035 2029//2029
f 2029//2029 2035//2035 2026//2026
f 2029//2029 2026//2026 2004//2004
f 2026//2026 2002//2002 2004//2004
f 1996//1996 1961//1961 2002//2002
f 1990//1990 1959//1959 1958//1958
f 1997//1997 1952//1952 1959//1959
f 1957//1957 1950//1950 1949//1949
f 1957//1957 1971//1971 1950//1950
f 1956//1956 1971//1971 1957//1957
f 1992//1992 1980//1980 1956//1956
f 1971//1971 1956//1956 1980//1980
f 1972//1972 1951//1951 1950//1950
f 1951//1951 1949//1949 1950//1950
f 1951//1951 1952//1952 1949//1949
f 1952//1952 1951//1951 1953//1953
f 1959//1959 1952//1952 1953//1953
f 1953//1953 1960//1960 1961//1961
f 1961//1961 1958//1958 1953//1953
f 1958//1958 1959//1959 1953//1953
f 1996//1996 1958//1958 1961//1961
f 2004//2004 1961//1961 1998//1998
f 2002//2002 1961//1961 2004//2004
f 2005//2005 2029//2029 2004//2004
f 2005//2005 2030//2030 2029//2029
f 2030//2030 2037//2037 2029//2029
f 2055//2055 2037//2037 2030//2030
f 2047//2047 2048//2048 2635//2635
f 2050//2050 2655//2655 2048//2048
f 2660//2660 2050//2050 2669//2669
f 2672//2672 2741//2741 2739//2739
f 2741//2741 2776//2776 2739//2739
f 2777//2777 2776//2776 2741//2741
f 2742//2742 2783//2783 2777//2777
f 2782//2782 2777//2777 2783//2783
f 6377//6377 6375//6375 2778//2778
f 2778//2778 6375//6375 2783//2783
f 2779//2779 6378//6378 6377//6377
f 6388//6388 6377//6377 6378//6378
f 6378//6378 6389//6389 6388//6388
f 6389//6389 6378//6378 6371//6371
f 6390//6390 6389//6389 6371//6371
f 2778//2778 2779//2779 6377//6377
f 2783//2783 2742//2742 2778//2778
f 2777//2777 2674//2674 2742//2742
f 2674//2674 2737//2737 2742//2742
f 2673//2673 2674//2674 2741//2741
f 2656//2656 2741//2741 2670//2670
f 2653//2653 2670//2670 2672//2672
f 2672//2672 2671//2671 2652//2652
f 2669//2669 2066//2066 2652//2652
f 2048//2048 2015//2015 2050//2050
f 2047//2047 2041//2041 2048//2048
f 2040//2040 2047//2047 2062//2062
f 2062//2062 2003//2003 2040//2040
f 2003//2003 2030//2030 2005//2005
f 1999//1999 2003//2003 2005//2005
f 2005//2005 1998//1998 1999//1999
f 1962//1962 2000//2000 1999//1999
f 1998//1998 1962//1962 1999//1999
f 1954//1954 1962//1962 1960//1960
f 1954//1954 1960//1960 1953//1953
f 1953//1953 1955//1955 1954//1954
f 1955//1955 1953//1953 1951//1951
f 1955//1955 1951//1951 1967//1967
f 1967//1967 1951//1951 1972//1972
f 1968//1968 1967//1967 1972//1972
f 1973//1973 1968//1968 1972//1972
f 1973//1973 1972//1972 1950//1950
f 1973//1973 1971//1971 1970//1970
f 1980//1980 1970//1970 1971//1971
f 1971//1971 1973//1973 1950//1950
f 1973//1973 1970//1970 1969//1969
f 1969//1969 1968//1968 1973//1973
f 1966//1966 1954//1954 1955//1955
f 1955//1955 1967//1967 1966//1966
f 1954//1954 1966//1966 1974//1974
f 1954//1954 1974//1974 1962//1962
f 1962//1962 1974//1974 1981//1981
f 1962//1962 1981//1981 2000//2000
f 2000//2000 2040//2040 2003//2003
f 2066//2066 2067//2067 2652//2652
f 2652//2652 2653//2653 2672//2672
f 2741//2741 2656//2656 2673//2673
f 2737//2737 2778//2778 2742//2742
f 2738//2738 2778//2778 2737//2737
f 6372//6372 6517//6517 6390//6390
f 6386//6386 6519//6519 6517//6517
f 6515//6515 6519//6519 6386//6386
f 6387//6387 6515//6515 6386//6386
f 6512//6512 6514//6514 6387//6387
f 6514//6514 6515//6515 6387//6387
f 6511//6511 6514//6514 6512//6512
f 6385//6385 6511//6511 6512//6512
f 6385//6385 6384//6384 6511//6511
f 6384//6384 6385//6385 6383//6383
f 6382//6382 6383//6383 6370//6370
f 2760//2760 6359//6359 6354//6354
f 6359//6359 2754//2754 6358//6358
f 2718//2718 2708//2708 2715//2715
f 2717//2717 2709//2709 2718//2718
f 6348//6348 6344//6344 6331//6331
f 6477//6477 6471//6471 6344//6344
f 6477//6477 6485//6485 6476//6476
f 6476//6476 6485//6485 6486//6486
f 6486//6486 6492//6492 6476//6476
f 6438//6438 6620//6620 6439//6439
f 6619//6619 6617//6617 6620//6620
f 6620//6620 6617//6617 6439//6439
f 6615//6615 6612//6612 6611//6611
f 6615//6615 6611//6611 6616//6616
f 6611//6611 6612//6612 6610//6610
f 6608//6608 6431//6431 6241//6241
f 6427//6427 6424//6424 6240//6240
f 6234//6234 6233//6233 6424//6424
f 6424//6424 6233//6233 6240//6240
f 6233//6233 6234//6234 6232//6232
f 6232//6232 6234//6234 6228//6228
f 6228//6228 6074//6074 6232//6232
f 6070//6070 6071//6071 6057//6057
f 6057//6057 6071//6071 6058//6058
f 6058//6058 2593//2593 6054//6054
f 2593//2593 2589//2589 6054//6054
f 2585//2585 2591//2591 2586//2586
f 2455//2455 2573//2573 2456//2456
f 2445//2445 2456//2456 2444//2444
f 2444//2444 2446//2446 2426//2426
f 2426//2426 2446//2446 2428//2428
f 2426//2426 2428//2428 2427//2427
f 2425//2425 2426//2426 2427//2427
f 2425//2425 2427//2427 2424//2424
f 2416//2416 2425//2425 2424//2424
f 2422//2422 2491//2491 2483//2483
f 2484//2484 2483//2483 2491//2491
f 2485//2485 2491//2491 2487//2487
f 2493//2493 2490//2490 2487//2487
f 2490//2490 2497//2497 2494//2494
f 2494//2494 2596//2596 2495//2495
f 2595//2595 2594//2594 2495//2495
f 2595//2595 2599//2599 2594//2594
f 2599//2599 2614//2614 2547//2547
f 2614//2614 2561//2561 2547//2547
f 2565//2565 6019//6019 6022//6022
f 6155//6155 6153//6153 6154//6154
f 6173//6173 6197//6197 6200//6200
f 6000//6000 5999//5999 6108//6108
f 2519//2519 2516//2516 5981//5981
f 2508//2508 2516//2516 2519//2519
f 2520//2520 2508//2508 2507//2507
f 2520//2520 2507//2507 2506//2506
f 2343//2343 1062//1062 2506//2506
f 1001//1001 1058//1058 2343//2343
f 982//982 979//979 981//981
f 973//973 972//972 979//979
f 974//974 971//971 972//972
f 403//403 1003//1003 969//969
f 385//385 356//356 383//383
f 383//383 356//356 375//375
f 376//376 332//332 381//381
f 269//269 268//268 247//247
f 260//260 258//258 266//266
f 246//246 326//326 327//327
f 335//335 332//332 376//376
f 268//268 270//270 267//267
f 267//267 270//270 266//266
f 260//260 266//266 271//271
f 266//266 270//270 271//271
f 334//334 246//246 327//327
f 330//330 327//327 326//326
f 376//376 375//375 339//339
f 269//269 246//246 334//334
f 268//268 269//269 270//270
f 332//332 330//330 331//331
f 270//270 269//269 274//274
f 334//334 327//327 336//336
f 271//271 270//270 272//272
f 274//274 275//275 273//273
f 348//348 275//275 274//274
f 334//334 336//336 340//340
f 348//348 274//274 338//338
f 275//275 342//342 278//278
f 275//275 348//348 342//342
f 343//343 342//342 348//348
f 343//343 348//348 338//338
f 340//340 338//338 334//334
f 333//333 341//341 337//337
f 336//336 337//337 341//341
f 345//345 344//344 340//340
f 336//336 341//341 345//345
f 347//347 341//341 349//349
f 361//361 358//358 362//362
f 362//362 357//357 366//366
f 412//412 416//416 371//371
f 416//416 412//412 417//417
f 2379//2379 2378//2378 2377//2377
f 2392//2392 2393//2393 2379//2379
f 2393//2393 2392//2392 2531//2531
f 2534//2534 2531//2531 2549//2549
f 2534//2534 2549//2549 6011//6011
f 6012//6012 6018//6018 6011//6011
f 6012//6012 6034//6034 6018//6018
f 6034//6034 6012//6012 6035//6035
f 6035//6035 4361//4361 6034//6034
f 6013//6013 6027//6027 6012//6012
f 6013//6013 6012//6012 2550//2550
f 2373//2373 1006//1006 2372//2372
f 1006//1006 1007//1007 1004//1004
f 2354//2354 1006//1006 1004//1004
f 1004//1004 1007//1007 398//398
f 398//398 396//396 1004//1004
f 396//396 405//405 1004//1004
f 399//399 397//397 396//396
f 397//397 399//399 400//400
f 400//400 401//401 397//397
f 400//400 1908//1908 401//401
f 402//402 1908//1908 400//400
f 329//329 1908//1908 402//402
f 329//329 1882//1882 1908//1908
f 973//973 1885//1885 1883//1883
f 2319//2319 1885//1885 973//973
f 2319//2319 973//973 982//982
f 2324//2324 2323//2323 982//982
f 2339//2339 2323//2323 2324//2324
f 2339//2339 2325//2325 2323//2323
f 2350//2350 2507//2507 2503//2503
f 2518//2518 2515//2515 2519//2519
f 6116//6116 6114//6114 6111//6111
f 6134//6134 6132//6132 6131//6131
f 6133//6133 6132//6132 6134//6134
f 6133//6133 6134//6134 6197//6197
f 6197//6197 6192//6192 6133//6133
f 6198//6198 6192//6192 6197//6197
f 6194//6194 6195//6195 6196//6196
f 6260//6260 6154//6154 6262//6262
f 6262//6262 6154//6154 6092//6092
f 6077//6077 6038//6038 6078//6078
f 6077//6077 2617//2617 2615//2615
f 6077//6077 2615//2615 2618//2618
f 2619//2619 2615//2615 2600//2600
f 2600//2600 2616//2616 2619//2619
f 2598//2598 2597//2597 2497//2497
f 2598//2598 2497//2497 2496//2496
f 2449//2449 2448//2448 2429//2429
f 2450//2450 2429//2429 2430//2430
f 2586//2586 2587//2587 2570//2570
f 2593//2593 2592//2592 2587//2587
f 6075//6075 6312//6312 6059//6059
f 6315//6315 6075//6075 6076//6076
f 6076//6076 6409//6409 6315//6315
f 6410//6410 6413//6413 6411//6411
f 6411//6411 6413//6413 6425//6425
f 6425//6425 6412//6412 6411//6411
f 6423//6423 6412//6412 6425//6425
f 6423//6423 6425//6425 6426//6426
f 6423//6423 6426//6426 6430//6430
f 6430//6430 6418//6418 6423//6423
f 6430//6430 6429//6429 6418//6418
f 6430//6430 6431//6431 6429//6429
f 6429//6429 6431//6431 6432//6432
f 6621//6621 6438//6438 6437//6437
f 6439//6439 6440//6440 6438//6438
f 6440//6440 6456//6456 6438//6438
f 6440//6440 6441//6441 6456//6456
f 6441//6441 6446//6446 6457//6457
f 6483//6483 6452//6452 6446//6446
f 6484//6484 6483//6483 6485//6485
f 6478//6478 6484//6484 6485//6485
f 6478//6478 6477//6477 6479//6479
f 6347//6347 6346//6346 6333//6333
f 6360//6360 6310//6310 2717//2717
f 2717//2717 2718//2718 6360//6360
f 2758//2758 2745//2745 2756//2756
f 2722//2722 2743//2743 6351//6351
f 6351//6351 2772//2772 2722//2722
f 2772//2772 2723//2723 2722//2722
f 2772//2772 2766//2766 2736//2736
f 6368//6368 2767//2767 2766//2766
f 2768//2768 2664//2664 2767//2767
f 2768//2768 2663//2663 2664//2664
f 2648//2648 2650//2650 2649//2649
f 2059//2059 2651//2651 2046//2046
f 2046//2046 2063//2063 2042//2042
f 2042//2042 2049//2049 2011//2011
f 2007//2007 2042//2042 2011//2011
f 2013//2013 1986//1986 2012//2012
f 1986//1986 2013//2013 2014//2014
f 2014//2014 1987//1987 1986//1986
f 2014//2014 1988//1988 1987//1987
f 1977//1977 1987//1987 1988//1988
f 1978//1978 1977//1977 1988//1988
f 1978//1978 1988//1988 1989//1989
f 1978//1978 1975//1975 1963//1963
f 1975//1975 1978//1978 1989//1989
f 1975//1975 1982//1982 1964//1964
f 1966//1966 1963//1963 1964//1964
f 1967//1967 1965//1965 1966//1966
f 1966//1966 1964//1964 1974//1974
f 1981//1981 1974//1974 1983//1983
f 2000//2000 2008//2008 2040//2040
f 2008//2008 2041//2041 2040//2040
f 2047//2047 2040//2040 2041//2041
f 2656//2656 2670//2670 2653//2653
f 2654//2654 2673//2673 2656//2656
f 2654//2654 2674//2674 2673//2673
f 2674//2674 2668//2668 2737//2737
f 2779//2779 2778//2778 2738//2738
f 6378//6378 2780//2780 6373//6373
f 6378//6378 6373//6373 6371//6371
f 6369//6369 6386//6386 6372//6372
f 6386//6386 6517//6517 6372//6372
f 6385//6385 6512//6512 6387//6387
f 6383//6383 6385//6385 2773//2773
f 2773//2773 6370//6370 6383//6383
f 6356//6356 6370//6370 6351//6351
f 6356//6356 2759//2759 6357//6357
f 2759//2759 6352//6352 6357//6357
f 2760//2760 6354//6354 6352//6352
f 2756//2756 2754//2754 6359//6359
f 2716//2716 2752//2752 2755//2755
f 2755//2755 2715//2715 2716//2716
f 2715//2715 2755//2755 2718//2718
f 2713//2713 2717//2717 6310//6310
f 6310//6310 6307//6307 2712//2712
f 6307//6307 6310//6310 6311//6311
f 6311//6311 6333//6333 6332//6332
f 6332//6332 6346//6346 6331//6331
f 6483//6483 6486//6486 6485//6485
f 6492//6492 6486//6486 6493//6493
f 6620//6620 6621//6621 6619//6619
f 6619//6619 6621//6621 6615//6615
f 6615//6615 6616//6616 6619//6619
f 6608//6608 6610//6610 6613//6613
f 6608//6608 6613//6613 6431//6431
f 6428//6428 6241//6241 6431//6431
f 6428//6428 6427//6427 6241//6241
f 6427//6427 6428//6428 6424//6424
f 6413//6413 6234//6234 6424//6424
f 6228//6228 6076//6076 6071//6071
f 6071//6071 6074//6074 6228//6228
f 2593//2593 6058//6058 6059//6059
f 2589//2589 2586//2586 2591//2591
f 2585//2585 2586//2586 2570//2570
f 2570//2570 2463//2463 2585//2585
f 2463//2463 2456//2456 2573//2573
f 2447//2447 2428//2428 2446//2446
f 2431//2431 2427//2427 2428//2428
f 2427//2427 2431//2431 2432//2432
f 2427//2427 2432//2432 2424//2424
f 2424//2424 2432//2432 2423//2423
f 2423//2423 2432//2432 2433//2433
f 2433//2433 2421//2421 2423//2423
f 2434//2434 2422//2422 2421//2421
f 2491//2491 2422//2422 2492//2492
f 2491//2491 2496//2496 2487//2487
f 2487//2487 2496//2496 2493//2493
f 2497//2497 2490//2490 2493//2493
f 2494//2494 2497//2497 2596//2596
f 2595//2595 2495//2495 2596//2596
f 2600//2600 2599//2599 2595//2595
f 2599//2599 2600//2600 2614//2614
f 2565//2565 2561//2561 2617//2617
f 2565//2565 2617//2617 6019//6019
f 6091//6091 6040//6040 6039//6039
f 6193//6193 6198//6198 6195//6195
f 6128//6128 6200//6200 6134//6134
f 6128//6128 6134//6134 6130//6130
f 5996//5996 5997//5997 5985//5985
f 5984//5984 5985//5985 5982//5982
f 2518//2518 2519//2519 5982//5982
f 2519//2519 5981//5981 5982//5982
f 2506//2506 2344//2344 2343//2343
f 981//981 1000//1000 2341//2341
f 2341//2341 1000//1000 1001//1001
f 979//979 982//982 973//973
f 974//974 970//970 971//971
f 970//970 402//402 403//403
f 969//969 970//970 403//403
f 403//403 400//400 404//404
f 1003//1003 391//391 977//977
f 386//386 385//385 390//390
f 385//385 378//378 356//356
f 375//375 356//356 339//339
f 337//337 330//330 335//335
f 336//336 327//327 330//330
f 334//334 338//338 274//274
f 270//270 273//273 272//272
f 273//273 270//270 274//274
f 337//337 336//336 330//330
f 333//333 337//337 335//335
f 339//339 333//333 335//335
f 355//355 341//341 333//333
f 357//357 362//362 358//358
f 367//367 366//366 364//364
f 367//367 364//364 369//369
f 367//367 369//369 370//370
f 412//412 1915//1915 417//417
f 1920//1920 417//417 1915//1915
f 1921//1921 1920//1920 1915//1915
f 2360//2360 2363//2363 1922//1922
f 2363//2363 2360//2360 2364//2364
f 2364//2364 2377//2377 2363//2363
f 2364//2364 2379//2379 2377//2377
f 2551//2551 2549//2549 2531//2531
f 2549//2549 2551//2551 6012//6012
f 6012//6012 6011//6011 2549//2549
f 6027//6027 6035//6035 6012//6012
f 2551//2551 2550//2550 6012//6012
f 2397//2397 2390//2390 2389//2389
f 2374//2374 2372//2372 2389//2389
f 2359//2359 2373//2373 2374//2374
f 2373//2373 2372//2372 2374//2374
f 1006//1006 2373//2373 1005//1005
f 1006//1006 1005//1005 1007//1007
f 1007//1007 1005//1005 406//406
f 1007//1007 406//406 398//398
f 396//396 398//398 399//399
f 403//403 402//402 400//400
f 974//974 1883//1883 329//329
f 972//972 1883//1883 974//974
f 973//973 1883//1883 972//972
f 2324//2324 2341//2341 2339//2339
f 2339//2339 1001//1001 2340//2340
f 2344//2344 2340//2340 1001//1001
f 2506//2506 2345//2345 2344//2344
f 2507//2507 2345//2345 2506//2506
f 5985//5985 5986//5986 5982//5982
f 5997//5997 5999//5999 6000//6000
f 6108//6108 6002//6002 6000//6000
f 6124//6124 6130//6130 6131//6131
f 6131//6131 6130//6130 6134//6134
f 6192//6192 6198//6198 6193//6193
f 6195//6195 6194//6194 6193//6193
f 6260//6260 6155//6155 6154//6154
f 6150//6150 6092//6092 6154//6154
f 6092//6092 6040//6040 6091//6091
f 6039//6039 6038//6038 6091//6091
f 6038//6038 6019//6019 6078//6078
f 2617//2617 6077//6077 6078//6078
f 2617//2617 2614//2614 2615//2615
f 2600//2600 2601//2601 2616//2616
f 2596//2596 2497//2497 2597//2597
f 2493//2493 2496//2496 2497//2497
f 2496//2496 2492//2492 2500//2500
f 2500//2500 2492//2492 2498//2498
f 2434//2434 2448//2448 2498//2498
f 2435//2435 2448//2448 2434//2434
f 2435//2435 2429//2429 2448//2448
f 2435//2435 2432//2432 2430//2430
f 2430//2430 2429//2429 2435//2435
f 2430//2430 2432//2432 2431//2431
f 2430//2430 2431//2431 2452//2452
f 2446//2446 2457//2457 2447//2447
f 2446//2446 2444//2444 2462//2462
f 2462//2462 2457//2457 2446//2446
f 2462//2462 2444//2444 2463//2463
f 2576//2576 2462//2462 2463//2463
f 2587//2587 2586//2586 2589//2589
f 2587//2587 2589//2589 2593//2593
f 6409//6409 6076//6076 6228//6228
f 6228//6228 6410//6410 6409//6409
f 6426//6426 6425//6425 6428//6428
f 6426//6426 6431//6431 6430//6430
f 6431//6431 6613//6613 6432//6432
f 6432//6432 6613//6613 6612//6612
f 6612//6612 6433//6433 6432//6432
f 6433//6433 6612//6612 6618//6618
f 6618//6618 6435//6435 6433//6433
f 6435//6435 6618//6618 6621//6621
f 6437//6437 6435//6435 6621//6621
f 6486//6486 6446//6446 6441//6441
f 6486//6486 6483//6483 6446//6446
f 6479//6479 6477//6477 6344//6344
f 6479//6479 6344//6344 6348//6348
f 6332//6332 6333//6333 6346//6346
f 2757//2757 2718//2718 2755//2755
f 2755//2755 2751//2751 2757//2757
f 2753//2753 2744//2744 2751//2751
f 2753//2753 2746//2746 2744//2744
f 2746//2746 2753//2753 2756//2756
f 2758//2758 2760//2760 6352//6352
f 2759//2759 2758//2758 6352//6352
f 6351//6351 2743//2743 2759//2759
f 6370//6370 2772//2772 6351//6351
f 2773//2773 6368//6368 6370//6370
f 6385//6385 6387//6387 2773//2773
f 2773//2773 6387//6387 2771//2771
f 2771//2771 6387//6387 6386//6386
f 6386//6386 2774//2774 2771//2771
f 6369//6369 2774//2774 6386//6386
f 2769//2769 6371//6371 6373//6373
f 2769//2769 6373//6373 2780//2780
f 2779//2779 2738//2738 2780//2780
f 2737//2737 2735//2735 2738//2738
f 2737//2737 2668//2668 2735//2735
f 2668//2668 2674//2674 2651//2651
f 2651//2651 2674//2674 2654//2654
f 2656//2656 2070//2070 2654//2654
f 2652//2652 2067//2067 2068//2068
f 2066//2066 2020//2020 2064//2064
f 2050//2050 2021//2021 2020//2020
f 2048//2048 2009//2009 2015//2015
f 2041//2041 2008//2008 2009//2009
f 2008//2008 2000//2000 1983//1983
f 1981//1981 1983//1983 2000//2000
f 2021//2021 2050//2050 2015//2015
f 2043//2043 2064//2064 2020//2020
f 2065//2065 2067//2067 2043//2043
f 2043//2043 2067//2067 2064//2064
f 2065//2065 2068//2068 2067//2067
f 2068//2068 2065//2065 2069//2069
f 2069//2069 2653//2653 2068//2068
f 2069//2069 2070//2070 2656//2656
f 2656//2656 2653//2653 2069//2069
f 2769//2769 2780//2780 2738//2738
f 6371//6371 2769//2769 6372//6372
f 6372//6372 2770//2770 6369//6369
f 2735//2735 2769//2769 2738//2738
f 2735//2735 2668//2668 2649//2649
f 2649//2649 2668//2668 2059//2059
f 2668//2668 2651//2651 2059//2059
f 2049//2049 2654//2654 2070//2070
f 2069//2069 2044//2044 2070//2070
f 2045//2045 2044//2044 2069//2069
f 2045//2045 2069//2069 2065//2065
f 2045//2045 2065//2065 2018//2018
f 2018//2018 2065//2065 2043//2043
f 2021//2021 2016//2016 2020//2020
f 2016//2016 2021//2021 2015//2015
f 2008//2008 1983//1983 1982//1982
f 1982//1982 2009//2009 2008//2008
f 1974//1974 1964//1964 1983//1983
f 1964//1964 1982//1982 1983//1983
f 2009//2009 1982//1982 1975//1975
f 2009//2009 1975//1975 2015//2015
f 2015//2015 1975//1975 2016//2016
f 2017//2017 2020//2020 2016//2016
f 2020//2020 2017//2017 2018//2018
f 2020//2020 2018//2018 2043//2043
f 2013//2013 2045//2045 2018//2018
f 2049//2049 2070//2070 2044//2044
f 2654//2654 2049//2049 2063//2063
f 2649//2649 2769//2769 2735//2735
f 2769//2769 2649//2649 2770//2770
f 6369//6369 2770//2770 2774//2774
f 2768//2768 2773//2773 2771//2771
f 2774//2774 2770//2770 2771//2771
f 2733//2733 2768//2768 2771//2771
f 2770//2770 2733//2733 2771//2771
f 2770//2770 2734//2734 2733//2733
f 2734//2734 2770//2770 2649//2649
f 2649//2649 2650//2650 2734//2734
f 2063//2063 2046//2046 2651//2651
f 2049//2049 2042//2042 2063//2063
f 2017//2017 2016//2016 1989//1989
f 1989//1989 2016//2016 1975//1975
f 1989//1989 1988//1988 2017//2017
f 2017//2017 1988//1988 2018//2018
f 2018//2018 1988//1988 2014//2014
f 2013//2013 2018//2018 2014//2014
f 2013//2013 2012//2012 2044//2044
f 2044//2044 2045//2045 2013//2013
f 2044//2044 2012//2012 2011//2011
f 2011//2011 2049//2049 2044//2044
f 2767//2767 6368//6368 2773//2773
f 2767//2767 2773//2773 2768//2768
f 2663//2663 2768//2768 2733//2733
f 2654//2654 2063//2063 2651//2651
f 2770//2770 6372//6372 2769//2769
f 2009//2009 2048//2048 2041//2041
f 2020//2020 2066//2066 2050//2050
f 2064//2064 2067//2067 2066//2066
f 2068//2068 2653//2653 2652//2652
f 6390//6390 6371//6371 6372//6372
f 2759//2759 6356//6356 6351//6351
f 2760//2760 2758//2758 6359//6359
f 6359//6359 2758//2758 2756//2756
f 2753//2753 2754//2754 2756//2756
f 2752//2752 2753//2753 2751//2751
f 2752//2752 2751//2751 2755//2755
f 6331//6331 6346//6346 6348//6348
f 6478//6478 6485//6485 6477//6477
f 6486//6486 6441//6441 6493//6493
f 6441//6441 6440//6440 6493//6493
f 6620//6620 6438//6438 6621//6621
f 6618//6618 6615//6615 6621//6621
f 6612//6612 6615//6615 6618//6618
f 6613//6613 6610//6610 6612//6612
f 6431//6431 6426//6426 6428//6428
f 6425//6425 6424//6424 6428//6428
f 6413//6413 6424//6424 6425//6425
f 6234//6234 6413//6413 6410//6410
f 6234//6234 6410//6410 6228//6228
f 6075//6075 6071//6071 6076//6076
f 6059//6059 6058//6058 6075//6075
f 6058//6058 6071//6071 6075//6075
f 2592//2592 2593//2593 6059//6059
f 2570//2570 2576//2576 2463//2463
f 2444//2444 2456//2456 2463//2463
f 2431//2431 2447//2447 2452//2452
f 2428//2428 2447//2447 2431//2431
f 2433//2433 2432//2432 2435//2435
f 2433//2433 2435//2435 2421//2421
f 2421//2421 2435//2435 2434//2434
f 2422//2422 2434//2434 2498//2498
f 2498//2498 2492//2492 2422//2422
f 2496//2496 2491//2491 2492//2492
f 2601//2601 2595//2595 2597//2597
f 2597//2597 2595//2595 2596//2596
f 2601//2601 2600//2600 2595//2595
f 2600//2600 2615//2615 2614//2614
f 2617//2617 2561//2561 2614//2614
f 6078//6078 6019//6019 2617//2617
f 6092//6092 6150//6150 6040//6040
f 6196//6196 6191//6191 6155//6155
f 6200//6200 6197//6197 6134//6134
f 6002//6002 6108//6108 6112//6112
f 2519//2519 2515//2515 2504//2504
f 2504//2504 2508//2508 2519//2519
f 2508//2508 2504//2504 2503//2503
f 2508//2508 2503//2503 2507//2507
f 1001//1001 2343//2343 2344//2344
f 1001//1001 2339//2339 2341//2341
f 2324//2324 981//981 2341//2341
f 982//982 981//981 2324//2324
f 329//329 970//970 974//974
f 329//329 402//402 970//970
f 400//400 399//399 404//404
f 399//399 398//398 404//404
f 404//404 398//398 392//392
f 403//403 404//404 392//392
f 392//392 395//395 403//403
f 395//395 1003//1003 403//403
f 349//349 341//341 355//355
f 357//357 364//364 366//366
f 372//372 371//371 370//370
f 1915//1915 1917//1917 1921//1921
f 1922//1922 1921//1921 1917//1917
f 2380//2380 2379//2379 2364//2364
f 2380//2380 2392//2392 2379//2379
f 2551//2551 2531//2531 2532//2532
f 2532//2532 2550//2550 2551//2551
f 2390//2390 2397//2397 2530//2530
f 2390//2390 2375//2375 2389//2389
f 2389//2389 2375//2375 2374//2374
f 2359//2359 419//419 1005//1005
f 2373//2373 2359//2359 1005//1005
f 1005//1005 419//419 407//407
f 406//406 1005//1005 407//407
f 406//406 392//392 398//398
f 393//393 394//394 392//392
f 395//395 392//392 394//394
f 391//391 1003//1003 395//395
f 385//385 386//386 378//378
f 355//355 339//339 356//356
f 355//355 333//333 339//339
f 357//357 358//358 359//359
f 357//357 359//359 360//360
f 364//364 357//357 360//360
f 364//364 365//365 369//369
f 369//369 372//372 370//370
f 372//372 411//411 371//371
f 412//412 371//371 411//411
f 412//412 420//420 1915//1915
f 1917//1917 1915//1915 420//420
f 1917//1917 1918//1918 1922//1922
f 2360//2360 1922//1922 1918//1918
f 2362//2362 2364//2364 2360//2360
f 2364//2364 2362//2362 2376//2376
f 2364//2364 2376//2376 2380//2380
f 2398//2398 2531//2531 2392//2392
f 2531//2531 2398//2398 2532//2532
f 2530//2530 2532//2532 2398//2398
f 2391//2391 2530//2530 2398//2398
f 2390//2390 2530//2530 2391//2391
f 2361//2361 2374//2374 2375//2375
f 1919//1919 2359//2359 2374//2374
f 394//394 390//390 395//395
f 391//391 395//395 390//390
f 356//356 387//387 365//365
f 360//360 356//356 365//365
f 356//356 360//360 355//355
f 358//358 349//349 355//355
f 355//355 359//359 358//358
f 360//360 365//365 364//364
f 411//411 413//413 412//412
f 420//420 412//412 413//413
f 1918//1918 2362//2362 2360//2360
f 2391//2391 2398//2398 2392//2392
f 2376//2376 2390//2390 2391//2391
f 2362//2362 2375//2375 2376//2376
f 2390//2390 2376//2376 2375//2375
f 2374//2374 2361//2361 1919//1919
f 2359//2359 1919//1919 419//419
f 392//392 407//407 409//409
f 392//392 409//409 408//408
f 408//408 393//393 392//392
f 408//408 388//388 393//393
f 394//394 393//393 389//389
f 394//394 386//386 390//390
f 386//386 387//387 378//378
f 378//378 387//387 356//356
f 387//387 369//369 365//365
f 369//369 387//387 410//410
f 410//410 372//372 369//369
f 1917//1917 420//420 421//421
f 2376//2376 2391//2391 2380//2380
f 2392//2392 2380//2380 2391//2391
f 2375//2375 2362//2362 2361//2361
f 1919//1919 421//421 419//419
f 419//419 421//421 415//415
f 415//415 407//407 419//419
f 409//409 407//407 415//415
f 389//389 393//393 388//388
f 386//386 394//394 389//389
f 386//386 389//389 387//387
f 414//414 372//372 410//410
f 372//372 414//414 411//411
f 414//414 413//413 411//411
f 420//420 413//413 415//415
f 421//421 420//420 415//415
f 421//421 1919//1919 1917//1917
f 1919//1919 2361//2361 1918//1918
f 1918//1918 1917//1917 1919//1919
f 2362//2362 1918//1918 2361//2361
f 413//413 409//409 415//415
f 414//414 408//408 409//409
f 408//408 414//414 410//410
f 410//410 388//388 408//408
f 410//410 389//389 388//388
f 389//389 410//410 387//387
f 409//409 413//413 414//414
f 360//360 359//359 355//355
f 392//392 406//406 407//407
f 6368//6368 2766//2766 2772//2772
f 347//347 346//346 345//345
f 345//345 341//341 347//347
f 345//345 340//340 336//336
f 340//340 344//344 338//338
f 332//332 335//335 330//330
f 274//274 269//269 334//334
f 339//339 335//335 376//376
f 331//331 330//330 326//326
f 375//375 381//381 377//377
f 375//375 376//376 381//381
f 258//258 267//267 266//266
f 1961//1961 1960//1960 1962//1962
f 1962//1962 1998//1998 1961//1961
f 1998//1998 2005//2005 2004//2004
f 1999//1999 2000//2000 2003//2003
f 2003//2003 2062//2062 2030//2030
f 2066//2066 2669//2669 2050//2050
f 2652//2652 2671//2671 2669//2669
f 2670//2670 2741//2741 2672//2672
f 2777//2777 2741//2741 2674//2674
f 6378//6378 2779//2779 2780//2780
f 6517//6517 6516//6516 6390//6390
f 1957//1957 1949//1949 1995//1995
f 1995//1995 1949//1949 1952//1952
f 1952//1952 1997//1997 1995//1995
f 1959//1959 1990//1990 1997//1997
f 1958//1958 1996//1996 1990//1990
f 2002//2002 2025//2025 1996//1996
f 2026//2026 2025//2025 2002//2002
f 2034//2034 2026//2026 2035//2035
f 2034//2034 2035//2035 2037//2037
f 2062//2062 2061//2061 2055//2055
f 2634//2634 2644//2644 2062//2062
f 2050//2050 2660//2660 2655//2655
f 2669//2669 2726//2726 2660//2660
f 2726//2726 2669//2669 2732//2732
f 2740//2740 2732//2732 2671//2671
f 6550//6550 6546//6546 6544//6544
f 6547//6547 6546//6546 6550//6550
f 6549//6549 6548//6548 6547//6547
f 6529//6529 6549//6549 6513//6513
f 6508//6508 6529//6529 6513//6513
f 6381//6381 6382//6382 6379//6379
f 6380//6380 6381//6381 6379//6379
f 6379//6379 6356//6356 6357//6357
f 6309//6309 6358//6358 2714//2714
f 2714//2714 2716//2716 2707//2707
f 6311//6311 6330//6330 6307//6307
f 6330//6330 6311//6311 6332//6332
f 6477//6477 6476//6476 6471//6471
f 6499//6499 6491//6491 6492//6492
f 6492//6492 6491//6491 6476//6476
f 6631//6631 6498//6498 6499//6499
f 6625//6625 6617//6617 6614//6614
f 6614//6614 6616//6616 6624//6624
f 6616//6616 6626//6626 6624//6624
f 6609//6609 6595//6595 6604//6604
f 6241//6241 6240//6240 6238//6238
f 6238//6238 6240//6240 6239//6239
f 6232//6232 6227//6227 6230//6230
f 6070//6070 6072//6072 6073//6073
f 6057//6057 6055//6055 6070//6070
f 6053//6053 6057//6057 6054//6054
f 2591//2591 2590//2590 6053//6053
f 2569//2569 2591//2591 2585//2585
f 2585//2585 2573//2573 2572//2572
f 2454//2454 2566//2566 2455//2455
f 2445//2445 2442//2442 2454//2454
f 2438//2438 2419//2419 2443//2443
f 2443//2443 2419//2419 2437//2437
f 2425//2425 2416//2416 2438//2438
f 2416//2416 2419//2419 2438//2438
f 2417//2417 2416//2416 2424//2424
f 2417//2417 2424//2424 2420//2420
f 2417//2417 2420//2420 2411//2411
f 2411//2411 2420//2420 2418//2418
f 2484//2484 2479//2479 2483//2483
f 2487//2487 2486//2486 2485//2485
f 2482//2482 2478//2478 2486//2486
f 2490//2490 2489//2489 2482//2482
f 2480//2480 2482//2482 2489//2489
f 2488//2488 2494//2494 2495//2495
f 2560//2560 2547//2547 2561//2561
f 6046//6046 6039//6039 6040//6040
f 6040//6040 6151//6151 6046//6046
f 6198//6198 6199//6199 6195//6195
f 6198//6198 6173//6173 6199//6199
f 6111//6111 6123//6123 6116//6116
f 6116//6116 6123//6123 6124//6124
f 6112//6112 6110//6110 6111//6111
f 6107//6107 6108//6108 5999//5999
f 5981//5981 5983//5983 5984//5984
f 5984//5984 5983//5983 5995//5995
f 2516//2516 4233//4233 5981//5981
f 5981//5981 4233//4233 5983//5983
f 2517//2517 4233//4233 2516//2516
f 2520//2520 1076//1076 1080//1080
f 1062//1062 1061//1061 1076//1076
f 1001//1001 1000//1000 1058//1058
f 971//971 978//978 972//972
f 972//972 978//978 979//979
f 968//968 977//977 391//391
f 382//382 383//383 375//375
f 375//375 377//377 382//382
f 245//245 246//246 247//247
f 247//247 244//244 245//245
f 264//264 268//268 265//265
f 257//257 258//258 260//260
f 265//265 267//267 258//258
f 264//264 247//247 268//268
f 381//381 332//332 328//328
f 969//969 977//977 971//971
f 981//981 996//996 1000//1000
f 1076//1076 2520//2520 1062//1062
f 2517//2517 2516//2516 1080//1080
f 5995//5995 5996//5996 5984//5984
f 5997//5997 5996//5996 5999//5999
f 6110//6110 6112//6112 6108//6108
f 6151//6151 6040//6040 6150//6150
f 2488//2488 2495//2495 2594//2594
f 2454//2454 2455//2455 2445//2445
f 2572//2572 2573//2573 2455//2455
f 2589//2589 2591//2591 6053//6053
f 6230//6230 6233//6233 6232//6232
f 6595//6595 6609//6609 6259//6259
f 6610//6610 6604//6604 6611//6611
f 6625//6625 6631//6631 6617//6617
f 6338//6338 6331//6331 6344//6344
f 6379//6379 6382//6382 6356//6356
f 6514//6514 6513//6513 6549//6549
f 6549//6549 6547//6547 6515//6515
f 6550//6550 6544//6544 6519//6519
f 6408//6408 6574//6574 6405//6405
f 6408//6408 6406//6406 6576//6576
f 6391//6391 6523//6523 6521//6521
f 6564//6564 6563//6563 6560//6560
f 6561//6561 6559//6559 6560//6560
f 6561//6561 6558//6558 6559//6559
f 6539//6539 6558//6558 6561//6561
f 6507//6507 6508//6508 6501//6501
f 6353//6353 6321//6321 6379//6379
f 6379//6379 6321//6321 6380//6380
f 2711//2711 6308//6308 6309//6309
f 6471//6471 6476//6476 6475//6475
f 6475//6475 6491//6491 6487//6487
f 6487//6487 6473//6473 6475//6475
f 6497//6497 6496//6496 6498//6498
f 6498//6498 6496//6496 6487//6487
f 6630//6630 6628//6628 6497//6497
f 6630//6630 6627//6627 6628//6628
f 6622//6622 6607//6607 6629//6629
f 6623//6623 6603//6603 6622//6622
f 6622//6622 6603//6603 6602//6602
f 6605//6605 6601//6601 6623//6623
f 6623//6623 6601//6601 6603//6603
f 6605//6605 6592//6592 6601//6601
f 6257//6257 6590//6590 6594//6594
f 6258//6258 6245//6245 6257//6257
f 6229//6229 6238//6238 6231//6231
f 6231//6231 6230//6230 6224//6224
f 6231//6231 6224//6224 6229//6229
f 6224//6224 6230//6230 6225//6225
f 6069//6069 6225//6225 6226//6226
f 6069//6069 6072//6072 6056//6056
f 6055//6055 6053//6053 2590//2590
f 2441//2441 2566//2566 2454//2454
f 2419//2419 2415//2415 2437//2437
f 2418//2418 1948//1948 2412//2412
f 2474//2474 1946//1946 1947//1947
f 2477//2477 1946//1946 2474//2474
f 2477//2477 2480//2480 2475//2475
f 2488//2488 2386//2386 2481//2481
f 2564//2564 6022//6022 6024//6024
f 6024//6024 6021//6021 2564//2564
f 6039//6039 6046//6046 6043//6043
f 6151//6151 6150//6150 6152//6152
f 6190//6190 6152//6152 6153//6153
f 6190//6190 6153//6153 6189//6189
f 6189//6189 6191//6191 6181//6181
f 6172//6172 6173//6173 6171//6171
f 6122//6122 6121//6121 6123//6123
f 6121//6121 6129//6129 6123//6123
f 5998//5998 5995//5995 5994//5994
f 1079//1079 1080//1080 1076//1076
f 975//975 995//995 978//978
f 377//377 958//958 382//382
f 6574//6574 6575//6575 6573//6573
f 6572//6572 6510//6510 6407//6407
f 6510//6510 6532//6532 6531//6531
f 6531//6531 6401//6401 6510//6510
f 6527//6527 6526//6526 6533//6533
f 6449//6449 6526//6526 6527//6527
f 6421//6421 6417//6417 6416//6416
f 2704//2704 2698//2698 6306//6306
f 2690//2690 2692//2692 2701//2701
f 2720//2720 6327//6327 2719//2719
f 6327//6327 6326//6326 2719//2719
f 6334//6334 6090//6090 6329//6329
f 6329//6329 6090//6090 6326//6326
f 6100//6100 6101//6101 6105//6105
f 6277//6277 6103//6103 6105//6105
f 6105//6105 6103//6103 6100//6100
f 6276//6276 6275//6275 6277//6277
f 6277//6277 6275//6275 6103//6103
f 6282//6282 6287//6287 6281//6281
f 6287//6287 6295//6295 6286//6286
f 6291//6291 6285//6285 6293//6293
f 6293//6293 6285//6285 6290//6290
f 6291//6291 6254//6254 6252//6252
f 6252//6252 6251//6251 6291//6291
f 6247//6247 6221//6221 6252//6252
f 6222//6222 6221//6221 6247//6247
f 6214//6214 6213//6213 6222//6222
f 6066//6066 6206//6206 6207//6207
f 6067//6067 6063//6063 6066//6066
f 6064//6064 6063//6063 6067//6067
f 6064//6064 6052//6052 6063//6063
f 6048//6048 6052//6052 6064//6064
f 2578//2578 2583//2583 2584//2584
f 2353//2353 2439//2439 2349//2349
f 1931//1931 1927//1927 1895//1895
f 2358//2358 1934//1934 1937//1937
f 1937//1937 1934//1934 1935//1935
f 2558//2558 2562//2562 6010//6010
f 6037//6037 6031//6031 6032//6032
f 6145//6145 6138//6138 6140//6140
f 6140//6140 6138//6138 6036//6036
f 6159//6159 6165//6165 6162//6162
f 6162//6162 6165//6165 6168//6168
f 6125//6125 4810//4810 6583//6583
f 6125//6125 4811//4811 4810//4810
f 4248//4248 4342//4342 4343//4343
f 4247//4247 4246//4246 4342//4342
f 963//963 984//984 964//964
f 956//956 379//379 955//955
f 955//955 379//379 324//324
f 241//241 242//242 243//243
f 241//241 243//243 250//250
f 251//251 250//250 255//255
f 252//252 249//249 251//251
f 254//254 251//251 255//255
f 991//991 992//992 986//986
f 4352//4352 4346//4346 4343//4343
f 4811//4811 6125//6125 4778//4778
f 6509//6509 6454//6454 6453//6453
f 6443//6443 6444//6444 6421//6421
f 6299//6299 6298//6298 6302//6302
f 2695//2695 2680//2680 2693//2693
f 2682//2682 2690//2690 2681//2681
f 6099//6099 6088//6088 6084//6084
f 2511//2511 2513//2513 2514//2514
f 2330//2330 2329//2329 2337//2337
f 2332//2332 2328//2328 2329//2329
f 1907//1907 1895//1895 1927//1927
f 1929//1929 1906//1906 1926//1926
f 2395//2395 2401//2401 2388//2388
f 2388//2388 2394//2394 2395//2395
f 2402//2402 2396//2396 2401//2401
f 2556//2556 6006//6006 2537//2537
f 6033//6033 6026//6026 6025//6025
f 6137//6137 6143//6143 6136//6136
f 6188//6188 6584//6584 4403//4403
f 4403//4403 6182//6182 6188//6188
f 6582//6582 6585//6585 4837//4837
f 4837//4837 6584//6584 6582//6582
f 4807//4807 6585//6585 6581//6581
f 4787//4787 4786//4786 4857//4857
f 4857//4857 4808//4808 4787//4787
f 4351//4351 4774//4774 4356//4356
f 1073//1073 1068//1068 1067//1067
f 1066//1066 1067//1067 1050//1050
f 320//320 321//321 319//319
f 2750//2750 2765//2765 6363//6363
f 2022//2022 1991//1991 1993//1993
f 1993//1993 2023//2023 2022//2022
f 2031//2031 2023//2023 2001//2001
f 2024//2024 2033//2033 2031//2031
f 2052//2052 2033//2033 2025//2025
f 2032//2032 2058//2058 2052//2052
f 2655//2655 2724//2724 2658//2658
f 2763//2763 2749//2749 2750//2750
f 2764//2764 6362//6362 2763//2763
f 6458//6458 6454//6454 6464//6464
f 6458//6458 6464//6464 6463//6463
f 6414//6414 6419//6419 6323//6323
f 2689//2689 2688//2688 2687//2687
f 2689//2689 2675//2675 2688//2688
f 2606//2606 2608//2608 2611//2611
f 6092//6092 6093//6093 6264//6264
f 6263//6263 6264//6264 6265//6265
f 6211//6211 6210//6210 6215//6215
f 2511//2511 2509//2509 2512//2512
f 2510//2510 2351//2351 2509//2509
f 2346//2346 2347//2347 2348//2348
f 1907//1907 1904//1904 1889//1889
f 1903//1903 1905//1905 1910//1910
f 4812//4812 4861//4861 4862//4862
f 4844//4844 4855//4855 4845//4845
f 4845//4845 4843//4843 4844//4844
f 4806//4806 4781//4781 4780//4780
f 4771//4771 4780//4780 4772//4772
f 4773//4773 4354//4354 4349//4349
f 4241//4241 4337//4337 4338//4338
f 240//240 239//239 295//295
f 2036//2036 2028//2028 2027//2027
f 2637//2637 2051//2051 2056//2056
f 2638//2638 2056//2056 2057//2057
f 2728//2728 2659//2659 2658//2658
f 6392//6392 6347//6347 6365//6365
f 6455//6455 6437//6437 6459//6459
f 6312//6312 6301//6301 6300//6300
f 2577//2577 2688//2688 2675//2675
f 2458//2458 2575//2575 2461//2461
f 2458//2458 2461//2461 2460//2460
f 2499//2499 2607//2607 2606//2606
f 2610//2610 2621//2621 2623//2623
f 2622//2622 2623//2623 2620//2620
f 2619//2619 2620//2620 6079//6079
f 6263//6263 6260//6260 6261//6261
f 5985//5985 5990//5990 5987//5987
f 5986//5986 5987//5987 2524//2524
f 2521//2521 2515//2515 2518//2518
f 2518//2518 2524//2524 2521//2521
f 2512//2512 2505//2505 2515//2515
f 2342//2342 2346//2346 2327//2327
f 1891//1891 1887//1887 1888//1888
f 1899//1899 1902//1902 1903//1903
f 2369//2369 2356//2356 2370//2370
f 6027//6027 6135//6135 4362//4362
f 4360//4360 4362//4362 4397//4397
f 4821//4821 4822//4822 4835//4835
f 4834//4834 4835//4835 4836//4836
f 4836//4836 4862//4862 4834//4834
f 4839//4839 4840//4840 4841//4841
f 4771//4771 4791//4791 4805//4805
f 4791//4791 4771//4771 4349//4349
f 4241//4241 4237//4237 4239//4239
f 4226//4226 4239//4239 4237//4237
f 1064//1064 1053//1053 1063//1063
f 231//231 230//230 316//316
f 313//313 229//229 236//236
f 4853//4853 4851//4851 4871//4871
f 4867//4867 4851//4851 4853//4853
f 4867//4867 4850//4850 4851//4851
f 4840//4840 4849//4849 4852//4852
f 4791//4791 4377//4377 4790//4790
f 4348//4348 4377//4377 4347//4347
f 4335//4335 4334//4334 4340//4340
f 4335//4335 4239//4239 4334//4334
f 4238//4238 4239//4239 4228//4228
f 1070//1070 4224//4224 1064//1064
f 949//949 1025//1025 1023//1023
f 952//952 1025//1025 949//949
f 230//230 229//229 228//228
f 2007//2007 2010//2010 1992//1992
f 2636//2636 2650//2650 2648//2648
f 2648//2648 2060//2060 2636//2636
f 2636//2636 2646//2646 2650//2650
f 2745//2745 2729//2729 2727//2727
f 6484//6484 6451//6451 6452//6452
f 6446//6446 6450//6450 6445//6445
f 6456//6456 6457//6457 6459//6459
f 6429//6429 6420//6420 6418//6418
f 6316//6316 6411//6411 6412//6412
f 6313//6313 6315//6315 6409//6409
f 6118//6118 6117//6117 6131//6131
f 405//405 1909//1909 2355//2355
f 2396//2396 2528//2528 2387//2387
f 2530//2530 2397//2397 2548//2548
f 4801//4801 4800//4800 4393//4393
f 4380//4380 4379//4379 4390//4390
f 4379//4379 4380//4380 4381//4381
f 4381//4381 4321//4321 4379//4379
f 4321//4321 4381//4381 4318//4318
f 4318//4318 4316//4316 4321//4321
f 4317//4317 4316//4316 4319//4319
f 4317//4317 4319//4319 4325//4325
f 4327//4327 4325//4325 4731//4731
f 4731//4731 4730//4730 4327//4327
f 4619//4619 4613//4613 4620//4620
f 4613//4613 4619//4619 4615//4615
f 4613//4613 4615//4615 4616//4616
f 4616//4616 4614//4614 4613//4613
f 4616//4616 4608//4608 4614//4614
f 4608//4608 4616//4616 4607//4607
f 4557//4557 4555//4555 4607//4607
f 4542//4542 4539//4539 4541//4541
f 3904//3904 3873//3873 3898//3898
f 3799//3799 3769//3769 3798//3798
f 3753//3753 3752//3752 3769//3769
f 594//594 554//554 491//491
f 554//554 498//498 491//491
f 168//168 169//169 170//170
f 55//55 50//50 52//52
f 52//52 51//51 55//55
f 118//118 55//55 51//51
f 56//56 122//122 53//53
f 54//54 53//53 122//122
f 47//47 54//54 123//123
f 170//170 171//171 168//168
f 168//168 171//171 526//526
f 590//590 597//597 595//595
f 637//637 598//598 622//622
f 637//637 622//622 3753//3753
f 3766//3766 3765//3765 3791//3791
f 3762//3762 3758//3758 3793//3793
f 3745//3745 3755//3755 3743//3743
f 3745//3745 3759//3759 3755//3755
f 3759//3759 3758//3758 3755//3755
f 3898//3898 3906//3906 3904//3904
f 4540//4540 4539//4539 4537//4537
f 4551//4551 4552//4552 4556//4556
f 3871//3871 3898//3898 3873//3873
f 3798//3798 3801//3801 3867//3867
f 3796//3796 3801//3801 3752//3752
f 3792//3792 3793//3793 3794//3794
f 3758//3758 3795//3795 3793//3793
f 3758//3758 3759//3759 3795//3795
f 4540//4540 4537//4537 3904//3904
f 3800//3800 3766//3766 3791//3791
f 3791//3791 3792//3792 3794//3794
f 3793//3793 3775//3775 3794//3794
f 3715//3715 3759//3759 3745//3745
f 3745//3745 3743//3743 628//628
f 3759//3759 3715//3715 3729//3729
f 3772//3772 3795//3795 3759//3759
f 3793//3793 3772//3772 3775//3775
f 3871//3871 3866//3866 3867//3867
f 4540//4540 3904//3904 3906//3906
f 4544//4544 4546//4546 4552//4552
f 4541//4541 4540//4540 4456//4456
f 3898//3898 3899//3899 3907//3907
f 3899//3899 3898//3898 3900//3900
f 3898//3898 3871//3871 3900//3900
f 3773//3773 3800//3800 3794//3794
f 3772//3772 3728//3728 3775//3775
f 3772//3772 3729//3729 3728//3728
f 628//628 3715//3715 3745//3745
f 628//628 3743//3743 624//624
f 3716//3716 3729//3729 3715//3715
f 3757//3757 3754//3754 3721//3721
f 3757//3757 3756//3756 3754//3754
f 3720//3720 3728//3728 3717//3717
f 3718//3718 628//628 629//629
f 624//624 3744//3744 3746//3746
f 632//632 624//624 3746//3746
f 632//632 3746//3746 3741//3741
f 3719//3719 3720//3720 3717//3717
f 4458//4458 4456//4456 3915//3915
f 4456//4456 4457//4457 3915//3915
f 4459//4459 4544//4544 4541//4541
f 4545//4545 4544//4544 4459//4459
f 3910//3910 4459//4459 4458//4458
f 3754//3754 3756//3756 3720//3720
f 3757//3757 3721//3721 3722//3722
f 3757//3757 3722//3722 3773//3773
f 3800//3800 3773//3773 3780//3780
f 3864//3864 3870//3870 3865//3865
f 3865//3865 3801//3801 3796//3796
f 3897//3897 3801//3801 3865//3865
f 4541//4541 4458//4458 4459//4459
f 3909//3909 4457//4457 3907//3907
f 3909//3909 3907//3907 3908//3908
f 3900//3900 3908//3908 3899//3899
f 3848//3848 3800//3800 3780//3780
f 3908//3908 3900//3900 3905//3905
f 4457//4457 3909//3909 3916//3916
f 3915//3915 4457//4457 3916//3916
f 3900//3900 3897//3897 3905//3905
f 3865//3865 3870//3870 3897//3897
f 3864//3864 3869//3869 3870//3870
f 3902//3902 3905//3905 3897//3897
f 3869//3869 3864//3864 3848//3848
f 630//630 629//629 626//626
f 3730//3730 3754//3754 3720//3720
f 3721//3721 3754//3754 3730//3730
f 3876//3876 3870//3870 3869//3869
f 3903//3903 3902//3902 3897//3897
f 3917//3917 3916//3916 3909//3909
f 3915//3915 3910//3910 4458//4458
f 3917//3917 3909//3909 4447//4447
f 3903//3903 3897//3897 3870//3870
f 3903//3903 3870//3870 3876//3876
f 3869//3869 3848//3848 3847//3847
f 3847//3847 3848//3848 3780//3780
f 3916//3916 3912//3912 3915//3915
f 3911//3911 3910//3910 3915//3915
f 3915//3915 3912//3912 3911//3911
f 3720//3720 3719//3719 3730//3730
f 629//629 630//630 613//613
f 3780//3780 3773//3773 3774//3774
f 3842//3842 3780//3780 3774//3774
f 4449//4449 3905//3905 3902//3902
f 3905//3905 4449//4449 4448//4448
f 3914//3914 3912//3912 3916//3916
f 3916//3916 3917//3917 3914//3914
f 3903//3903 4446//4446 3902//3902
f 3721//3721 3730//3730 613//613
f 3719//3719 613//613 3730//3730
f 3773//3773 3731//3731 3774//3774
f 3849//3849 3847//3847 3842//3842
f 3876//3876 3882//3882 4446//4446
f 4446//4446 3903//3903 3876//3876
f 3902//3902 4446//4446 4449//4449
f 3912//3912 3914//3914 3913//3913
f 4447//4447 4448//4448 4450//4450
f 4449//4449 4452//4452 4448//4448
f 3849//3849 3877//3877 3847//3847
f 3731//3731 3773//3773 3722//3722
f 3842//3842 3774//3774 3850//3850
f 3849//3849 3842//3842 3850//3850
f 3877//3877 3882//3882 3876//3876
f 4453//4453 4451//4451 4450//4450
f 4437//4437 4449//4449 4446//4446
f 3781//3781 3850//3850 3774//3774
f 4421//4421 4446//4446 3882//3882
f 4450//4450 4448//4448 4453//4453
f 4449//4449 4437//4437 4452//4452
f 3877//3877 3883//3883 3882//3882
f 3878//3878 3883//3883 3877//3877
f 3731//3731 3732//3732 3774//3774
f 3882//3882 3883//3883 4421//4421
f 3878//3878 3849//3849 3879//3879
f 3851//3851 3879//3879 3849//3849
f 3774//3774 3732//3732 3781//3781
f 3722//3722 3721//3721 612//612
f 614//614 3731//3731 3722//3722
f 3878//3878 4422//4422 3883//3883
f 4421//4421 4423//4423 4437//4437
f 4437//4437 4438//4438 4452//4452
f 4453//4453 4448//4448 4461//4461
f 4453//4453 4461//4461 4462//4462
f 4452//4452 4461//4461 4448//4448
f 4437//4437 4439//4439 4438//4438
f 3883//3883 4422//4422 4421//4421
f 3850//3850 3843//3843 3851//3851
f 3850//3850 3781//3781 3843//3843
f 4423//4423 4421//4421 4422//4422
f 4437//4437 4423//4423 4439//4439
f 4454//4454 4453//4453 4462//4462
f 3884//3884 3878//3878 3879//3879
f 3880//3880 3879//3879 3851//3851
f 3781//3781 3782//3782 3843//3843
f 614//614 3722//3722 612//612
f 4423//4423 4422//4422 4433//4433
f 4454//4454 4451//4451 4453//4453
f 4463//4463 4461//4461 4452//4452
f 4452//4452 4438//4438 4463//4463
f 4433//4433 4439//4439 4423//4423
f 4424//4424 4433//4433 4422//4422
f 4422//4422 3884//3884 4424//4424
f 3880//3880 3884//3884 3879//3879
f 3781//3781 3732//3732 3782//3782
f 3731//3731 3723//3723 3732//3732
f 3844//3844 3880//3880 3851//3851
f 3844//3844 3851//3851 3843//3843
f 3843//3843 3782//3782 3776//3776
f 3884//3884 3885//3885 4424//4424
f 4439//4439 4463//4463 4438//4438
f 4461//4461 4472//4472 4462//4462
f 4440//4440 4463//4463 4439//4439
f 4439//4439 4433//4433 4441//4441
f 4442//4442 4433//4433 4424//4424
f 3874//3874 3880//3880 3844//3844
f 3712//3712 3732//3732 3723//3723
f 3731//3731 614//614 3723//3723
f 611//611 612//612 3721//3721
f 613//613 611//611 3721//3721
f 3712//3712 3724//3724 3732//3732
f 3776//3776 3782//3782 3724//3724
f 3845//3845 3874//3874 3844//3844
f 4424//4424 3885//3885 4425//4425
f 4425//4425 4442//4442 4424//4424
f 4441//4441 4440//4440 4439//4439
f 4472//4472 4461//4461 4466//4466
f 4440//4440 4465//4465 4463//4463
f 4442//4442 4441//4441 4433//4433
f 3843//3843 3776//3776 3777//3777
f 3843//3843 3777//3777 3844//3844
f 4463//4463 4465//4465 4466//4466
f 4466//4466 4465//4465 4467//4467
f 3881//3881 4425//4425 3885//3885
f 3875//3875 3881//3881 3874//3874
f 3844//3844 3777//3777 3841//3841
f 612//612 611//611 605//605
f 606//606 3723//3723 614//614
f 3845//3845 3844//3844 3841//3841
f 4426//4426 4441//4441 4442//4442
f 4465//4465 4468//4468 4467//4467
f 4434//4434 4465//4465 4440//4440
f 4440//4440 4441//4441 4434//4434
f 3846//3846 3875//3875 3845//3845
f 3841//3841 3777//3777 3778//3778
f 3777//3777 3724//3724 3725//3725
f 626//626 627//627 630//630
f 627//627 613//613 630//630
f 3723//3723 606//606 607//607
f 4426//4426 4428//4428 4434//4434
f 3779//3779 3846//3846 3841//3841
f 3770//3770 3725//3725 3713//3713
f 3712//3712 607//607 608//608
f 3712//3712 3723//3723 607//607
f 606//606 614//614 605//605
f 611//611 613//613 577//577
f 627//627 576//576 613//613
f 576//576 577//577 613//613
f 3726//3726 3778//3778 3770//3770
f 3779//3779 3841//3841 3778//3778
f 3846//3846 3779//3779 3858//3858
f 3890//3890 3881//3881 3875//3875
f 4426//4426 4427//4427 4428//4428
f 4431//4431 4434//4434 4428//4428
f 3890//3890 3875//3875 3858//3858
f 627//627 626//626 631//631
f 631//631 624//624 632//632
f 3741//3741 633//633 632//632
f 633//633 631//631 632//632
f 3890//3890 3886//3886 3891//3891
f 4431//4431 4435//4435 4443//4443
f 4431//4431 4430//4430 4435//4435
f 4428//4428 4429//4429 4431//4431
f 4428//4428 3891//3891 3892//3892
f 3859//3859 3886//3886 3858//3858
f 3779//3779 3852//3852 3859//3859
f 3726//3726 3771//3771 3779//3779
f 3713//3713 3714//3714 3726//3726
f 601//601 609//609 608//608
f 606//606 571//571 607//607
f 605//605 575//575 606//606
f 627//627 592//592 576//576
f 592//592 627//627 631//631
f 3747//3747 633//633 3741//3741
f 3747//3747 3741//3741 3746//3746
f 624//624 3743//3743 3744//3744
f 605//605 577//577 575//575
f 572//572 601//601 607//607
f 3852//3852 3779//3779 3771//3771
f 3886//3886 3859//3859 3860//3860
f 3886//3886 3892//3892 3891//3891
f 3892//3892 4429//4429 4428//4428
f 4431//4431 4429//4429 4430//4430
f 3886//3886 3887//3887 3892//3892
f 607//607 571//571 572//572
f 631//631 625//625 592//592
f 480//480 575//575 577//577
f 3727//3727 3737//3737 3771//3771
f 3859//3859 3852//3852 3853//3853
f 3860//3860 3887//3887 3886//3886
f 4429//4429 3892//3892 3896//3896
f 3853//3853 3860//3860 3859//3859
f 3783//3783 3852//3852 3771//3771
f 3727//3727 3714//3714 610//610
f 3726//3726 3714//3714 3727//3727
f 609//609 603//603 3714//3714
f 601//601 602//602 609//609
f 572//572 567//567 601//601
f 572//572 571//571 566//566
f 625//625 631//631 633//633
f 576//576 480//480 577//577
f 575//575 478//478 571//571
f 566//566 567//567 572//572
f 609//609 602//602 603//603
f 3852//3852 3783//3783 3853//3853
f 3854//3854 3860//3860 3853//3853
f 3854//3854 3887//3887 3860//3860
f 3787//3787 3854//3854 3853//3853
f 602//602 601//601 570//570
f 593//593 592//592 625//625
f 479//479 575//575 480//480
f 575//575 479//479 478//478
f 3787//3787 3853//3853 3783//3783
f 3892//3892 3888//3888 3893//3893
f 3738//3738 3783//3783 3737//3737
f 3733//3733 3737//3737 3727//3727
f 3727//3727 610//610 3733//3733
f 471//471 566//566 571//571
f 576//576 592//592 589//589
f 593//593 589//589 592//592
f 602//602 570//570 568//568
f 602//602 568//568 603//603
f 604//604 610//610 603//603
f 3738//3738 3737//3737 3733//3733
f 3862//3862 3861//3861 3887//3887
f 3861//3861 3888//3888 3887//3887
f 3862//3862 3854//3854 3788//3788
f 603//603 573//573 604//604
f 603//603 568//568 573//573
f 566//566 476//476 567//567
f 479//479 473//473 478//478
f 479//479 480//480 475//475
f 480//480 576//576 475//475
f 475//475 576//576 588//588
f 589//589 588//588 576//576
f 598//598 591//591 593//593
f 590//590 492//492 596//596
f 493//493 590//590 491//491
f 491//491 498//498 527//527
f 527//527 171//171 172//172
f 165//165 133//133 156//156
f 132//132 133//133 165//165
f 118//118 51//51 110//110
f 129//129 120//120 132//132
f 172//172 156//156 173//173
f 491//491 527//527 470//470
f 590//590 493//493 492//492
f 596//596 492//492 497//497
f 596//596 497//497 591//591
f 589//589 593//593 591//591
f 476//476 566//566 471//471
f 3787//3787 3738//3738 3784//3784
f 3854//3854 3787//3787 3788//3788
f 3861//3861 3862//3862 3856//3856
f 3856//3856 3788//3788 3855//3855
f 3788//3788 3784//3784 3785//3785
f 3734//3734 3784//3784 3738//3738
f 604//604 583//583 618//618
f 437//437 476//476 471//471
f 567//567 476//476 472//472
f 3738//3738 619//619 3734//3734
f 3734//3734 3785//3785 3784//3784
f 492//492 494//494 497//497
f 467//467 494//494 492//492
f 493//493 467//467 492//492
f 467//467 470//470 469//469
f 133//133 132//132 120//120
f 129//129 123//123 120//120
f 123//123 54//54 122//122
f 55//55 121//121 56//56
f 121//121 55//55 118//118
f 467//467 468//468 494//494
f 155//155 173//173 156//156
f 122//122 124//124 123//123
f 122//122 56//56 125//125
f 121//121 118//118 126//126
f 127//127 56//56 121//121
f 467//467 469//469 468//468
f 494//494 468//468 463//463
f 496//496 589//589 495//495
f 479//479 441//441 440//440
f 479//479 440//440 473//473
f 478//478 473//473 474//474
f 474//474 471//471 478//478
f 569//569 574//574 573//573
f 583//583 615//615 619//619
f 3735//3735 3785//3785 3734//3734
f 3734//3734 620//620 3735//3735
f 3734//3734 619//619 620//620
f 479//479 475//475 441//441
f 569//569 487//487 574//574
f 583//583 574//574 578//578
f 620//620 619//619 615//615
f 579//579 615//615 583//583
f 569//569 477//477 487//487
f 494//494 495//495 497//497
f 173//173 468//468 469//469
f 120//120 123//123 124//124
f 124//124 122//122 128//128
f 128//128 122//122 125//125
f 126//126 127//127 121//121
f 495//495 494//494 463//463
f 157//157 468//468 173//173
f 588//588 496//496 466//466
f 466//466 475//475 588//588
f 473//473 436//436 474//474
f 472//472 437//437 439//439
f 487//487 578//578 574//574
f 579//579 584//584 615//615
f 584//584 620//620 615//615
f 621//621 620//620 584//584
f 437//437 434//434 438//438
f 473//473 440//440 436//436
f 125//125 56//56 127//127
f 124//124 125//125 120//120
f 496//496 464//464 466//466
f 435//435 437//437 474//474
f 439//439 481//481 477//477
f 487//487 482//482 578//578
f 579//579 578//578 488//488
f 581//581 580//580 585//585
f 463//463 158//158 458//458
f 157//157 158//158 468//468
f 125//125 124//124 128//128
f 475//475 465//465 461//461
f 70//70 441//441 460//460
f 72//72 435//435 436//436
f 434//434 435//435 103//103
f 482//482 451//451 445//445
f 488//488 482//482 483//483
f 489//489 581//581 488//488
f 580//580 581//581 489//489
f 450//450 443//443 451//451
f 65//65 103//103 435//435
f 65//65 435//435 72//72
f 441//441 461//461 460//460
f 158//158 457//457 458//458
f 125//125 155//155 120//120
f 157//157 155//155 127//127
f 465//465 475//475 466//466
f 464//464 465//465 466//466
f 463//463 458//458 464//464
f 460//460 461//461 455//455
f 70//70 436//436 440//440
f 434//434 103//103 442//442
f 443//443 445//445 451//451
f 483//483 482//482 445//445
f 489//489 483//483 484//484
f 438//438 442//442 443//443
f 459//459 461//461 465//465
f 456//456 459//459 465//465
f 458//458 457//457 456//456
f 158//158 157//157 127//127
f 456//456 465//465 458//458
f 464//464 458//458 465//465
f 158//158 127//127 146//146
f 457//457 158//158 146//146
f 68//68 460//460 455//455
f 436//436 70//70 72//72
f 103//103 65//65 64//64
f 93//93 443//443 442//442
f 443//443 444//444 445//445
f 483//483 445//445 447//447
f 452//452 484//484 483//483
f 447//447 452//452 483//483
f 443//443 94//94 444//444
f 93//93 94//94 443//443
f 93//93 442//442 103//103
f 105//105 456//456 457//457
f 125//125 127//127 155//155
f 105//105 459//459 456//456
f 459//459 462//462 461//461
f 461//461 462//462 455//455
f 68//68 70//70 460//460
f 66//66 64//64 65//65
f 103//103 64//64 93//93
f 446//446 445//445 444//444
f 65//65 67//67 66//66
f 67//67 65//65 72//72
f 459//459 107//107 462//462
f 457//457 146//146 105//105
f 127//127 126//126 146//146
f 110//110 36//36 35//35
f 33//33 16//16 37//37
f 36//36 37//37 19//19
f 19//19 35//35 36//36
f 107//107 459//459 105//105
f 70//70 68//68 69//69
f 444//444 94//94 95//95
f 446//446 447//447 445//445
f 446//446 444//444 95//95
f 96//96 94//94 93//93
f 93//93 64//64 81//81
f 72//72 70//70 71//71
f 149//149 104//104 68//68
f 149//149 68//68 455//455
f 93//93 81//81 96//96
f 96//96 95//95 94//94
f 447//447 446//446 101//101
f 452//452 447//447 101//101
f 101//101 446//446 95//95
f 66//66 67//67 73//73
f 67//67 72//72 71//71
f 69//69 71//71 70//70
f 455//455 148//148 149//149
f 106//106 148//148 455//455
f 35//35 19//19 22//22
f 18//18 22//22 19//19
f 19//19 20//20 18//18
f 16//16 31//31 15//15
f 37//37 16//16 19//19
f 35//35 41//41 110//110
f 106//106 455//455 462//462
f 108//108 107//107 105//105
f 119//119 108//108 105//105
f 110//110 41//41 111//111
f 31//31 16//16 32//32
f 19//19 16//16 20//20
f 462//462 107//107 106//106
f 110//110 109//109 108//108
f 107//107 108//108 109//109
f 107//107 109//109 106//106
f 61//61 69//69 68//68
f 64//64 66//66 73//73
f 82//82 81//81 64//64
f 81//81 75//75 96//96
f 101//101 95//95 97//97
f 97//97 95//95 77//77
f 96//96 77//77 95//95
f 73//73 82//82 64//64
f 60//60 67//67 71//71
f 110//110 111//111 109//109
f 16//16 2//2 20//20
f 1//1 16//16 15//15
f 2//2 16//16 1//1
f 20//20 2//2 21//21
f 109//109 147//147 106//106
f 104//104 61//61 68//68
f 61//61 71//71 69//69
f 97//97 98//98 101//101
f 76//76 77//77 96//96
f 61//61 60//60 71//71
f 74//74 63//63 61//61
f 149//149 148//148 151//151
f 18//18 21//21 22//22
f 21//21 18//18 20//20
f 147//147 152//152 148//148
f 104//104 74//74 61//61
f 100//100 99//99 97//97
f 77//77 100//100 97//97
f 84//84 76//76 75//75
f 83//83 84//84 75//75
f 62//62 73//73 60//60
f 60//60 61//61 63//63
f 63//63 62//62 60//60
f 77//77 76//76 78//78
f 76//76 84//84 89//89
f 62//62 83//83 82//82
f 22//22 21//21 23//23
f 3//3 21//21 2//2
f 21//21 3//3 23//23
f 148//148 152//152 151//151
f 150//150 85//85 104//104
f 104//104 85//85 74//74
f 73//73 62//62 82//82
f 62//62 10//10 83//83
f 84//84 83//83 10//10
f 76//76 89//89 78//78
f 149//149 150//150 104//104
f 151//151 150//150 149//149
f 35//35 22//22 41//41
f 74//74 86//86 63//63
f 62//62 63//63 86//86
f 78//78 89//89 79//79
f 89//89 84//84 9//9
f 152//152 145//145 151//151
f 147//147 109//109 112//112
f 112//112 41//41 113//113
f 22//22 42//42 41//41
f 150//150 151//151 145//145
f 5//5 62//62 86//86
f 5//5 10//10 62//62
f 89//89 9//9 79//79
f 87//87 74//74 85//85
f 3//3 17//17 23//23
f 39//39 40//40 23//23
f 40//40 42//42 22//22
f 42//42 113//113 41//41
f 112//112 113//113 147//147
f 147//147 153//153 152//152
f 87//87 4//4 74//74
f 4//4 86//86 74//74
f 5//5 86//86 4//4
f 150//150 87//87 85//85
f 153//153 147//147 113//113
f 17//17 39//39 23//23
f 145//145 113//113 154//154
f 11//11 88//88 42//42
f 152//152 153//153 145//145
f 150//150 145//145 114//114
f 87//87 150//150 114//114
f 10//10 5//5 6//6
f 9//9 10//10 6//6
f 39//39 38//38 4//4
f 4//4 87//87 88//88
f 4//4 88//88 11//11
f 114//114 145//145 154//154
f 154//154 88//88 114//114
f 88//88 87//87 114//114
f 39//39 42//42 40//40
f 4//4 8//8 6//6
f 4//4 42//42 39//39
f 4//4 11//11 42//42
f 6//6 8//8 7//7
f 4//4 6//6 5//5
f 113//113 145//145 153//153
f 113//113 88//88 154//154
f 42//42 88//88 113//113
f 22//22 23//23 40//40
f 9//9 84//84 10//10
f 41//41 112//112 111//111
f 111//111 112//112 109//109
f 147//147 148//148 106//106
f 73//73 67//67 60//60
f 83//83 81//81 82//82
f 75//75 81//81 83//83
f 76//76 96//96 75//75
f 32//32 51//51 31//31
f 32//32 33//33 51//51
f 36//36 110//110 51//51
f 119//119 110//110 108//108
f 33//33 32//32 16//16
f 37//37 36//36 33//33
f 126//126 119//119 146//146
f 105//105 146//146 119//119
f 441//441 70//70 440//440
f 438//438 434//434 442//442
f 450//450 438//438 443//443
f 489//489 488//488 483//483
f 441//441 475//475 461//461
f 474//474 436//436 435//435
f 450//450 481//481 439//439
f 481//481 451//451 487//487
f 621//621 584//584 585//585
f 578//578 482//482 488//488
f 437//437 435//435 434//434
f 581//581 584//584 579//579
f 584//584 581//581 585//585
f 488//488 581//581 579//579
f 482//482 487//487 451//451
f 450//450 451//451 481//481
f 450//450 439//439 438//438
f 133//133 120//120 155//155
f 155//155 157//157 173//173
f 158//158 463//463 468//468
f 463//463 464//464 495//495
f 496//496 495//495 464//464
f 437//437 471//471 474//474
f 477//477 472//472 439//439
f 620//620 621//621 3735//3735
f 579//579 583//583 578//578
f 481//481 487//487 477//477
f 438//438 439//439 437//437
f 119//119 126//126 118//118
f 496//496 588//588 589//589
f 476//476 437//437 472//472
f 477//477 568//568 472//472
f 569//569 568//568 477//477
f 574//574 583//583 604//604
f 156//156 133//133 155//155
f 172//172 173//173 469//469
f 470//470 527//527 172//172
f 589//589 591//591 495//495
f 591//591 497//497 495//495
f 469//469 470//470 172//172
f 470//470 493//493 491//491
f 467//467 493//493 470//470
f 569//569 573//573 568//568
f 574//574 604//604 573//573
f 583//583 619//619 618//618
f 472//472 570//570 567//567
f 568//568 570//570 472//472
f 604//604 618//618 610//610
f 3738//3738 3733//3733 619//619
f 3856//3856 3862//3862 3788//3788
f 3788//3788 3787//3787 3784//3784
f 3733//3733 618//618 619//619
f 156//156 170//170 165//165
f 171//171 527//527 526//526
f 498//498 499//499 526//526
f 491//491 595//595 594//594
f 595//595 491//491 590//590
f 3752//3752 3798//3798 3769//3769
f 3752//3752 3801//3801 3798//3798
f 3766//3766 3796//3796 3752//3752
f 3792//3792 3762//3762 3793//3793
f 3743//3743 3755//3755 3744//3744
f 3747//3747 3746//3746 3760//3760
f 591//591 598//598 596//596
f 526//526 527//527 498//498
f 156//156 172//172 171//171
f 156//156 171//171 170//170
f 596//596 597//597 590//590
f 598//598 597//597 596//596
f 3753//3753 622//622 3752//3752
f 3749//3749 633//633 3747//3747
f 633//633 3749//3749 3748//3748
f 633//633 3748//3748 625//625
f 3748//3748 3742//3742 625//625
f 3762//3762 3760//3760 3758//3758
f 3755//3755 3760//3760 3744//3744
f 3760//3760 3746//3746 3744//3744
f 3750//3750 634//634 3742//3742
f 3749//3749 3761//3761 3750//3750
f 3749//3749 3747//3747 3762//3762
f 3750//3750 3761//3761 3763//3763
f 3750//3750 3763//3763 634//634
f 625//625 3742//3742 634//634
f 3751//3751 3752//3752 634//634
f 3762//3762 3747//3747 3760//3760
f 3762//3762 3761//3761 3749//3749
f 634//634 3763//3763 3751//3751
f 3752//3752 622//622 634//634
f 3752//3752 3751//3751 3766//3766
f 3766//3766 3751//3751 3765//3765
f 3765//3765 3764//3764 3791//3791
f 3764//3764 3792//3792 3791//3791
f 3792//3792 3764//3764 3762//3762
f 3764//3764 3761//3761 3762//3762
f 3764//3764 3763//3763 3761//3761
f 3751//3751 3763//3763 3765//3765
f 3763//3763 3764//3764 3765//3765
f 3758//3758 3760//3760 3755//3755
f 3750//3750 3742//3742 3748//3748
f 3749//3749 3750//3750 3748//3748
f 598//598 593//593 622//622
f 610//610 618//618 3733//3733
f 3783//3783 3738//3738 3787//3787
f 571//571 478//478 471//471
f 3862//3862 3887//3887 3854//3854
f 567//567 570//570 601//601
f 3714//3714 603//603 610//610
f 3771//3771 3737//3737 3783//3783
f 3892//3892 3887//3887 3888//3888
f 606//606 575//575 571//571
f 3713//3713 609//609 3714//3714
f 3726//3726 3727//3727 3771//3771
f 609//609 3713//3713 608//608
f 3770//3770 3713//3713 3726//3726
f 3858//3858 3779//3779 3859//3859
f 3890//3890 3858//3858 3886//3886
f 3891//3891 4428//4428 4427//4427
f 607//607 601//601 608//608
f 611//611 577//577 605//605
f 3713//3713 3725//3725 608//608
f 3726//3726 3779//3779 3778//3778
f 3890//3890 3891//3891 3881//3881
f 3891//3891 4427//4427 3881//3881
f 4431//4431 4443//4443 4434//4434
f 631//631 626//626 624//624
f 614//614 612//612 605//605
f 3712//3712 3725//3725 3724//3724
f 3777//3777 3725//3725 3770//3770
f 3770//3770 3778//3778 3777//3777
f 4441//4441 4426//4426 4434//4434
f 4468//4468 4465//4465 4443//4443
f 4465//4465 4434//4434 4443//4443
f 4426//4426 4425//4425 4427//4427
f 4425//4425 3881//3881 4427//4427
f 3875//3875 3846//3846 3858//3858
f 3725//3725 3712//3712 608//608
f 3845//3845 3841//3841 3846//3846
f 3776//3776 3724//3724 3777//3777
f 3845//3845 3875//3875 3874//3874
f 3881//3881 3885//3885 3874//3874
f 4425//4425 4426//4426 4442//4442
f 3782//3782 3732//3732 3724//3724
f 3885//3885 3884//3884 3874//3874
f 4466//4466 4461//4461 4463//4463
f 3874//3874 3884//3884 3880//3880
f 4422//4422 3878//3878 3884//3884
f 3849//3849 3850//3850 3851//3851
f 3877//3877 3849//3849 3878//3878
f 4421//4421 4437//4437 4446//4446
f 4451//4451 3914//3914 4450//4450
f 3869//3869 3847//3847 3877//3877
f 3869//3869 3877//3877 3876//3876
f 4447//4447 4450//4450 3917//3917
f 3917//3917 4450//4450 3914//3914
f 3847//3847 3780//3780 3842//3842
f 4447//4447 3905//3905 4448//4448
f 3908//3908 3905//3905 4447//4447
f 3909//3909 3908//3908 4447//4447
f 628//628 624//624 626//626
f 629//629 628//628 626//626
f 3718//3718 629//629 613//613
f 613//613 3717//3717 3718//3718
f 3717//3717 613//613 3719//3719
f 3728//3728 3720//3720 3756//3756
f 3715//3715 3718//3718 3716//3716
f 3716//3716 3728//3728 3729//3729
f 3775//3775 3756//3756 3757//3757
f 3775//3775 3757//3757 3794//3794
f 3864//3864 3796//3796 3766//3766
f 3796//3796 3864//3864 3865//3865
f 3900//3900 3867//3867 3897//3897
f 3908//3908 3907//3907 3899//3899
f 4546//4546 4544//4544 4543//4543
f 4457//4457 4456//4456 3907//3907
f 3801//3801 3897//3897 3867//3867
f 3766//3766 3800//3800 3864//3864
f 3773//3773 3794//3794 3757//3757
f 3716//3716 3717//3717 3728//3728
f 628//628 3718//3718 3715//3715
f 3718//3718 3717//3717 3716//3716
f 3848//3848 3864//3864 3800//3800
f 4458//4458 4541//4541 4456//4456
f 3728//3728 3756//3756 3775//3775
f 3791//3791 3794//3794 3800//3800
f 3867//3867 3900//3900 3871//3871
f 3906//3906 3898//3898 3907//3907
f 4540//4540 3906//3906 4456//4456
f 4544//4544 4552//4552 4551//4551
f 4544//4544 4551//4551 4541//4541
f 3907//3907 4456//4456 3906//3906
f 3759//3759 3729//3729 3772//3772
f 3772//3772 3793//3793 3795//3795
f 3799//3799 3798//3798 3867//3867
f 4540//4540 4541//4541 4539//4539
f 4557//4557 4552//4552 4546//4546
f 169//169 163//163 170//170
f 168//168 528//528 169//169
f 526//526 531//531 168//168
f 526//526 499//499 531//531
f 599//599 595//595 635//635
f 3868//3868 3945//3945 3838//3838
f 3951//3951 3946//3946 3947//3947
f 4484//4484 3946//3946 3951//3951
f 4601//4601 4593//4593 4595//4595
f 4602//4602 4601//4601 4595//4595
f 4602//4602 4604//4604 4603//4603
f 4595//4595 4596//4596 4602//4602
f 4595//4595 4594//4594 4550//4550
f 4550//4550 4596//4596 4595//4595
f 4538//4538 4539//4539 4548//4548
f 4538//4538 4536//4536 4539//4539
f 3951//3951 3947//3947 3952//3952
f 3947//3947 3948//3948 3952//3952
f 599//599 594//594 595//595
f 595//595 637//637 635//635
f 3797//3797 3769//3769 3802//3802
f 3868//3868 3872//3872 3945//3945
f 4536//4536 4484//4484 3951//3951
f 3945//3945 3901//3901 3947//3947
f 3945//3945 3872//3872 3901//3901
f 3769//3769 3797//3797 3768//3768
f 3769//3769 3799//3799 3802//3802
f 4550//4550 4594//4594 4542//4542
f 3948//3948 3947//3947 3901//3901
f 3799//3799 3868//3868 3802//3802
f 637//637 3768//3768 635//635
f 3803//3803 3802//3802 3868//3868
f 4542//4542 4594//4594 4549//4549
f 4593//4593 4594//4594 4595//4595
f 3873//3873 3901//3901 3872//3872
f 4602//4602 4596//4596 4604//4604
f 4560//4560 4559//4559 4598//4598
f 4505//4505 4483//4483 4538//4538
f 3838//3838 3943//3943 3839//3839
f 3835//3835 3767//3767 3803//3803
f 3767//3767 3835//3835 739//739
f 3767//3767 739//739 738//738
f 623//623 635//635 636//636
f 528//528 530//530 176//176
f 714//714 719//719 716//716
f 717//717 716//716 719//719
f 729//729 731//731 755//755
f 710//710 558//558 711//711
f 558//558 562//562 561//561
f 563//563 561//561 562//562
f 562//562 564//564 563//563
f 543//543 548//548 564//564
f 548//548 543//543 217//217
f 215//215 210//210 216//216
f 308//308 216//216 306//306
f 308//308 306//306 310//310
f 310//310 311//311 283//283
f 297//297 228//228 283//283
f 230//230 297//297 296//296
f 292//292 296//296 293//293
f 945//945 947//947 934//934
f 947//947 951//951 950//950
f 1042//1042 1043//1043 1022//1022
f 1046//1046 1047//1047 1069//1069
f 4235//4235 4234//4234 4218//4218
f 4238//4238 4235//4235 4223//4223
f 4273//4273 4334//4334 4238//4238
f 4366//4366 4365//4365 4340//4340
f 4376//4376 4789//4789 4788//4788
f 4796//4796 4838//4838 4795//4795
f 4795//4795 4792//4792 4796//4796
f 4846//4846 4838//4838 4796//4796
f 4870//4870 4848//4848 4869//4869
f 4830//4830 4818//4818 4829//4829
f 4404//4404 4402//4402 4815//4815
f 4817//4817 4815//4815 4402//4402
f 4817//4817 4816//4816 4815//4815
f 4818//4818 4800//4800 4801//4801
f 4386//4386 4380//4380 4390//4390
f 4316//4316 4318//4318 4320//4320
f 4320//4320 4319//4319 4316//4316
f 4325//4325 4319//4319 4326//4326
f 4326//4326 4732//4732 4731//4731
f 4731//4731 4325//4325 4326//4326
f 4730//4730 4731//4731 4732//4732
f 4730//4730 4732//4732 4764//4764
f 4763//4763 4730//4730 4764//4764
f 4767//4767 4763//4763 4764//4764
f 4767//4767 4766//4766 4763//4763
f 4766//4766 4883//4883 4618//4618
f 4626//4626 4615//4615 4619//4619
f 4606//4606 4607//4607 4616//4616
f 4607//4607 4606//4606 4557//4557
f 4557//4557 4546//4546 4555//4555
f 3948//3948 3904//3904 3952//3952
f 3873//3873 3904//3904 3948//3948
f 3868//3868 3799//3799 3866//3866
f 3768//3768 637//637 3753//3753
f 3753//3753 3769//3769 3768//3768
f 4537//4537 3951//3951 3952//3952
f 4536//4536 3951//3951 4537//4537
f 4539//4539 4549//4549 4548//4548
f 4557//4557 4605//4605 4604//4604
f 4552//4552 4557//4557 4604//4604
f 4552//4552 4604//4604 4596//4596
f 4556//4556 4596//4596 4550//4550
f 4539//4539 4542//4542 4549//4549
f 4539//4539 4536//4536 4537//4537
f 3873//3873 3872//3872 3866//3866
f 595//595 597//597 637//637
f 3868//3868 3866//3866 3872//3872
f 3873//3873 3948//3948 3901//3901
f 3871//3871 3873//3873 3866//3866
f 4550//4550 4542//4542 4551//4551
f 4556//4556 4550//4550 4551//4551
f 4552//4552 4596//4596 4556//4556
f 4605//4605 4603//4603 4604//4604
f 4599//4599 4598//4598 4601//4601
f 4600//4600 4560//4560 4598//4598
f 4538//4538 4483//4483 4484//4484
f 3940//3940 3944//3944 3946//3946
f 3943//3943 3946//3946 3944//3944
f 3840//3840 3943//3943 3944//3944
f 3839//3839 3943//3943 3840//3840
f 3835//3835 3803//3803 3838//3838
f 532//532 528//528 531//531
f 707//707 556//556 706//706
f 707//707 714//714 716//716
f 719//719 718//718 717//717
f 755//755 753//753 750//750
f 755//755 750//750 729//729
f 217//217 543//543 211//211
f 216//216 210//210 202//202
f 216//216 202//202 306//306
f 310//310 286//286 311//311
f 297//297 283//283 298//298
f 296//296 297//297 298//298
f 298//298 293//293 296//296
f 294//294 293//293 305//305
f 930//930 940//940 934//934
f 934//934 940//940 945//945
f 4339//4339 4299//4299 4340//4340
f 4366//4366 4340//4340 4299//4299
f 4792//4792 4789//4789 4378//4378
f 4846//4846 4796//4796 4803//4803
f 4869//4869 4846//4846 4798//4798
f 4869//4869 4799//4799 4870//4870
f 4799//4799 4818//4818 4870//4870
f 4829//4829 4827//4827 4830//4830
f 4824//4824 4828//4828 4827//4827
f 4789//4789 4376//4376 4378//4378
f 4378//4378 4376//4376 4368//4368
f 4376//4376 4371//4371 4368//4368
f 4365//4365 4368//4368 4371//4371
f 4365//4365 4367//4367 4368//4368
f 4365//4365 4366//4366 4367//4367
f 4223//4223 4273//4273 4238//4238
f 4192//4192 1069//1069 1047//1047
f 1047//1047 1046//1046 1025//1025
f 1047//1047 1025//1025 1043//1043
f 950//950 951//951 1021//1021
f 930//930 929//929 931//931
f 294//294 305//305 953//953
f 4816//4816 4817//4817 4824//4824
f 4816//4816 4824//4824 4831//4831
f 4829//4829 4818//4818 4831//4831
f 4801//4801 4831//4831 4818//4818
f 4386//4386 4381//4381 4380//4380
f 4382//4382 4318//4318 4381//4381
f 4732//4732 4748//4748 4764//4764
f 4767//4767 4883//4883 4766//4766
f 4883//4883 4621//4621 4618//4618
f 4619//4619 4618//4618 4621//4621
f 4621//4621 4626//4626 4619//4619
f 598//598 637//637 597//597
f 4503//4503 4504//4504 4505//4505
f 3941//3941 3950//3950 4484//4484
f 528//528 532//532 530//530
f 719//719 720//720 718//718
f 558//558 549//549 562//562
f 202//202 307//307 306//306
f 306//306 307//307 287//287
f 306//306 287//287 286//286
f 286//286 310//310 306//306
f 951//951 1024//1024 1021//1021
f 1022//1022 1021//1021 1042//1042
f 1069//1069 4197//4197 4218//4218
f 4792//4792 4803//4803 4796//4796
f 4799//4799 4869//4869 4798//4798
f 4824//4824 4829//4829 4831//4831
f 4385//4385 4393//4393 4800//4800
f 4385//4385 4390//4390 4393//4393
f 4390//4390 4385//4385 4386//4386
f 4382//4382 4381//4381 4386//4386
f 4318//4318 4382//4382 4320//4320
f 4326//4326 4319//4319 4330//4330
f 4743//4743 4732//4732 4326//4326
f 4732//4732 4743//4743 4748//4748
f 4626//4626 4621//4621 4630//4630
f 4626//4626 4623//4623 4624//4624
f 4626//4626 4624//4624 4615//4615
f 4616//4616 4615//4615 4624//4624
f 4625//4625 4606//4606 4616//4616
f 4557//4557 4606//4606 4605//4605
f 4605//4605 4606//4606 4603//4603
f 4599//4599 4601//4601 4610//4610
f 4598//4598 4599//4599 4600//4600
f 4583//4583 4560//4560 4600//4600
f 4561//4561 4560//4560 4583//4583
f 4507//4507 4559//4559 4560//4560
f 4559//4559 4507//4507 4506//4506
f 4501//4501 4503//4503 4506//4506
f 4501//4501 4504//4504 4503//4503
f 4505//4505 4504//4504 4499//4499
f 4499//4499 4483//4483 4505//4505
f 3944//3944 3940//3940 3937//3937
f 738//738 739//739 636//636
f 635//635 738//738 636//636
f 623//623 713//713 600//600
f 600//600 705//705 555//555
f 499//499 555//555 531//531
f 750//750 753//753 749//749
f 311//311 286//286 284//284
f 283//283 311//311 284//284
f 299//299 293//293 298//298
f 945//945 1012//1012 951//951
f 4197//4197 4222//4222 4218//4218
f 4222//4222 4223//4223 4218//4218
f 4305//4305 4367//4367 4366//4366
f 4793//4793 4372//4372 4373//4373
f 4797//4797 4803//4803 4793//4793
f 4798//4798 4803//4803 4797//4797
f 4792//4792 4793//4793 4803//4803
f 4378//4378 4793//4793 4792//4792
f 4372//4372 4368//4368 4369//4369
f 4299//4299 4339//4339 4274//4274
f 4273//4273 4274//4274 4339//4339
f 4190//4190 1043//1043 1042//1042
f 1042//1042 1021//1021 1045//1045
f 953//953 305//305 932//932
f 953//953 932//932 929//929
f 951//951 947//947 945//945
f 1043//1043 4191//4191 1047//1047
f 4372//4372 4793//4793 4368//4368
f 4368//4368 4793//4793 4378//4378
f 4799//4799 4800//4800 4818//4818
f 4799//4799 4385//4385 4800//4800
f 4331//4331 4320//4320 4382//4382
f 4319//4319 4320//4320 4329//4329
f 4319//4319 4329//4329 4330//4330
f 4326//4326 4330//4330 4743//4743
f 4624//4624 4625//4625 4616//4616
f 4603//4603 4611//4611 4602//4602
f 4601//4601 4602//4602 4610//4610
f 4561//4561 4507//4507 4560//4560
f 4487//4487 4483//4483 4499//4499
f 3836//3836 3835//3835 3838//3838
f 705//705 531//531 555//555
f 706//706 705//705 707//707
f 705//705 714//714 707//707
f 715//715 719//719 714//714
f 720//720 751//751 718//718
f 729//729 728//728 731//731
f 727//727 731//731 728//728
f 562//562 543//543 564//564
f 211//211 209//209 217//217
f 215//215 217//217 209//209
f 299//299 932//932 305//305
f 940//940 946//946 945//945
f 1045//1045 4190//4190 1042//1042
f 4190//4190 4191//4191 1043//1043
f 4215//4215 4192//4192 4191//4191
f 4269//4269 4273//4273 4223//4223
f 4373//4373 4372//4372 4369//4369
f 4373//4373 4388//4388 4793//4793
f 4320//4320 4331//4331 4329//4329
f 4767//4767 4764//4764 4748//4748
f 4631//4631 4621//4621 4883//4883
f 4623//4623 4626//4626 4630//4630
f 4583//4583 4578//4578 4561//4561
f 4562//4562 4507//4507 4561//4561
f 4506//4506 4507//4507 4501//4501
f 4483//4483 4479//4479 4484//4484
f 3926//3926 3840//3840 3944//3944
f 3830//3830 739//739 3835//3835
f 713//713 623//623 748//748
f 556//556 532//532 531//531
f 706//706 556//556 531//531
f 727//727 710//710 711//711
f 558//558 710//710 559//559
f 203//203 215//215 209//209
f 203//203 210//210 215//215
f 210//210 201//201 202//202
f 286//286 287//287 285//285
f 283//283 284//284 298//298
f 298//298 284//284 299//299
f 929//929 932//932 931//931
f 941//941 940//940 930//930
f 1018//1018 951//951 1012//1012
f 1024//1024 951//951 1018//1018
f 4222//4222 4197//4197 4192//4192
f 4268//4268 4223//4223 4222//4222
f 4273//4273 4269//4269 4274//4274
f 4299//4299 4305//4305 4366//4366
f 4369//4369 4370//4370 4374//4374
f 4374//4374 4373//4373 4369//4369
f 4385//4385 4799//4799 4798//4798
f 4382//4382 4386//4386 4387//4387
f 4330//4330 4747//4747 4743//4743
f 4749//4749 4748//4748 4743//4743
f 4748//4748 4884//4884 4767//4767
f 4767//4767 4884//4884 4885//4885
f 4885//4885 4883//4883 4767//4767
f 4631//4631 4883//4883 4885//4885
f 4631//4631 4630//4630 4621//4621
f 4610//4610 4602//4602 4611//4611
f 4562//4562 4561//4561 4578//4578
f 4500//4500 4501//4501 4507//4507
f 4484//4484 4479//4479 3941//3941
f 3950//3950 3941//3941 3940//3940
f 3944//3944 3937//3937 3928//3928
f 3926//3926 3944//3944 3928//3928
f 3835//3835 3836//3836 3830//3830
f 636//636 739//739 740//740
f 748//748 623//623 636//636
f 719//719 715//715 721//721
f 719//719 721//721 720//720
f 750//750 730//730 729//729
f 544//544 211//211 543//543
f 201//201 210//210 203//203
f 285//285 284//284 286//286
f 302//302 932//932 299//299
f 930//930 931//931 941//941
f 1045//1045 4193//4193 4190//4190
f 4215//4215 4191//4191 4190//4190
f 4192//4192 4219//4219 4222//4222
f 4269//4269 4223//4223 4268//4268
f 4370//4370 4367//4367 4305//4305
f 4370//4370 4369//4369 4367//4367
f 4373//4373 4375//4375 4388//4388
f 4388//4388 4797//4797 4793//4793
f 4798//4798 4797//4797 4385//4385
f 4797//4797 4388//4388 4385//4385
f 4386//4386 4385//4385 4388//4388
f 4388//4388 4387//4387 4386//4386
f 4389//4389 4382//4382 4387//4387
f 4382//4382 4389//4389 4331//4331
f 4330//4330 4329//4329 4747//4747
f 4739//4739 4743//4743 4747//4747
f 4743//4743 4739//4739 4744//4744
f 4744//4744 4749//4749 4743//4743
f 4889//4889 4631//4631 4885//4885
f 4631//4631 4889//4889 4632//4632
f 4600//4600 4634//4634 4583//4583
f 4497//4497 4504//4504 4501//4501
f 4487//4487 4485//4485 4479//4479
f 4479//4479 4483//4483 4487//4487
f 3840//3840 3926//3926 3837//3837
f 3839//3839 3836//3836 3838//3838
f 706//706 531//531 705//705
f 545//545 562//562 549//549
f 545//545 544//544 562//562
f 562//562 544//544 543//543
f 209//209 211//211 212//212
f 204//204 203//203 209//209
f 202//202 201//201 312//312
f 312//312 307//307 202//202
f 284//284 285//285 299//299
f 290//290 300//300 299//299
f 300//300 301//301 302//302
f 302//302 299//299 300//300
f 940//940 941//941 946//946
f 945//945 946//946 1011//1011
f 1041//1041 1021//1021 1024//1024
f 1041//1041 1045//1045 1021//1021
f 1041//1041 4188//4188 1045//1045
f 4190//4190 4193//4193 4215//4215
f 4219//4219 4192//4192 4215//4215
f 4275//4275 4274//4274 4269//4269
f 4374//4374 4312//4312 4373//4373
f 4373//4373 4312//4312 4375//4375
f 4331//4331 4389//4389 4332//4332
f 4333//4333 4331//4331 4332//4332
f 4333//4333 4329//4329 4331//4331
f 4333//4333 4747//4747 4329//4329
f 4749//4749 4888//4888 4748//4748
f 4884//4884 4748//4748 4888//4888
f 4886//4886 4885//4885 4884//4884
f 4632//4632 4654//4654 4631//4631
f 4630//4630 4631//4631 4654//4654
f 4630//4630 4654//4654 4623//4623
f 4653//4653 4624//4624 4623//4623
f 4625//4625 4624//4624 4653//4653
f 4635//4635 4600//4600 4599//4599
f 4562//4562 4502//4502 4507//4507
f 4500//4500 4507//4507 4502//4502
f 4502//4502 4498//4498 4500//4500
f 4501//4501 4500//4500 4497//4497
f 4497//4497 4499//4499 4504//4504
f 4485//4485 4499//4499 4497//4497
f 4499//4499 4485//4485 4487//4487
f 559//559 552//552 558//558
f 549//549 558//558 552//552
f 211//211 544//544 212//212
f 213//213 209//209 212//212
f 288//288 287//287 307//307
f 290//290 299//299 285//285
f 931//931 932//932 925//925
f 945//945 1011//1011 1019//1019
f 4274//4274 4275//4275 4300//4300
f 4300//4300 4299//4299 4274//4274
f 4388//4388 4375//4375 4387//4387
f 4375//4375 4389//4389 4387//4387
f 4737//4737 4747//4747 4333//4333
f 4749//4749 4744//4744 4762//4762
f 4884//4884 4888//4888 4886//4886
f 4885//4885 4886//4886 4890//4890
f 4890//4890 4889//4889 4885//4885
f 4889//4889 4890//4890 4632//4632
f 4654//4654 4644//4644 4623//4623
f 4653//4653 4623//4623 4644//4644
f 4638//4638 4625//4625 4653//4653
f 4606//4606 4625//4625 4603//4603
f 4599//4599 4610//4610 4635//4635
f 4583//4583 4634//4634 4578//4578
f 4579//4579 4562//4562 4578//4578
f 4500//4500 4498//4498 4497//4497
f 3840//3840 3834//3834 3839//3839
f 740//740 739//739 742//742
f 740//740 741//741 636//636
f 713//713 748//748 715//715
f 714//714 713//713 715//715
f 213//213 204//204 209//209
f 204//204 201//201 203//203
f 201//201 205//205 312//312
f 288//288 289//289 287//287
f 287//287 289//289 285//285
f 1045//1045 4194//4194 4193//4193
f 4193//4193 4220//4220 4215//4215
f 4215//4215 4220//4220 4219//4219
f 4219//4219 4267//4267 4222//4222
f 4269//4269 4276//4276 4275//4275
f 4309//4309 4305//4305 4306//4306
f 4309//4309 4370//4370 4305//4305
f 4313//4313 4374//4374 4370//4370
f 4332//4332 4375//4375 4312//4312
f 4374//4374 4313//4313 4312//4312
f 4305//4305 4300//4300 4306//4306
f 4305//4305 4299//4299 4300//4300
f 4268//4268 4276//4276 4269//4269
f 1045//1045 4188//4188 4194//4194
f 1041//1041 4189//4189 4188//4188
f 1041//1041 1024//1024 1037//1037
f 1018//1018 1033//1033 1024//1024
f 1012//1012 945//945 1019//1019
f 4333//4333 4314//4314 4737//4737
f 4747//4747 4737//4737 4739//4739
f 4749//4749 4762//4762 4888//4888
f 4632//4632 4647//4647 4654//4654
f 4645//4645 4653//4653 4644//4644
f 4653//4653 4645//4645 4638//4638
f 4638//4638 4603//4603 4625//4625
f 4603//4603 4638//4638 4611//4611
f 4498//4498 4496//4496 4497//4497
f 4497//4497 4486//4486 4485//4485
f 4480//4480 4479//4479 4485//4485
f 4480//4480 3941//3941 4479//4479
f 3941//3941 3939//3939 3940//3940
f 3940//3940 3939//3939 3937//3937
f 3837//3837 3834//3834 3840//3840
f 3834//3834 3836//3836 3839//3839
f 739//739 3830//3830 742//742
f 636//636 741//741 748//748
f 705//705 600//600 714//714
f 600//600 713//713 714//714
f 553//553 559//559 710//710
f 559//559 553//553 552//552
f 288//288 307//307 312//312
f 289//289 291//291 285//285
f 291//291 290//290 285//285
f 301//301 923//923 302//302
f 932//932 302//302 925//925
f 931//931 925//925 926//926
f 1033//1033 1018//1018 1012//1012
f 4194//4194 4216//4216 4193//4193
f 4222//4222 4267//4267 4268//4268
f 4268//4268 4267//4267 4277//4277
f 4268//4268 4277//4277 4276//4276
f 4275//4275 4301//4301 4300//4300
f 4300//4300 4307//4307 4306//4306
f 4759//4759 4762//4762 4744//4744
f 4769//4769 4888//4888 4762//4762
f 4769//4769 4886//4886 4888//4888
f 4891//4891 4890//4890 4886//4886
f 4649//4649 4632//4632 4890//4890
f 4632//4632 4649//4649 4647//4647
f 4654//4654 4647//4647 4646//4646
f 4646//4646 4644//4644 4654//4654
f 4639//4639 4638//4638 4645//4645
f 4634//4634 4600//4600 4635//4635
f 4575//4575 4562//4562 4579//4579
f 4495//4495 4498//4498 4502//4502
f 4495//4495 4477//4477 4498//4498
f 4486//4486 4497//4497 4496//4496
f 4482//4482 4485//4485 4486//4486
f 4485//4485 4482//4482 4480//4480
f 3939//3939 3941//3941 4480//4480
f 3837//3837 3926//3926 3827//3827
f 721//721 751//751 720//720
f 751//751 749//749 718//718
f 751//751 750//750 749//749
f 549//549 552//552 560//560
f 560//560 536//536 549//549
f 545//545 549//549 536//536
f 212//212 544//544 214//214
f 213//213 212//212 214//214
f 208//208 204//204 213//213
f 204//204 188//188 201//201
f 201//201 188//188 205//205
f 303//303 301//301 300//300
f 926//926 941//941 931//931
f 1019//1019 1034//1034 1012//1012
f 1012//1012 1038//1038 1033//1033
f 1033//1033 1039//1039 1024//1024
f 4187//4187 1041//1041 1037//1037
f 4221//4221 4193//4193 4216//4216
f 4221//4221 4220//4220 4193//4193
f 4266//4266 4219//4219 4220//4220
f 4266//4266 4267//4267 4219//4219
f 4306//4306 4310//4310 4309//4309
f 4313//4313 4370//4370 4309//4309
f 4312//4312 4333//4333 4332//4332
f 4333//4333 4312//4312 4314//4314
f 4744//4744 4739//4739 4759//4759
f 4769//4769 4762//4762 4759//4759
f 4886//4886 4769//4769 4891//4891
f 4649//4649 4890//4890 4891//4891
f 4575//4575 4502//4502 4562//4562
f 4477//4477 4496//4496 4498//4498
f 3939//3939 4480//4480 3942//3942
f 3938//3938 3937//3937 3939//3939
f 3937//3937 3938//3938 3929//3929
f 3937//3937 3929//3929 3928//3928
f 3928//3928 3929//3929 3927//3927
f 728//728 710//710 727//727
f 710//710 699//699 553//553
f 544//544 545//545 214//214
f 208//208 213//213 214//214
f 312//312 207//207 288//288
f 290//290 291//291 279//279
f 279//279 300//300 290//290
f 925//925 302//302 923//923
f 946//946 941//941 1013//1013
f 1039//1039 1033//1033 1038//1038
f 1037//1037 1024//1024 1039//1039
f 4189//4189 1041//1041 4187//4187
f 4195//4195 4188//4188 4189//4189
f 4195//4195 4194//4194 4188//4188
f 4216//4216 4194//4194 4195//4195
f 4275//4275 4276//4276 4277//4277
f 4310//4310 4306//4306 4307//4307
f 4313//4313 4314//4314 4312//4312
f 4315//4315 4737//4737 4314//4314
f 4737//4737 4315//4315 4738//4738
f 4739//4739 4736//4736 4742//4742
f 4742//4742 4759//4759 4739//4739
f 4758//4758 4769//4769 4759//4759
f 4646//4646 4645//4645 4644//4644
f 4639//4639 4645//4645 4648//4648
f 4638//4638 4639//4639 4640//4640
f 4611//4611 4638//4638 4640//4640
f 4640//4640 4610//4610 4611//4611
f 4579//4579 4578//4578 4634//4634
f 4576//4576 4575//4575 4579//4579
f 4496//4496 4476//4476 4486//4486
f 4481//4481 4480//4480 4482//4482
f 4480//4480 4481//4481 3942//3942
f 3836//3836 3834//3834 3831//3831
f 3831//3831 3830//3830 3836//3836
f 742//742 3830//3830 3831//3831
f 728//728 729//729 730//730
f 214//214 200//200 208//208
f 206//206 204//204 208//208
f 206//206 188//188 204//204
f 207//207 312//312 205//205
f 289//289 288//288 207//207
f 300//300 279//279 303//303
f 926//926 925//925 923//923
f 926//926 943//943 941//941
f 1013//1013 1020//1020 946//946
f 946//946 1020//1020 1011//1011
f 4277//4277 4267//4267 4272//4272
f 4275//4275 4302//4302 4301//4301
f 4300//4300 4301//4301 4311//4311
f 4307//4307 4300//4300 4311//4311
f 4310//4310 4314//4314 4313//4313
f 4880//4880 4891//4891 4769//4769
f 4891//4891 4880//4880 4879//4879
f 4650//4650 4646//4646 4649//4649
f 4647//4647 4649//4649 4646//4646
f 4646//4646 4648//4648 4645//4645
f 4575//4575 4576//4576 4565//4565
f 4527//4527 4495//4495 4502//4502
f 4478//4478 4486//4486 4476//4476
f 4478//4478 4482//4482 4486//4486
f 3926//3926 3928//3928 3927//3927
f 3837//3837 3827//3827 3829//3829
f 721//721 748//748 741//741
f 721//721 715//715 748//748
f 752//752 750//750 751//751
f 728//728 703//703 710//710
f 542//542 536//536 560//560
f 214//214 545//545 538//538
f 207//207 205//205 188//188
f 189//189 289//289 207//207
f 289//289 189//189 190//190
f 282//282 303//303 279//279
f 304//304 301//301 303//303
f 923//923 301//301 304//304
f 926//926 923//923 939//939
f 943//943 1013//1013 941//941
f 1020//1020 1019//1019 1011//1011
f 1034//1034 1040//1040 1012//1012
f 1038//1038 1012//1012 1040//1040
f 4187//4187 4196//4196 4189//4189
f 4196//4196 4214//4214 4195//4195
f 4195//4195 4189//4189 4196//4196
f 4214//4214 4216//4216 4195//4195
f 4217//4217 4216//4216 4214//4214
f 4221//4221 4216//4216 4217//4217
f 4302//4302 4275//4275 4277//4277
f 4309//4309 4310//4310 4313//4313
f 4315//4315 4314//4314 4310//4310
f 4739//4739 4737//4737 4738//4738
f 4742//4742 4760//4760 4759//4759
f 4760//4760 4758//4758 4759//4759
f 4876//4876 4769//4769 4758//4758
f 4879//4879 4650//4650 4891//4891
f 4649//4649 4891//4891 4650//4650
f 4610//4610 4640//4640 4635//4635
f 4636//4636 4634//4634 4635//4635
f 4584//4584 4576//4576 4579//4579
f 4477//4477 4476//4476 4496//4496
f 3829//3829 3832//3832 3837//3837
f 752//752 730//730 750//750
f 699//699 710//710 703//703
f 536//536 542//542 537//537
f 545//545 536//536 538//538
f 538//538 192//192 214//214
f 192//192 200//200 214//214
f 187//187 188//188 206//206
f 190//190 291//291 289//289
f 279//279 280//280 282//282
f 1020//1020 1013//1013 1014//1014
f 4266//4266 4270//4270 4267//4267
f 4739//4739 4738//4738 4736//4736
f 4758//4758 4761//4761 4876//4876
f 4876//4876 4880//4880 4769//4769
f 4880//4880 4881//4881 4879//4879
f 4650//4650 4651//4651 4646//4646
f 4648//4648 4646//4646 4651//4651
f 4648//4648 4641//4641 4637//4637
f 4639//4639 4648//4648 4637//4637
f 4640//4640 4639//4639 4637//4637
f 4637//4637 4635//4635 4640//4640
f 4589//4589 4579//4579 4634//4634
f 4589//4589 4584//4584 4579//4579
f 3933//3933 4481//4481 4478//4478
f 4481//4481 4482//4482 4478//4478
f 3925//3925 3938//3938 3939//3939
f 3925//3925 3929//3929 3938//3938
f 3815//3815 3829//3829 3827//3827
f 3834//3834 3837//3837 3832//3832
f 743//743 740//740 742//742
f 732//732 741//741 740//740
f 752//752 751//751 721//721
f 730//730 703//703 728//728
f 552//552 553//553 696//696
f 186//186 206//206 208//208
f 188//188 189//189 207//207
f 279//279 291//291 280//280
f 282//282 225//225 303//303
f 304//304 303//303 225//225
f 943//943 1014//1014 1013//1013
f 1037//1037 4205//4205 4187//4187
f 4187//4187 4205//4205 4196//4196
f 4272//4272 4267//4267 4270//4270
f 4272//4272 4298//4298 4277//4277
f 4310//4310 4307//4307 4315//4315
f 4770//4770 4742//4742 4736//4736
f 4760//4760 4742//4742 4770//4770
f 4650//4650 4879//4879 4881//4881
f 4650//4650 4881//4881 4652//4652
f 4652//4652 4651//4651 4650//4650
f 4641//4641 4648//4648 4651//4651
f 4637//4637 4636//4636 4635//4635
f 4589//4589 4634//4634 4636//4636
f 4575//4575 4565//4565 4564//4564
f 4502//4502 4575//4575 4564//4564
f 4502//4502 4564//4564 4527//4527
f 4477//4477 4495//4495 4510//4510
f 4478//4478 4476//4476 3933//3933
f 3936//3936 4481//4481 3933//3933
f 3942//3942 4481//4481 3936//3936
f 3926//3926 3927//3927 3828//3828
f 3926//3926 3828//3828 3827//3827
f 732//732 740//740 743//743
f 703//703 702//702 699//699
f 536//536 537//537 538//538
f 186//186 208//208 200//200
f 206//206 186//186 187//187
f 291//291 190//190 179//179
f 923//923 304//304 924//924
f 923//923 927//927 939//939
f 4211//4211 4221//4221 4217//4217
f 4271//4271 4220//4220 4221//4221
f 4266//4266 4220//4220 4271//4271
f 4311//4311 4308//4308 4307//4307
f 4315//4315 4307//4307 4738//4738
f 4734//4734 4736//4736 4738//4738
f 4760//4760 4761//4761 4758//4758
f 4877//4877 4876//4876 4761//4761
f 4877//4877 4880//4880 4876//4876
f 4576//4576 4577//4577 4567//4567
f 4576//4576 4567//4567 4565//4565
f 4527//4527 4528//4528 4495//4495
f 4510//4510 4473//4473 4477//4477
f 3936//3936 3931//3931 3942//3942
f 3942//3942 3931//3931 3939//3939
f 3834//3834 747//747 3831//3831
f 3831//3831 744//744 742//742
f 741//741 732//732 721//721
f 730//730 752//752 732//732
f 730//730 732//732 703//703
f 539//539 192//192 538//538
f 188//188 187//187 189//189
f 189//189 180//180 190//190
f 179//179 280//280 291//291
f 225//225 224//224 304//304
f 924//924 927//927 923//923
f 943//943 926//926 1008//1008
f 1019//1019 1014//1014 1034//1034
f 4205//4205 1037//1037 1039//1039
f 4214//4214 4196//4196 4211//4211
f 4217//4217 4214//4214 4211//4211
f 4271//4271 4221//4221 4262//4262
f 4270//4270 4266//4266 4271//4271
f 4302//4302 4308//4308 4301//4301
f 4734//4734 4735//4735 4736//4736
f 4735//4735 4770//4770 4736//4736
f 4754//4754 4760//4760 4770//4770
f 4760//4760 4754//4754 4761//4761
f 4882//4882 4881//4881 4880//4880
f 4881//4881 4882//4882 4652//4652
f 4651//4651 4652//4652 4642//4642
f 4641//4641 4651//4651 4642//4642
f 4589//4589 4585//4585 4584//4584
f 4573//4573 4576//4576 4584//4584
f 4577//4577 4576//4576 4573//4573
f 4495//4495 4528//4528 4510//4510
f 744//744 3831//3831 747//747
f 732//732 752//752 721//721
f 733//733 703//703 732//732
f 699//699 695//695 553//553
f 696//696 553//553 695//695
f 696//696 550//550 552//552
f 540//540 537//537 542//542
f 539//539 538//538 537//537
f 200//200 192//192 186//186
f 180//180 179//179 190//190
f 281//281 282//282 280//280
f 282//282 281//281 226//226
f 226//226 225//225 282//282
f 926//926 939//939 944//944
f 1014//1014 1019//1019 1020//1020
f 1038//1038 1040//1040 1035//1035
f 1035//1035 4186//4186 1039//1039
f 1039//1039 1038//1038 1035//1035
f 4262//4262 4221//4221 4211//4211
f 4262//4262 4263//4263 4271//4271
f 4271//4271 4264//4264 4270//4270
f 4270//4270 4298//4298 4272//4272
f 4311//4311 4301//4301 4308//4308
f 4308//4308 4734//4734 4307//4307
f 4307//4307 4734//4734 4738//4738
f 4752//4752 4754//4754 4770//4770
f 4877//4877 4761//4761 4756//4756
f 4882//4882 4880//4880 4877//4877
f 4643//4643 4652//4652 4882//4882
f 4641//4641 4636//4636 4637//4637
f 4566//4566 4567//4567 4577//4577
f 4565//4565 4567//4567 4564//4564
f 4527//4527 4564//4564 4529//4529
f 4527//4527 4529//4529 4528//4528
f 4476//4476 4477//4477 3933//3933
f 3925//3925 3824//3824 3929//3929
f 3815//3815 3827//3827 3828//3828
f 746//746 3832//3832 3829//3829
f 3832//3832 747//747 3834//3834
f 742//742 744//744 743//743
f 696//696 695//695 697//697
f 280//280 179//179 281//281
f 224//224 924//924 304//304
f 1040//1040 1034//1034 1035//1035
f 1039//1039 4186//4186 4206//4206
f 4206//4206 4205//4205 1039//1039
f 4212//4212 4196//4196 4205//4205
f 4212//4212 4211//4211 4196//4196
f 4211//4211 4212//4212 4252//4252
f 4211//4211 4252//4252 4262//4262
f 4262//4262 4252//4252 4263//4263
f 4264//4264 4271//4271 4263//4263
f 4293//4293 4270//4270 4264//4264
f 4298//4298 4270//4270 4293//4293
f 4277//4277 4303//4303 4302//4302
f 4770//4770 4735//4735 4752//4752
f 4652//4652 4643//4643 4642//4642
f 4642//4642 4590//4590 4641//4641
f 4636//4636 4641//4641 4590//4590
f 4636//4636 4590//4590 4589//4589
f 4577//4577 4569//4569 4566//4566
f 4568//4568 4564//4564 4567//4567
f 4564//4564 4568//4568 4529//4529
f 3933//3933 4477//4477 4473//4473
f 3939//3939 3931//3931 3925//3925
f 3929//3929 3824//3824 3927//3927
f 3927//3927 3824//3824 3828//3828
f 3829//3829 3815//3815 3826//3826
f 704//704 695//695 699//699
f 551//551 696//696 697//697
f 550//550 696//696 551//551
f 182//182 281//281 179//179
f 225//225 226//226 227//227
f 227//227 224//224 225//225
f 943//943 1008//1008 1014//1014
f 4206//4206 4212//4212 4205//4205
f 4212//4212 4213//4213 4252//4252
f 4298//4298 4293//4293 4296//4296
f 4296//4296 4304//4304 4298//4298
f 4298//4298 4304//4304 4303//4303
f 4303//4303 4277//4277 4298//4298
f 4751//4751 4754//4754 4752//4752
f 4754//4754 4756//4756 4761//4761
f 4877//4877 4756//4756 4875//4875
f 4875//4875 4882//4882 4877//4877
f 4569//4569 4577//4577 4573//4573
f 4567//4567 4566//4566 4568//4568
f 4523//4523 4528//4528 4529//4529
f 4528//4528 4523//4523 4508//4508
f 4528//4528 4508//4508 4510//4510
f 4473//4473 4510//4510 4508//4508
f 3933//3933 3931//3931 3936//3936
f 735//735 733//733 732//732
f 703//703 733//733 736//736
f 695//695 704//704 700//700
f 700//700 697//697 695//695
f 537//537 534//534 539//539
f 186//186 192//192 191//191
f 191//191 187//187 186//186
f 180//180 189//189 187//187
f 281//281 182//182 184//184
f 184//184 226//226 281//281
f 224//224 928//928 924//924
f 927//927 942//942 939//939
f 1009//1009 939//939 942//942
f 939//939 1009//1009 944//944
f 926//926 1015//1015 1008//1008
f 4186//4186 4198//4198 4206//4206
f 4213//4213 4212//4212 4206//4206
f 4253//4253 4252//4252 4213//4213
f 4253//4253 4260//4260 4252//4252
f 4252//4252 4260//4260 4265//4265
f 4265//4265 4263//4263 4252//4252
f 4265//4265 4264//4264 4263//4263
f 4264//4264 4265//4265 4294//4294
f 4294//4294 4293//4293 4264//4264
f 4296//4296 4293//4293 4294//4294
f 4308//4308 4735//4735 4734//4734
f 4754//4754 4751//4751 4755//4755
f 4755//4755 4756//4756 4754//4754
f 4878//4878 4643//4643 4882//4882
f 4590//4590 4642//4642 4591//4591
f 4585//4585 4580//4580 4584//4584
f 4573//4573 4584//4584 4580//4580
f 4568//4568 4570//4570 4529//4529
f 4570//4570 4523//4523 4529//4529
f 4489//4489 4473//4473 4508//4508
f 4489//4489 4474//4474 4473//4473
f 4474//4474 4475//4475 4473//4473
f 4475//4475 3933//3933 4473//4473
f 3930//3930 3931//3931 3933//3933
f 3824//3824 3811//3811 3828//3828
f 743//743 744//744 735//735
f 743//743 735//735 732//732
f 737//737 733//733 735//735
f 704//704 699//699 702//702
f 552//552 550//550 560//560
f 540//540 534//534 537//537
f 187//187 181//181 180//180
f 180//180 181//181 179//179
f 182//182 179//179 181//181
f 927//927 938//938 942//942
f 1015//1015 926//926 944//944
f 1031//1031 1014//1014 1008//1008
f 4186//4186 1035//1035 4176//4176
f 4254//4254 4206//4206 4198//4198
f 4254//4254 4213//4213 4206//4206
f 4253//4253 4213//4213 4254//4254
f 4265//4265 4295//4295 4294//4294
f 4294//4294 4295//4295 4296//4296
f 4296//4296 4708//4708 4304//4304
f 4712//4712 4303//4303 4304//4304
f 4308//4308 4740//4740 4735//4735
f 4740//4740 4752//4752 4735//4735
f 4589//4589 4590//4590 4586//4586
f 4573//4573 4572//4572 4569//4569
f 4563//4563 4570//4570 4568//4568
f 4508//4508 4523//4523 4509//4509
f 4489//4489 4508//4508 4509//4509
f 3822//3822 3925//3925 3931//3931
f 3925//3925 3822//3822 3825//3825
f 3825//3825 3824//3824 3925//3925
f 737//737 736//736 733//733
f 703//703 704//704 702//702
f 704//704 701//701 700//700
f 700//700 639//639 697//697
f 540//540 542//542 560//560
f 194//194 192//192 539//539
f 198//198 192//192 194//194
f 192//192 198//198 191//191
f 183//183 182//182 181//181
f 182//182 183//183 184//184
f 227//227 511//511 224//224
f 928//928 927//927 924//924
f 927//927 928//928 938//938
f 1009//1009 1015//1015 944//944
f 1015//1015 1031//1031 1008//1008
f 1014//1014 1031//1031 1035//1035
f 1034//1034 1014//1014 1035//1035
f 4186//4186 4176//4176 4198//4198
f 4260//4260 4253//4253 4255//4255
f 4296//4296 4295//4295 4708//4708
f 4304//4304 4708//4708 4709//4709
f 4718//4718 4302//4302 4303//4303
f 4302//4302 4718//4718 4308//4308
f 4741//4741 4740//4740 4308//4308
f 4875//4875 4756//4756 4755//4755
f 4878//4878 4882//4882 4875//4875
f 4589//4589 4586//4586 4585//4585
f 4580//4580 4581//4581 4573//4573
f 4573//4573 4574//4574 4572//4572
f 4523//4523 4570//4570 4524//4524
f 3934//3934 3933//3933 4475//4475
f 3933//3933 3934//3934 3930//3930
f 3923//3923 3822//3822 3931//3931
f 3814//3814 3811//3811 3824//3824
f 744//744 747//747 735//735
f 737//737 735//735 747//747
f 704//704 703//703 736//736
f 666//666 639//639 700//700
f 639//639 698//698 697//697
f 698//698 551//551 697//697
f 550//550 540//540 560//560
f 539//539 534//534 194//194
f 187//187 191//191 181//181
f 226//226 184//184 160//160
f 160//160 159//159 226//226
f 226//226 159//159 227//227
f 511//511 928//928 224//224
f 942//942 1010//1010 1009//1009
f 1010//1010 942//942 938//938
f 1016//1016 1017//1017 1009//1009
f 1015//1015 1009//1009 1017//1017
f 1015//1015 1032//1032 1031//1031
f 4254//4254 4198//4198 4207//4207
f 4255//4255 4253//4253 4254//4254
f 4261//4261 4260//4260 4255//4255
f 4261//4261 4283//4283 4260//4260
f 4260//4260 4283//4283 4265//4265
f 4295//4295 4265//4265 4283//4283
f 4712//4712 4304//4304 4709//4709
f 4718//4718 4303//4303 4712//4712
f 4308//4308 4718//4718 4741//4741
f 4752//4752 4740//4740 4753//4753
f 4751//4751 4752//4752 4753//4753
f 4751//4751 4753//4753 4755//4755
f 4873//4873 4878//4878 4875//4875
f 4643//4643 4612//4612 4642//4642
f 4563//4563 4524//4524 4570//4570
f 4406//4406 4489//4489 4509//4509
f 4489//4489 4406//4406 4488//4488
f 4488//4488 4474//4474 4489//4489
f 3934//3934 4475//4475 4474//4474
f 3811//3811 3815//3815 3828//3828
f 518//518 551//551 698//698
f 519//519 550//550 551//551
f 938//938 928//928 1010//1010
f 1009//1009 1010//1010 1016//1016
f 1031//1031 1036//1036 1035//1035
f 4207//4207 4198//4198 4199//4199
f 4716//4716 4718//4718 4712//4712
f 4753//4753 4740//4740 4741//4741
f 4722//4722 4755//4755 4753//4753
f 4643//4643 4878//4878 4612//4612
f 4591//4591 4586//4586 4590//4590
f 4573//4573 4581//4581 4534//4534
f 4574//4574 4573//4573 4534//4534
f 4569//4569 4572//4572 4566//4566
f 4474//4474 4488//4488 3934//3934
f 3813//3813 3814//3814 3824//3824
f 746//746 737//737 3832//3832
f 3832//3832 737//737 747//747
f 734//734 701//701 704//704
f 519//519 551//551 518//518
f 181//181 191//191 185//185
f 181//181 185//185 183//183
f 184//184 161//161 160//160
f 159//159 511//511 227//227
f 511//511 523//523 928//928
f 162//162 501//501 160//160
f 511//511 522//522 523//523
f 159//159 160//160 501//501
f 162//162 160//160 161//161
f 524//524 928//928 523//523
f 928//928 656//656 1010//1010
f 656//656 1016//1016 1010//1010
f 1031//1031 1032//1032 1036//1036
f 4198//4198 4176//4176 4177//4177
f 4255//4255 4254//4254 4207//4207
f 4295//4295 4710//4710 4708//4708
f 4711//4711 4709//4709 4708//4708
f 4715//4715 4712//4712 4709//4709
f 4716//4716 4712//4712 4715//4715
f 4717//4717 4718//4718 4716//4716
f 4717//4717 4753//4753 4741//4741
f 4757//4757 4755//4755 4722//4722
f 4755//4755 4873//4873 4875//4875
f 4642//4642 4612//4612 4591//4591
f 4587//4587 4585//4585 4586//4586
f 4580//4580 4585//4585 4587//4587
f 4566//4566 4572//4572 4571//4571
f 4568//4568 4566//4566 4571//4571
f 4571//4571 4563//4563 4568//4568
f 4524//4524 4563//4563 4525//4525
f 3935//3935 3934//3934 4488//4488
f 3934//3934 3932//3932 3930//3930
f 3817//3817 3824//3824 3825//3825
f 3812//3812 3815//3815 3811//3811
f 3829//3829 3826//3826 746//746
f 745//745 704//704 736//736
f 701//701 666//666 700//700
f 541//541 550//550 519//519
f 541//541 540//540 550//550
f 161//161 184//184 183//183
f 159//159 500//500 511//511
f 501//501 507//507 500//500
f 4261//4261 4255//4255 4256//4256
f 4295//4295 4283//4283 4297//4297
f 4717//4717 4741//4741 4718//4718
f 4717//4717 4722//4722 4753//4753
f 4588//4588 4587//4587 4586//4586
f 4580//4580 4587//4587 4581//4581
f 4534//4534 4533//4533 4574//4574
f 4574//4574 4532//4532 4572//4572
f 4523//4523 4524//4524 4412//4412
f 4412//4412 4509//4509 4523//4523
f 3935//3935 3932//3932 3934//3934
f 3932//3932 3931//3931 3930//3930
f 3931//3931 3932//3932 3923//3923
f 3817//3817 3821//3821 3813//3813
f 3813//3813 3824//3824 3817//3817
f 746//746 3826//3826 745//745
f 737//737 746//746 736//736
f 746//746 745//745 736//736
f 698//698 639//639 638//638
f 638//638 518//518 698//698
f 540//540 541//541 534//534
f 185//185 191//191 195//195
f 196//196 161//161 183//183
f 193//193 161//161 196//196
f 183//183 185//185 196//196
f 197//197 193//193 196//196
f 162//162 193//193 197//197
f 500//500 507//507 506//506
f 511//511 500//500 506//506
f 1017//1017 1016//1016 679//679
f 1015//1015 1017//1017 1032//1032
f 4706//4706 4297//4297 4283//4283
f 4295//4295 4297//4297 4710//4710
f 4715//4715 4709//4709 4711//4711
f 4755//4755 4757//4757 4726//4726
f 4726//4726 4872//4872 4755//4755
f 4873//4873 4755//4755 4872//4872
f 4873//4873 4612//4612 4878//4878
f 4586//4586 4591//4591 4612//4612
f 4586//4586 4612//4612 4588//4588
f 4572//4572 4532//4532 4531//4531
f 4563//4563 4571//4571 4526//4526
f 4526//4526 4525//4525 4563//4563
f 4412//4412 4407//4407 4509//4509
f 4406//4406 4509//4509 4407//4407
f 4406//4406 4405//4405 4488//4488
f 3935//3935 4488//4488 4405//4405
f 4405//4405 3706//3706 3935//3935
f 3706//3706 3699//3699 3935//3935
f 3935//3935 3699//3699 3700//3700
f 3935//3935 3700//3700 3932//3932
f 3932//3932 3700//3700 3924//3924
f 3932//3932 3924//3924 3923//3923
f 3823//3823 3822//3822 3923//3923
f 3805//3805 658//658 667//667
f 667//667 658//658 657//657
f 664//664 657//657 659//659
f 668//668 666//666 701//701
f 704//704 3833//3833 734//734
f 3833//3833 704//704 745//745
f 664//664 639//639 665//665
f 3809//3809 3805//3805 667//667
f 3809//3809 667//667 3810//3810
f 3813//3813 3810//3810 3814//3814
f 745//745 3826//3826 3833//3833
f 3826//3826 3815//3815 3833//3833
f 3812//3812 3833//3833 3815//3815
f 3811//3811 3814//3814 3810//3810
f 3812//3812 734//734 3833//3833
f 701//701 734//734 668//668
f 668//668 639//639 666//666
f 665//665 639//639 668//668
f 734//734 3812//3812 3811//3811
f 3811//3811 668//668 734//734
f 667//667 664//664 665//665
f 657//657 664//664 667//667
f 668//668 3811//3811 3810//3810
f 665//665 668//668 3810//3810
f 667//667 665//665 3810//3810
f 3810//3810 3813//3813 3809//3809
f 513//513 541//541 519//519
f 534//534 541//541 535//535
f 191//191 198//198 195//195
f 522//522 511//511 506//506
f 522//522 524//524 523//523
f 1016//1016 656//656 647//647
f 1016//1016 647//647 679//679
f 4199//4199 4198//4198 4177//4177
f 4512//4512 4532//4532 4533//4533
f 4531//4531 4571//4571 4572//4572
f 3924//3924 3823//3823 3923//3923
f 3809//3809 3813//3813 3821//3821
f 3805//3805 3806//3806 658//658
f 638//638 639//639 664//664
f 520//520 519//519 518//518
f 519//519 520//520 513//513
f 194//194 534//534 535//535
f 197//197 196//196 195//195
f 501//501 508//508 507//507
f 656//656 524//524 653//653
f 1036//1036 4176//4176 1035//1035
f 4207//4207 4257//4257 4255//4255
f 4257//4257 4256//4256 4255//4255
f 4284//4284 4706//4706 4283//4283
f 4520//4520 4519//4519 4521//4521
f 4490//4490 4533//4533 4521//4521
f 4525//4525 4412//4412 4524//4524
f 3685//3685 3700//3700 3699//3699
f 3700//3700 3685//3685 3684//3684
f 3700//3700 3684//3684 3924//3924
f 3825//3825 3822//3822 3817//3817
f 3805//3805 3809//3809 3807//3807
f 638//638 640//640 518//518
f 640//640 520//520 518//518
f 513//513 535//535 541//541
f 199//199 198//198 194//194
f 199//199 195//195 198//198
f 195//195 196//196 185//185
f 522//522 653//653 524//524
f 4176//4176 1036//1036 4177//4177
f 4519//4519 4490//4490 4521//4521
f 4490//4490 4522//4522 4533//4533
f 4512//4512 4533//4533 4522//4522
f 4531//4531 4530//4530 4571//4571
f 4571//4571 4530//4530 4526//4526
f 4514//4514 4526//4526 4530//4530
f 4511//4511 4525//4525 4526//4526
f 3699//3699 3706//3706 3701//3701
f 3922//3922 3924//3924 3684//3684
f 3922//3922 3823//3823 3924//3924
f 3822//3822 3823//3823 3818//3818
f 3822//3822 3818//3818 3817//3817
f 3807//3807 3809//3809 3821//3821
f 659//659 663//663 664//664
f 199//199 502//502 195//195
f 197//197 195//195 502//502
f 508//508 501//501 162//162
f 509//509 507//507 508//508
f 507//507 516//516 506//506
f 522//522 506//506 516//516
f 653//653 647//647 656//656
f 4261//4261 4256//4256 4284//4284
f 4284//4284 4283//4283 4261//4261
f 4285//4285 4706//4706 4284//4284
f 4285//4285 4700//4700 4706//4706
f 4490//4490 4519//4519 4700//4700
f 4526//4526 4514//4514 4511//4511
f 4525//4525 4511//4511 4414//4414
f 4525//4525 4414//4414 4412//4412
f 4407//4407 3707//3707 4406//4406
f 4405//4405 4406//4406 3707//3707
f 3707//3707 3706//3706 4405//4405
f 3692//3692 3699//3699 3701//3701
f 3685//3685 3699//3699 3692//3692
f 3684//3684 3666//3666 3922//3922
f 3807//3807 3821//3821 3817//3817
f 3807//3807 3806//3806 3805//3805
f 664//664 663//663 638//638
f 503//503 535//535 513//513
f 510//510 162//162 197//197
f 509//509 516//516 507//507
f 516//516 525//525 522//522
f 525//525 653//653 522//522
f 647//647 653//653 646//646
f 4178//4178 1032//1032 1017//1017
f 4207//4207 4199//4199 4200//4200
f 4257//4257 4207//4207 4249//4249
f 3692//3692 3688//3688 3685//3685
f 3685//3685 3688//3688 3687//3687
f 3685//3685 3687//3687 3684//3684
f 3818//3818 3922//3922 3666//3666
f 3823//3823 3922//3922 3818//3818
f 3818//3818 3819//3819 3817//3817
f 3817//3817 3819//3819 3807//3807
f 663//663 659//659 654//654
f 638//638 663//663 640//640
f 504//504 513//513 520//520
f 535//535 503//503 199//199
f 199//199 194//194 535//535
f 197//197 502//502 510//510
f 508//508 162//162 510//510
f 1017//1017 693//693 4178//4178
f 4178//4178 1036//1036 1032//1032
f 4178//4178 4177//4177 1036//1036
f 4285//4285 4284//4284 4256//4256
f 4490//4490 4700//4700 4491//4491
f 4491//4491 4522//4522 4490//4490
f 4511//4511 4415//4415 4414//4414
f 4408//4408 4407//4407 4412//4412
f 3701//3701 3706//3706 3707//3707
f 3692//3692 3701//3701 3693//3693
f 3692//3692 3693//3693 3688//3688
f 3679//3679 3684//3684 3687//3687
f 3679//3679 3666//3666 3684//3684
f 3818//3818 3666//3666 3667//3667
f 658//658 3806//3806 660//660
f 658//658 660//660 661//661
f 657//657 658//658 661//661
f 655//655 640//640 663//663
f 520//520 651//651 521//521
f 520//520 521//521 504//504
f 513//513 504//504 503//503
f 503//503 502//502 199//199
f 693//693 1017//1017 679//679
f 4278//4278 4256//4256 4257//4257
f 4492//4492 4522//4522 4491//4491
f 4512//4512 4515//4515 4532//4532
f 4532//4532 4515//4515 4531//4531
f 4412//4412 4414//4414 4413//4413
f 4412//4412 4413//4413 4408//4408
f 3707//3707 3702//3702 3701//3701
f 3702//3702 3693//3693 3701//3701
f 3666//3666 3679//3679 3668//3668
f 3820//3820 3818//3818 3667//3667
f 3819//3819 3818//3818 3820//3820
f 3804//3804 3807//3807 3819//3819
f 3806//3806 3807//3807 3804//3804
f 3806//3806 3804//3804 660//660
f 661//661 659//659 657//657
f 663//663 654//654 655//655
f 651//651 520//520 640//640
f 525//525 516//516 649//649
f 525//525 646//646 653//653
f 4178//4178 693//693 4179//4179
f 4285//4285 4491//4491 4700//4700
f 4491//4491 4286//4286 4492//4492
f 4522//4522 4492//4492 4493//4493
f 4512//4512 4522//4522 4493//4493
f 4515//4515 4512//4512 4513//4513
f 4531//4531 4515//4515 4530//4530
f 4408//4408 3708//3708 3707//3707
f 3707//3707 4407//4407 4408//4408
f 3689//3689 3688//3688 3693//3693
f 3668//3668 3667//3667 3666//3666
f 3820//3820 3808//3808 3819//3819
f 3819//3819 3808//3808 3804//3804
f 3804//3804 662//662 660//660
f 661//661 660//660 662//662
f 661//661 662//662 686//686
f 659//659 661//661 676//676
f 659//659 676//676 654//654
f 655//655 651//651 640//640
f 514//514 504//504 521//521
f 509//509 517//517 516//516
f 4179//4179 4177//4177 4178//4178
f 4200//4200 4249//4249 4207//4207
f 4286//4286 4491//4491 4285//4285
f 4493//4493 4513//4513 4512//4512
f 3708//3708 3702//3702 3707//3707
f 3689//3689 3693//3693 3694//3694
f 3678//3678 3688//3688 3689//3689
f 3678//3678 3687//3687 3688//3688
f 3678//3678 3679//3679 3687//3687
f 3679//3679 3669//3669 3668//3668
f 3808//3808 3820//3820 3667//3667
f 662//662 3804//3804 684//684
f 676//676 661//661 686//686
f 503//503 504//504 502//502
f 510//510 502//502 505//505
f 508//508 512//512 509//509
f 647//647 680//680 679//679
f 680//680 4179//4179 693//693
f 4278//4278 4285//4285 4256//4256
f 4286//4286 4278//4278 4492//4492
f 4530//4530 4515//4515 4514//4514
f 3694//3694 3693//3693 3702//3702
f 3681//3681 3689//3689 3694//3694
f 3669//3669 3679//3679 3678//3678
f 3667//3667 3668//3668 3655//3655
f 3655//3655 3808//3808 3667//3667
f 684//684 3804//3804 3808//3808
f 654//654 676//676 641//641
f 502//502 504//504 505//505
f 512//512 508//508 510//510
f 525//525 648//648 646//646
f 646//646 681//681 647//647
f 680//680 647//647 681//681
f 693//693 679//679 680//680
f 4177//4177 4179//4179 4180//4180
f 4278//4278 4257//4257 4249//4249
f 4492//4492 4278//4278 4287//4287
f 4494//4494 4492//4492 4287//4287
f 4494//4494 4493//4493 4492//4492
f 3708//3708 4408//4408 3709//3709
f 3681//3681 3678//3678 3689//3689
f 3678//3678 3680//3680 3669//3669
f 3816//3816 3808//3808 3655//3655
f 3816//3816 684//684 3808//3808
f 669//669 676//676 686//686
f 676//676 669//669 641//641
f 648//648 681//681 646//646
f 680//680 694//694 4180//4180
f 680//680 4180//4180 4179//4179
f 4177//4177 4180//4180 4199//4199
f 4279//4279 4278//4278 4249//4249
f 4278//4278 4286//4286 4285//4285
f 4278//4278 4280//4280 4287//4287
f 4493//4493 4494//4494 4516//4516
f 4516//4516 4513//4513 4493//4493
f 3709//3709 3705//3705 3708//3708
f 3702//3702 3708//3708 3705//3705
f 3681//3681 3694//3694 3686//3686
f 3678//3678 3681//3681 3680//3680
f 3669//3669 3656//3656 3668//3668
f 3656//3656 3655//3655 3668//3668
f 685//685 662//662 684//684
f 686//686 662//662 685//685
f 643//643 641//641 669//669
f 651//651 655//655 641//641
f 514//514 521//521 515//515
f 512//512 510//510 505//505
f 512//512 517//517 509//509
f 648//648 682//682 681//681
f 683//683 690//690 682//682
f 690//690 694//694 682//682
f 4200//4200 4180//4180 4182//4182
f 4200//4200 4182//4182 4201//4201
f 4180//4180 4200//4200 4199//4199
f 4208//4208 4249//4249 4200//4200
f 4249//4249 4208//4208 4250//4250
f 4249//4249 4250//4250 4279//4279
f 4279//4279 4280//4280 4278//4278
f 4287//4287 4704//4704 4494//4494
f 4515//4515 4513//4513 4517//4517
f 4514//4514 4415//4415 4511//4511
f 4408//4408 4413//4413 3709//3709
f 3705//3705 3703//3703 3702//3702
f 3703//3703 3694//3694 3702//3702
f 3686//3686 3677//3677 3681//3681
f 3680//3680 3681//3681 3671//3671
f 3680//3680 3671//3671 3670//3670
f 3670//3670 3669//3669 3680//3680
f 3669//3669 3670//3670 3656//3656
f 3816//3816 3655//3655 3658//3658
f 3658//3658 684//684 3816//3816
f 654//654 641//641 655//655
f 651//651 515//515 521//521
f 504//504 514//514 505//505
f 650//650 648//648 525//525
f 650//650 683//683 648//648
f 682//682 648//648 683//683
f 694//694 4181//4181 4180//4180
f 4518//4518 4513//4513 4516//4516
f 4513//4513 4518//4518 4517//4517
f 4517//4517 4420//4420 4515//4515
f 4420//4420 4419//4419 4515//4515
f 4515//4515 4419//4419 4514//4514
f 4514//4514 4419//4419 4415//4415
f 4414//4414 4415//4415 4413//4413
f 3703//3703 3695//3695 3694//3694
f 3671//3671 3681//3681 3677//3677
f 3656//3656 3670//3670 3659//3659
f 3656//3656 3659//3659 3657//3657
f 3655//3655 3656//3656 3657//3657
f 3655//3655 689//689 3658//3658
f 687//687 684//684 3658//3658
f 685//685 684//684 687//687
f 686//686 685//685 671//671
f 669//669 686//686 671//671
f 643//643 669//669 670//670
f 515//515 505//505 514//514
f 516//516 517//517 649//649
f 694//694 1027//1027 4181//4181
f 4181//4181 4182//4182 4180//4180
f 4208//4208 4200//4200 4201//4201
f 4410//4410 3709//3709 4413//4413
f 3695//3695 3686//3686 3694//3694
f 3671//3671 3672//3672 3670//3670
f 689//689 3655//3655 3657//3657
f 3658//3658 689//689 687//687
f 642//642 643//643 670//670
f 643//643 642//642 641//641
f 512//512 505//505 515//515
f 694//694 690//690 691//691
f 691//691 1027//1027 694//694
f 4287//4287 4701//4701 4704//4704
f 4410//4410 4413//4413 4415//4415
f 4410//4410 3705//3705 3709//3709
f 3672//3672 3677//3677 3673//3673
f 3672//3672 3671//3671 3677//3677
f 687//687 688//688 685//685
f 671//671 685//685 688//688
f 670//670 669//669 671//671
f 641//641 652//652 651//651
f 652//652 515//515 651//651
f 652//652 512//512 515//515
f 517//517 512//512 652//652
f 645//645 650//650 525//525
f 690//690 683//683 677//677
f 691//691 690//690 677//677
f 1027//1027 1029//1029 4181//4181
f 4201//4201 4182//4182 4185//4185
f 4287//4287 4280//4280 4288//4288
f 4288//4288 4701//4701 4287//4287
f 3705//3705 4410//4410 3704//3704
f 3695//3695 3703//3703 3696//3696
f 3686//3686 3695//3695 3682//3682
f 3677//3677 3686//3686 3682//3682
f 3682//3682 3673//3673 3677//3677
f 3661//3661 3670//3670 3672//3672
f 3660//3660 3670//3670 3661//3661
f 3660//3660 3659//3659 3670//3670
f 3657//3657 3659//3659 3660//3660
f 688//688 687//687 689//689
f 672//672 642//642 670//670
f 649//649 517//517 644//644
f 644//644 525//525 649//649
f 644//644 645//645 525//525
f 683//683 650//650 677//677
f 691//691 811//811 1027//1027
f 3696//3696 3703//3703 3704//3704
f 3682//3682 3675//3675 3673//3673
f 3672//3672 3673//3673 3661//3661
f 3657//3657 3660//3660 3651//3651
f 3651//3651 689//689 3657//3657
f 689//689 422//422 688//688
f 671//671 672//672 670//670
f 672//672 644//644 642//642
f 641//641 642//642 652//652
f 652//652 644//644 517//517
f 650//650 645//645 677//677
f 691//691 677//677 692//692
f 4181//4181 4175//4175 4182//4182
f 4185//4185 4182//4182 4175//4175
f 4697//4697 4517//4517 4518//4518
f 4517//4517 4697//4697 4420//4420
f 4416//4416 4415//4415 4419//4419
f 3690//3690 3682//3682 3695//3695
f 3673//3673 3674//3674 3661//3661
f 3660//3660 3652//3652 3651//3651
f 689//689 3651//3651 422//422
f 673//673 671//671 688//688
f 672//672 671//671 673//673
f 644//644 672//672 674//674
f 644//644 652//652 642//642
f 645//645 675//675 677//677
f 1028//1028 1027//1027 811//811
f 4703//4703 4494//4494 4704//4704
f 4417//4417 4415//4415 4416//4416
f 3704//3704 3703//3703 3705//3705
f 3674//3674 3673//3673 3675//3675
f 3662//3662 3661//3661 3674//3674
f 3652//3652 3660//3660 3661//3661
f 688//688 422//422 673//673
f 674//674 675//675 644//644
f 677//677 678//678 692//692
f 1027//1027 1028//1028 1029//1029
f 4175//4175 4181//4181 1029//1029
f 4494//4494 4703//4703 4516//4516
f 4410//4410 4415//4415 4417//4417
f 3695//3695 3696//3696 3690//3690
f 3652//3652 3661//3661 3665//3665
f 423//423 3651//3651 3652//3652
f 423//423 422//422 3651//3651
f 645//645 644//644 675//675
f 677//677 675//675 678//678
f 4201//4201 4209//4209 4208//4208
f 4250//4250 4208//4208 4209//4209
f 4251//4251 4250//4250 4209//4209
f 4704//4704 4705//4705 4703//4703
f 4516//4516 4719//4719 4518//4518
f 4410//4410 4411//4411 3704//3704
f 3665//3665 3661//3661 3662//3662
f 424//424 423//423 3652//3652
f 673//673 422//422 425//425
f 673//673 674//674 672//672
f 678//678 427//427 808//808
f 808//808 692//692 678//678
f 4202//4202 4209//4209 4201//4201
f 4707//4707 4516//4516 4703//4703
f 4516//4516 4707//4707 4719//4719
f 4417//4417 4416//4416 4418//4418
f 4411//4411 4410//4410 4417//4417
f 3682//3682 3690//3690 3675//3675
f 3665//3665 3653//3653 3652//3652
f 425//425 422//422 423//423
f 428//428 673//673 425//425
f 673//673 428//428 674//674
f 678//678 429//429 427//427
f 809//809 808//808 427//427
f 809//809 810//810 808//808
f 1030//1030 1028//1028 811//811
f 4281//4281 4250//4250 4251//4251
f 4250//4250 4281//4281 4279//4279
f 3704//3704 3710//3710 3696//3696
f 3662//3662 3663//3663 3665//3665
f 424//424 3652//3652 3653//3653
f 429//429 675//675 674//674
f 678//678 675//675 429//429
f 426//426 427//427 429//429
f 427//427 426//426 431//431
f 4279//4279 4281//4281 4280//4280
f 4280//4280 4289//4289 4288//4288
f 4705//4705 4670//4670 4703//4703
f 4409//4409 3704//3704 4411//4411
f 3704//3704 4409//4409 3710//3710
f 3662//3662 3674//3674 3663//3663
f 3663//3663 3654//3654 3665//3665
f 424//424 432//432 423//423
f 428//428 425//425 423//423
f 426//426 429//429 430//430
f 431//431 809//809 427//427
f 1029//1029 4183//4183 4175//4175
f 4202//4202 4201//4201 4185//4185
f 4707//4707 4703//4703 4670//4670
f 4697//4697 4518//4518 4719//4719
f 3697//3697 3696//3696 3710//3710
f 3697//3697 3690//3690 3696//3696
f 3690//3690 3691//3691 3675//3675
f 3663//3663 3674//3674 3675//3675
f 3653//3653 3665//3665 3654//3654
f 432//432 424//424 3653//3653
f 423//423 432//432 428//428
f 428//428 429//429 674//674
f 433//433 426//426 430//430
f 431//431 426//426 433//433
f 3978//3978 3980//3980 809//809
f 810//810 809//809 3980//3980
f 4185//4185 4203//4203 4202//4202
f 4280//4280 4281//4281 4290//4290
f 4280//4280 4290//4290 4289//4289
f 4701//4701 4705//4705 4704//4704
f 4420//4420 4697//4697 4696//4696
f 4419//4419 4420//4420 4696//4696
f 4661//4661 4416//4416 4419//4419
f 3698//3698 3690//3690 3697//3697
f 3698//3698 3691//3691 3690//3690
f 3676//3676 3663//3663 3675//3675
f 428//428 432//432 430//430
f 429//429 428//428 430//430
f 431//431 3978//3978 809//809
f 4184//4184 4185//4185 4175//4175
f 4202//4202 4251//4251 4209//4209
f 4258//4258 4281//4281 4251//4251
f 4705//4705 4701//4701 4699//4699
f 4668//4668 4719//4719 4707//4707
f 4719//4719 4668//4668 4669//4669
f 4669//4669 4697//4697 4719//4719
f 4696//4696 4661//4661 4419//4419
f 3697//3697 3710//3710 3711//3711
f 3683//3683 3675//3675 3691//3691
f 433//433 3653//3653 3654//3654
f 432//432 3653//3653 433//433
f 430//430 432//432 433//433
f 431//431 433//433 3654//3654
f 3654//3654 3978//3978 431//431
f 4183//4183 4184//4184 4175//4175
f 4699//4699 4701//4701 4288//4288
f 4416//4416 4661//4661 4418//4418
f 4417//4417 4418//4418 4411//4411
f 3675//3675 3683//3683 4027//4027
f 4027//4027 3676//3676 3675//3675
f 3664//3664 3663//3663 3676//3676
f 3663//3663 3664//3664 3654//3654
f 810//810 3981//3981 808//808
f 3987//3987 1028//1028 1030//1030
f 4184//4184 4203//4203 4185//4185
f 4670//4670 4705//4705 4672//4672
f 4697//4697 4669//4669 4698//4698
f 4697//4697 4698//4698 4696//4696
f 4137//4137 3710//3710 4409//4409
f 3654//3654 3664//3664 3978//3978
f 691//691 808//808 812//812
f 811//811 691//691 812//812
f 3992//3992 1029//1029 3988//3988
f 1029//1029 3992//3992 4183//4183
f 4203//4203 4210//4210 4202//4202
f 4289//4289 4699//4699 4288//4288
f 4663//4663 4696//4696 4698//4698
f 4661//4661 4696//4696 4663//4663
f 4661//4661 4660//4660 4418//4418
f 4411//4411 4418//4418 4409//4409
f 1028//1028 3987//3987 1029//1029
f 4184//4184 4204//4204 4203//4203
f 4202//4202 4210//4210 4251//4251
f 4699//4699 4672//4672 4705//4705
f 4670//4670 4668//4668 4707//4707
f 3683//3683 3691//3691 3698//3698
f 3978//3978 3664//3664 3979//3979
f 3982//3982 810//810 3980//3980
f 3987//3987 3988//3988 1029//1029
f 4210//4210 4203//4203 4204//4204
f 4660//4660 4659//4659 4418//4418
f 4138//4138 4409//4409 4418//4418
f 3676//3676 4027//4027 3990//3990
f 3990//3990 3664//3664 3676//3676
f 3978//3978 3979//3979 3980//3980
f 810//810 3982//3982 3981//3981
f 4138//4138 4418//4418 4659//4659
f 4409//4409 4138//4138 4137//4137
f 3711//3711 3710//3710 4137//4137
f 3988//3988 3991//3991 3992//3992
f 4204//4204 4184//4184 4028//4028
f 4034//4034 4210//4210 4204//4204
f 4259//4259 4251//4251 4210//4210
f 4699//4699 4289//4289 4702//4702
f 4662//4662 4661//4661 4663//4663
f 4027//4027 4022//4022 3990//3990
f 3979//3979 3664//3664 3990//3990
f 812//812 808//808 3981//3981
f 3992//3992 4028//4028 4183//4183
f 4184//4184 4183//4183 4028//4028
f 4660//4660 4661//4661 4662//4662
f 4025//4025 3683//3683 4030//4030
f 3683//3683 4025//4025 4027//4027
f 4699//4699 4702//4702 4672//4672
f 3698//3698 3697//3697 4121//4121
f 4120//4120 3683//3683 3698//3698
f 811//811 3983//3983 1030//1030
f 3683//3683 4120//4120 4030//4030
f 4025//4025 4022//4022 4027//4027
f 3979//3979 3990//3990 3976//3976
f 4291//4291 4289//4289 4290//4290
f 4289//4289 4291//4291 4702//4702
f 3697//3697 3711//3711 4121//4121
f 3976//3976 3977//3977 3979//3979
f 3988//3988 3987//3987 3989//3989
f 4258//4258 4251//4251 4259//4259
f 3975//3975 3980//3980 3979//3979
f 3980//3980 3975//3975 3982//3982
f 3989//3989 3991//3991 3988//3988
f 4259//4259 4210//4210 4034//4034
f 4694//4694 4702//4702 4291//4291
f 4671//4671 4670//4670 4672//4672
f 4662//4662 4657//4657 4660//4660
f 4659//4659 4660//4660 4657//4657
f 4138//4138 4659//4659 4657//4657
f 4022//4022 3976//3976 3990//3990
f 4138//4138 4657//4657 4655//4655
f 811//811 812//812 3983//3983
f 4282//4282 4281//4281 4258//4258
f 4282//4282 4290//4290 4281//4281
f 3711//3711 4137//4137 4138//4138
f 4123//4123 4121//4121 3711//3711
f 4034//4034 4204//4204 4028//4028
f 4669//4669 4667//4667 4698//4698
f 4663//4663 4698//4698 4667//4667
f 4134//4134 3711//3711 4138//4138
f 3983//3983 3987//3987 1030//1030
f 3992//3992 3991//3991 4028//4028
f 4282//4282 4292//4292 4290//4290
f 4121//4121 4120//4120 3698//3698
f 4025//4025 4021//4021 4022//4022
f 4292//4292 4291//4291 4290//4290
f 4666//4666 4663//4663 4667//4667
f 4665//4665 4662//4662 4663//4663
f 4657//4657 4662//4662 4664//4664
f 3711//3711 4132//4132 4123//4123
f 4025//4025 4030//4030 4122//4122
f 3976//3976 4022//4022 4023//4023
f 3991//3991 3993//3993 4028//4028
f 4655//4655 4135//4135 4138//4138
f 4030//4030 4120//4120 4122//4122
f 4258//4258 4259//4259 4127//4127
f 4662//4662 4665//4665 4664//4664
f 4135//4135 4134//4134 4138//4138
f 4132//4132 3711//3711 4134//4134
f 4029//4029 4028//4028 3993//3993
f 4702//4702 4674//4674 4672//4672
f 4671//4671 4668//4668 4670//4670
f 4669//4669 4673//4673 4667//4667
f 3974//3974 3979//3979 3977//3977
f 4028//4028 4029//4029 4034//4034
f 4694//4694 4291//4291 4292//4292
f 4694//4694 4674//4674 4702//4702
f 4674//4674 4671//4671 4672//4672
f 4668//4668 4671//4671 4675//4675
f 4023//4023 3977//3977 3976//3976
f 3979//3979 3974//3974 3975//3975
f 3984//3984 3982//3982 3975//3975
f 3982//3982 3984//3984 3981//3981
f 812//812 3981//3981 3984//3984
f 3985//3985 3987//3987 3983//3983
f 3985//3985 3989//3989 3987//3987
f 3989//3989 4017//4017 3991//3991
f 4663//4663 4666//4666 4665//4665
f 4121//4121 4122//4122 4120//4120
f 4021//4021 4023//4023 4022//4022
f 3989//3989 4013//4013 4017//4017
f 3991//3991 4017//4017 3993//3993
f 4127//4127 4259//4259 4034//4034
f 4122//4122 4026//4026 4025//4025
f 3983//3983 812//812 3984//3984
f 3986//3986 3985//3985 3983//3983
f 4034//4034 4125//4125 4127//4127
f 4127//4127 4282//4282 4258//4258
f 4282//4282 4127//4127 4143//4143
f 4292//4292 4282//4282 4143//4143
f 4144//4144 4694//4694 4292//4292
f 4135//4135 4655//4655 4656//4656
f 4026//4026 4021//4021 4025//4025
f 3989//3989 3985//3985 4013//4013
f 4029//4029 4125//4125 4034//4034
f 4128//4128 4127//4127 4125//4125
f 4143//4143 4144//4144 4292//4292
f 4674//4674 4694//4694 4144//4144
f 4693//4693 4671//4671 4674//4674
f 4671//4671 4693//4693 4675//4675
f 4133//4133 4132//4132 4134//4134
f 4021//4021 4026//4026 4023//4023
f 3993//3993 4017//4017 4018//4018
f 3993//3993 4018//4018 4029//4029
f 4668//4668 4675//4675 4669//4669
f 4664//4664 4658//4658 4657//4657
f 3974//3974 3984//3984 3975//3975
f 4133//4133 4134//4134 4136//4136
f 4026//4026 4122//4122 3969//3969
f 4141//4141 4143//4143 4127//4127
f 4135//4135 4136//4136 4134//4134
f 4121//4121 3969//3969 4122//4122
f 4023//4023 4024//4024 4006//4006
f 4006//4006 3977//3977 4023//4023
f 4655//4655 4657//4657 4656//4656
f 4123//4123 3969//3969 4121//4121
f 4656//4656 4657//4657 4658//4658
f 4124//4124 4123//4123 4132//4132
f 4123//4123 4124//4124 3969//3969
f 3969//3969 3964//3964 4026//4026
f 4026//4026 4024//4024 4023//4023
f 3977//3977 4006//4006 3974//3974
f 4014//4014 3985//3985 3986//3986
f 3985//3985 4015//4015 4013//4013
f 4143//4143 4141//4141 4144//4144
f 4693//4693 4674//4674 4691//4691
f 4658//4658 4676//4676 4656//4656
f 4135//4135 4656//4656 4139//4139
f 3964//3964 4024//4024 4026//4026
f 4024//4024 4007//4007 4006//4006
f 4017//4017 4013//4013 4015//4015
f 4132//4132 4133//4133 4124//4124
f 4009//4009 3974//3974 4006//4006
f 3974//3974 3997//3997 3984//3984
f 3998//3998 3983//3983 3984//3984
f 3983//3983 3998//3998 3999//3999
f 3983//3983 3999//3999 3986//3986
f 3985//3985 4014//4014 4015//4015
f 4029//4029 4032//4032 4125//4125
f 4686//4686 4669//4669 4675//4675
f 4139//4139 4656//4656 4676//4676
f 4135//4135 4139//4139 4136//4136
f 3997//3997 3974//3974 4009//4009
f 4015//4015 4018//4018 4017//4017
f 4018//4018 4031//4031 4029//4029
f 4031//4031 4032//4032 4029//4029
f 4127//4127 4128//4128 4141//4141
f 4669//4669 4686//4686 4673//4673
f 4665//4665 4658//4658 4664//4664
f 4681//4681 4675//4675 4693//4693
f 4024//4024 4008//4008 4007//4007
f 3984//3984 3997//3997 3998//3998
f 3986//3986 3999//3999 4014//4014
f 4018//4018 4015//4015 4019//4019
f 4687//4687 4675//4675 4681//4681
f 4675//4675 4687//4687 4686//4686
f 4124//4124 4133//4133 4109//4109
f 3994//3994 4009//4009 4006//4006
f 4014//4014 4016//4016 4015//4015
f 4125//4125 4129//4129 4128//4128
f 4692//4692 4691//4691 4674//4674
f 4112//4112 4133//4133 4136//4136
f 4133//4133 4112//4112 4109//4109
f 3969//3969 4124//4124 4109//4109
f 4006//4006 4007//4007 3994//3994
f 3997//3997 4009//4009 3995//3995
f 4032//4032 4129//4129 4125//4125
f 4001//4001 4014//4014 3999//3999
f 4014//4014 4001//4001 4016//4016
f 4015//4015 4016//4016 4002//4002
f 4015//4015 4002//4002 4019//4019
f 4144//4144 4692//4692 4674//4674
f 4692//4692 4693//4693 4691//4691
f 4024//4024 3964//3964 3965//3965
f 4008//4008 4024//4024 3958//3958
f 4009//4009 3994//3994 3995//3995
f 4000//4000 3998//3998 3997//3997
f 4018//4018 4019//4019 4020//4020
f 4031//4031 4018//4018 4020//4020
f 3958//3958 4024//4024 3965//3965
f 3997//3997 3995//3995 4000//4000
f 4685//4685 4667//4667 4673//4673
f 3994//3994 824//824 3995//3995
f 4001//4001 4002//4002 4016//4016
f 4130//4130 4141//4141 4128//4128
f 4141//4141 4145//4145 4144//4144
f 4692//4692 4695//4695 4693//4693
f 4676//4676 4658//4658 4677//4677
f 3958//3958 3959//3959 4008//4008
f 4008//4008 3955//3955 4007//4007
f 3994//3994 4007//4007 3955//3955
f 3955//3955 824//824 3994//3994
f 3998//3998 4001//4001 3999//3999
f 4019//4019 4002//4002 4003//4003
f 4031//4031 4033//4033 4032//4032
f 4129//4129 4130//4130 4128//4128
f 4681//4681 4693//4693 4695//4695
f 3964//3964 3969//3969 3970//3970
f 822//822 3995//3995 824//824
f 822//822 4000//4000 3995//3995
f 4035//4035 4032//4032 4033//4033
f 4032//4032 4035//4035 4126//4126
f 4126//4126 4129//4129 4032//4032
f 4145//4145 4146//4146 4144//4144
f 4692//4692 4144//4144 4146//4146
f 4130//4130 4129//4129 4126//4126
f 4145//4145 4141//4141 4130//4130
f 824//824 3955//3955 3996//3996
f 821//821 4000//4000 822//822
f 4003//4003 4010//4010 4019//4019
f 4020//4020 4019//4019 4010//4010
f 4031//4031 4020//4020 4010//4010
f 4010//4010 4033//4033 4031//4031
f 4665//4665 4666//4666 4683//4683
f 4112//4112 4136//4136 4139//4139
f 4008//4008 3959//3959 3955//3955
f 4000//4000 821//821 816//816
f 816//816 3998//3998 4000//4000
f 4130//4130 4142//4142 4145//4145
f 4139//4139 4114//4114 4112//4112
f 3970//3970 3969//3969 4109//4109
f 4002//4002 4001//4001 4004//4004
f 4002//4002 4004//4004 4003//4003
f 4130//4130 4131//4131 4142//4142
f 4686//4686 4685//4685 4673//4673
f 4667//4667 4683//4683 4666//4666
f 4658//4658 4665//4665 4678//4678
f 4139//4139 4676//4676 4140//4140
f 3970//3970 3966//3966 3964//3964
f 4001//4001 3998//3998 827//827
f 4010//4010 4003//4003 4004//4004
f 4036//4036 4035//4035 4033//4033
f 4683//4683 4678//4678 4665//4665
f 4676//4676 4677//4677 4140//4140
f 3972//3972 3970//3970 4109//4109
f 813//813 822//822 824//824
f 821//821 814//814 816//816
f 827//827 3998//3998 816//816
f 4005//4005 4010//4010 4004//4004
f 4146//4146 4695//4695 4692//4692
f 4685//4685 4683//4683 4667//4667
f 3966//3966 3965//3965 3964//3964
f 802//802 3955//3955 3959//3959
f 822//822 813//813 821//821
f 4107//4107 4035//4035 4036//4036
f 4681//4681 4695//4695 4172//4172
f 4688//4688 4687//4687 4681//4681
f 4687//4687 4689//4689 4686//4686
f 4689//4689 4685//4685 4686//4686
f 4677//4677 4658//4658 4678//4678
f 3965//3965 3962//3962 3958//3958
f 3956//3956 3959//3959 3958//3958
f 3959//3959 3956//3956 802//802
f 3996//3996 3955//3955 823//823
f 823//823 824//824 3996//3996
f 4001//4001 827//827 4004//4004
f 4005//4005 4011//4011 4010//4010
f 4033//4033 4010//4010 4011//4011
f 4033//4033 4011//4011 4012//4012
f 4695//4695 4146//4146 4172//4172
f 4689//4689 4687//4687 4688//4688
f 4685//4685 4689//4689 4690//4690
f 4140//4140 4117//4117 4139//4139
f 3955//3955 802//802 823//823
f 824//824 823//823 813//813
f 816//816 818//818 827//827
f 4033//4033 4012//4012 4036//4036
f 4681//4681 4172//4172 4174//4174
f 4174//4174 4688//4688 4681//4681
f 4683//4683 4685//4685 4690//4690
f 4678//4678 4683//4683 4684//4684
f 3963//3963 3958//3958 3962//3962
f 821//821 813//813 814//814
f 827//827 825//825 4004//4004
f 4145//4145 4147//4147 4146//4146
f 4690//4690 4684//4684 4683//4683
f 4114//4114 4139//4139 4115//4115
f 4112//4112 4110//4110 4109//4109
f 3965//3965 3966//3966 3962//3962
f 3958//3958 3963//3963 3956//3956
f 823//823 794//794 813//813
f 825//825 827//827 818//818
f 825//825 4005//4005 4004//4004
f 4146//4146 4147//4147 4172//4172
f 4688//4688 4174//4174 4170//4170
f 4170//4170 4682//4682 4688//4688
f 4689//4689 4688//4688 4682//4682
f 4689//4689 4171//4171 4690//4690
f 4680//4680 4690//4690 4171//4171
f 4680//4680 4684//4684 4690//4690
f 4684//4684 4679//4679 4678//4678
f 4677//4677 4678//4678 4679//4679
f 4140//4140 4677//4677 4118//4118
f 4115//4115 4139//4139 4117//4117
f 4114//4114 4113//4113 4112//4112
f 4113//4113 4110//4110 4112//4112
f 797//797 823//823 802//802
f 4689//4689 4682//4682 4171//4171
f 4679//4679 4684//4684 4680//4680
f 4679//4679 4118//4118 4677//4677
f 4118//4118 4117//4117 4140//4140
f 4113//4113 4114//4114 4115//4115
f 3970//3970 3972//3972 3973//3973
f 802//802 3956//3956 803//803
f 823//823 797//797 794//794
f 4107//4107 4126//4126 4035//4035
f 4130//4130 4126//4126 4131//4131
f 3973//3973 4109//4109 4110//4110
f 797//797 802//802 803//803
f 815//815 816//816 814//814
f 4142//4142 4164//4164 4145//4145
f 4164//4164 4169//4169 4147//4147
f 4147//4147 4145//4145 4164//4164
f 4169//4169 4173//4173 4147//4147
f 4172//4172 4147//4147 4173//4173
f 3972//3972 4109//4109 3973//3973
f 3973//3973 3966//3966 3970//3970
f 3957//3957 3956//3956 3963//3963
f 817//817 813//813 794//794
f 817//817 814//814 813//813
f 814//814 817//817 815//815
f 816//816 815//815 818//818
f 825//825 828//828 4005//4005
f 828//828 917//917 4005//4005
f 4011//4011 4005//4005 917//917
f 4036//4036 4012//4012 4037//4037
f 4131//4131 4126//4126 4101//4101
f 4174//4174 4172//4172 4173//4173
f 3956//3956 805//805 803//803
f 819//819 818//818 815//815
f 818//818 826//826 825//825
f 825//825 826//826 828//828
f 4107//4107 4101//4101 4126//4126
f 4165//4165 4173//4173 4169//4169
f 4166//4166 4174//4174 4173//4173
f 4170//4170 4174//4174 4166//4166
f 4159//4159 4680//4680 4171//4171
f 4159//4159 4679//4679 4680//4680
f 3966//3966 3960//3960 3962//3962
f 3963//3963 3962//3962 3960//3960
f 3956//3956 3957//3957 805//805
f 804//804 803//803 805//805
f 804//804 797//797 803//803
f 795//795 794//794 797//797
f 794//794 796//796 817//817
f 4101//4101 4161//4161 4131//4131
f 4142//4142 4131//4131 4161//4161
f 4170//4170 4168//4168 4682//4682
f 4157//4157 4679//4679 4159//4159
f 4679//4679 4157//4157 4119//4119
f 4679//4679 4119//4119 4118//4118
f 794//794 795//795 796//796
f 4161//4161 4164//4164 4142//4142
f 4168//4168 4171//4171 4682//4682
f 804//804 798//798 797//797
f 817//817 796//796 806//806
f 817//817 806//806 815//815
f 815//815 806//806 819//819
f 4037//4037 4100//4100 4036//4036
f 4107//4107 4036//4036 4100//4100
f 4173//4173 4165//4165 4163//4163
f 4116//4116 4117//4117 4118//4118
f 3973//3973 3967//3967 3966//3966
f 3968//3968 3966//3966 3967//3967
f 3968//3968 3960//3960 3966//3966
f 3960//3960 3953//3953 3963//3963
f 3953//3953 3957//3957 3963//3963
f 797//797 798//798 795//795
f 917//917 4012//4012 4011//4011
f 4164//4164 4165//4165 4169//4169
f 4166//4166 4173//4173 4163//4163
f 4115//4115 4117//4117 4116//4116
f 798//798 799//799 795//795
f 4012//4012 917//917 4092//4092
f 4037//4037 4012//4012 4092//4092
f 4100//4100 4101//4101 4107//4107
f 4161//4161 4101//4101 4102//4102
f 4164//4164 4161//4161 4162//4162
f 4162//4162 4165//4165 4164//4164
f 4171//4171 4160//4160 4159//4159
f 885//885 805//805 3957//3957
f 818//818 819//819 820//820
f 826//826 818//818 820//820
f 918//918 828//828 826//826
f 917//917 828//828 918//918
f 918//918 4092//4092 917//917
f 4100//4100 4037//4037 4096//4096
f 4102//4102 4103//4103 4161//4161
f 4103//4103 4162//4162 4161//4161
f 4167//4167 4170//4170 4166//4166
f 4115//4115 4116//4116 4113//4113
f 4113//4113 4111//4111 4110//4110
f 3973//3973 4110//4110 4111//4111
f 3971//3971 3967//3967 3973//3973
f 798//798 800//800 799//799
f 795//795 799//799 796//796
f 4037//4037 4092//4092 4093//4093
f 4102//4102 4101//4101 4100//4100
f 4162//4162 4108//4108 4165//4165
f 4116//4116 4153//4153 4113//4113
f 3953//3953 885//885 3957//3957
f 793//793 806//806 796//796
f 807//807 819//819 806//806
f 910//910 820//820 819//819
f 826//826 820//820 918//918
f 4096//4096 4037//4037 4093//4093
f 4097//4097 4100//4100 4096//4096
f 4100//4100 4098//4098 4102//4102
f 4108//4108 4163//4163 4165//4165
f 4148//4148 4113//4113 4153//4153
f 4113//4113 4148//4148 4111//4111
f 801//801 798//798 804//804
f 806//806 793//793 807//807
f 819//819 807//807 910//910
f 918//918 820//820 911//911
f 4092//4092 918//918 919//919
f 919//919 4093//4093 4092//4092
f 4096//4096 4093//4093 920//920
f 4100//4100 4097//4097 4098//4098
f 4102//4102 4098//4098 4103//4103
f 4168//4168 4170//4170 4167//4167
f 4116//4116 4118//4118 4119//4119
f 4111//4111 3971//3971 3973//3973
f 919//919 918//918 912//912
f 4103//4103 4104//4104 4106//4106
f 4103//4103 4106//4106 4162//4162
f 4166//4166 4163//4163 4091//4091
f 4168//4168 4160//4160 4171//4171
f 4160//4160 4158//4158 4159//4159
f 3960//3960 3968//3968 3961//3961
f 3953//3953 3960//3960 3961//3961
f 3953//3953 3954//3954 885//885
f 842//842 796//796 799//799
f 796//796 842//842 793//793
f 820//820 910//910 911//911
f 911//911 912//912 918//918
f 919//919 915//915 4093//4093
f 920//920 4093//4093 915//915
f 4096//4096 920//920 4097//4097
f 798//798 801//801 800//800
f 843//843 807//807 793//793
f 907//907 910//910 807//807
f 4108//4108 4162//4162 4106//4106
f 3968//3968 3967//3967 4038//4038
f 3954//3954 3953//3953 3961//3961
f 886//886 805//805 885//885
f 804//804 805//805 886//886
f 4097//4097 920//920 4094//4094
f 4104//4104 4103//4103 4099//4099
f 4088//4088 4163//4163 4108//4108
f 4091//4091 4167//4167 4166//4166
f 4153//4153 4116//4116 4119//4119
f 807//807 843//843 907//907
f 908//908 910//910 907//907
f 908//908 911//911 910//910
f 911//911 908//908 912//912
f 912//912 913//913 919//919
f 4103//4103 4098//4098 4099//4099
f 4089//4089 4163//4163 4088//4088
f 4154//4154 4153//4153 4119//4119
f 3971//3971 4111//4111 4081//4081
f 3967//3967 3971//3971 4081//4081
f 886//886 801//801 804//804
f 919//919 913//913 915//915
f 4098//4098 4097//4097 4094//4094
f 4094//4094 4095//4095 4098//4098
f 4168//4168 4156//4156 4160//4160
f 886//886 841//841 801//801
f 840//840 799//799 800//800
f 799//799 840//840 842//842
f 845//845 907//907 843//843
f 912//912 908//908 909//909
f 4156//4156 4168//4168 4167//4167
f 4038//4038 881//881 3968//3968
f 3961//3961 3968//3968 881//881
f 886//886 885//885 880//880
f 793//793 842//842 844//844
f 844//844 843//843 793//793
f 907//907 845//845 846//846
f 907//907 846//846 908//908
f 909//909 913//913 912//912
f 4095//4095 4099//4099 4098//4098
f 4106//4106 4105//4105 4108//4108
f 4152//4152 4167//4167 4091//4091
f 4151//4151 4160//4160 4156//4156
f 845//845 843//843 844//844
f 909//909 883//883 913//913
f 4094//4094 920//920 916//916
f 4151//4151 4158//4158 4160//4160
f 4157//4157 4159//4159 4158//4158
f 4155//4155 4154//4154 4119//4119
f 4081//4081 4038//4038 3967//3967
f 3954//3954 879//879 885//885
f 801//801 841//841 800//800
f 848//848 908//908 846//846
f 908//908 848//848 909//909
f 913//913 914//914 915//915
f 920//920 915//915 914//914
f 914//914 916//916 920//920
f 4079//4079 4108//4108 4105//4105
f 4167//4167 4152//4152 4156//4156
f 4155//4155 4157//4157 4149//4149
f 4119//4119 4157//4157 4155//4155
f 4153//4153 4154//4154 4082//4082
f 4082//4082 4148//4148 4153//4153
f 4148//4148 4078//4078 4111//4111
f 909//909 849//849 883//883
f 4095//4095 4094//4094 916//916
f 4149//4149 4157//4157 4158//4158
f 4148//4148 4082//4082 4078//4078
f 4078//4078 4081//4081 4111//4111
f 4081//4081 4041//4041 4038//4038
f 840//840 800//800 832//832
f 840//840 830//830 842//842
f 4099//4099 4105//4105 4104//4104
f 4106//4106 4104//4104 4105//4105
f 4156//4156 4085//4085 4151//4151
f 4151//4151 4149//4149 4158//4158
f 3954//3954 3961//3961 881//881
f 848//848 849//849 909//909
f 885//885 879//879 880//880
f 800//800 841//841 832//832
f 916//916 922//922 4095//4095
f 4149//4149 4151//4151 4150//4150
f 881//881 879//879 3954//3954
f 883//883 914//914 913//913
f 4095//4095 4044//4044 4099//4099
f 4105//4105 4099//4099 4044//4044
f 4105//4105 4045//4045 4079//4079
f 4163//4163 4089//4089 4091//4091
f 916//916 914//914 921//921
f 845//845 835//835 846//846
f 848//848 846//846 847//847
f 4155//4155 4083//4083 4077//4077
f 842//842 836//836 844//844
f 921//921 922//922 916//916
f 4155//4155 4077//4077 4154//4154
f 4154//4154 4077//4077 4082//4082
f 4078//4078 4041//4041 4081//4081
f 4041//4041 4039//4039 4038//4038
f 922//922 888//888 4095//4095
f 4044//4044 4095//4095 888//888
f 4156//4156 4152//4152 4085//4085
f 835//835 847//847 846//846
f 847//847 849//849 848//848
f 914//914 883//883 851//851
f 914//914 851//851 921//921
f 4155//4155 4149//4149 4083//4083
f 4045//4045 4105//4105 4044//4044
f 4079//4079 4088//4088 4108//4108
f 845//845 844//844 835//835
f 883//883 849//849 850//850
f 922//922 921//921 887//887
f 835//835 844//844 836//836
f 4041//4041 4078//4078 4039//4039
f 836//836 842//842 830//830
f 887//887 921//921 851//851
f 841//841 886//886 880//880
f 851//851 883//883 850//850
f 887//887 888//888 922//922
f 4087//4087 4150//4150 4151//4151
f 4091//4091 4089//4089 4090//4090
f 4083//4083 4149//4149 4150//4150
f 882//882 881//881 4038//4038
f 4151//4151 4085//4085 4087//4087
f 4076//4076 4078//4078 4082//4082
f 840//840 832//832 830//830
f 4085//4085 4152//4152 4084//4084
f 880//880 879//879 866//866
f 4088//4088 4079//4079 4080//4080
f 849//849 847//847 850//850
f 4080//4080 4079//4079 4045//4045
f 4086//4086 4083//4083 4150//4150
f 4077//4077 4076//4076 4082//4082
f 4076//4076 4042//4042 4078//4078
f 4039//4039 4078//4078 4042//4042
f 904//904 4045//4045 4044//4044
f 4045//4045 904//904 906//906
f 4084//4084 4152//4152 4091//4091
f 4150//4150 4087//4087 4086//4086
f 833//833 880//880 865//865
f 4044//4044 888//888 904//904
f 4089//4089 4088//4088 4080//4080
f 4091//4091 4090//4090 4084//4084
f 4083//4083 4065//4065 4077//4077
f 841//841 880//880 833//833
f 832//832 829//829 830//830
f 882//882 4038//4038 4039//4039
f 841//841 831//831 832//832
f 838//838 847//847 835//835
f 4085//4085 4067//4067 4087//4087
f 4039//4039 4042//4042 4040//4040
f 881//881 866//866 879//879
f 884//884 887//887 851//851
f 4090//4090 4089//4089 4080//4080
f 4066//4066 4083//4083 4086//4086
f 866//866 881//881 882//882
f 866//866 865//865 880//880
f 831//831 841//841 833//833
f 4084//4084 4090//4090 4075//4075
f 4075//4075 4085//4085 4084//4084
f 4042//4042 4076//4076 4043//4043
f 851//851 874//874 884//884
f 4080//4080 4074//4074 4090//4090
f 4067//4067 4085//4085 4075//4075
f 4083//4083 4066//4066 4065//4065
f 4080//4080 4045//4045 4073//4073
f 4087//4087 4067//4067 4086//4086
f 4045//4045 906//906 4073//4073
f 4042//4042 4043//4043 4040//4040
f 4080//4080 4073//4073 4074//4074
f 4076//4076 4077//4077 4065//4065
f 4065//4065 4043//4043 4076//4076
f 4069//4069 4090//4090 4074//4074
f 837//837 835//835 836//836
f 838//838 835//835 837//837
f 4069//4069 4075//4075 4090//4090
f 839//839 850//850 847//847
f 851//851 850//850 874//874
f 829//829 832//832 831//831
f 839//839 847//847 838//838
f 906//906 905//905 4073//4073
f 4040//4040 882//882 4039//4039
f 837//837 836//836 830//830
f 839//839 874//874 850//850
f 884//884 876//876 887//887
f 4067//4067 4066//4066 4086//4086
f 884//884 875//875 876//876
f 888//888 887//887 876//876
f 904//904 888//888 876//876
f 4073//4073 4069//4069 4074//4074
f 4043//4043 897//897 4040//4040
f 831//831 834//834 829//829
f 4047//4047 4043//4043 4065//4065
f 829//829 854//854 830//830
f 4043//4043 4047//4047 897//897
f 4040//4040 896//896 882//882
f 833//833 853//853 831//831
f 834//834 831//831 853//853
f 829//829 834//834 854//854
f 830//830 855//855 837//837
f 884//884 874//874 875//875
f 4067//4067 4070//4070 4066//4066
f 896//896 4040//4040 897//897
f 866//866 882//882 889//889
f 838//838 837//837 855//855
f 4069//4069 4067//4067 4075//4075
f 4068//4068 4050//4050 4066//4066
f 4065//4065 4066//4066 4050//4050
f 4065//4065 4050//4050 4047//4047
f 830//830 854//854 855//855
f 857//857 874//874 839//839
f 874//874 857//857 875//875
f 856//856 839//839 838//838
f 904//904 905//905 906//906
f 4069//4069 4073//4073 4048//4048
f 4067//4067 4069//4069 4048//4048
f 896//896 889//889 882//882
f 905//905 4049//4049 4073//4073
f 4048//4048 4073//4073 4049//4049
f 852//852 833//833 865//865
f 4070//4070 4068//4068 4066//4066
f 856//856 838//838 855//855
f 876//876 877//877 904//904
f 904//904 878//878 905//905
f 893//893 4049//4049 905//905
f 864//864 866//866 889//889
f 875//875 857//857 877//877
f 877//877 876//876 875//875
f 4047//4047 4046//4046 897//897
f 866//866 864//864 865//865
f 856//856 857//857 839//839
f 855//855 854//854 777//777
f 878//878 904//904 877//877
f 4067//4067 4048//4048 4070//4070
f 4046//4046 4047//4047 4050//4050
f 852//852 865//865 864//864
f 905//905 878//878 871//871
f 893//893 905//905 871//871
f 4051//4051 4048//4048 4049//4049
f 4050//4050 4068//4068 4053//4053
f 834//834 778//778 854//854
f 857//857 873//873 877//877
f 854//854 778//778 777//777
f 855//855 779//779 856//856
f 4049//4049 893//893 901//901
f 901//901 4057//4057 4049//4049
f 4051//4051 4049//4049 4057//4057
f 4051//4051 4070//4070 4048//4048
f 4050//4050 4053//4053 4052//4052
f 783//783 833//833 852//852
f 783//783 853//853 833//833
f 778//778 834//834 853//853
f 855//855 777//777 779//779
f 4068//4068 4070//4070 4051//4051
f 780//780 857//857 856//856
f 890//890 889//889 896//896
f 779//779 780//780 856//856
f 857//857 786//786 873//873
f 873//873 863//863 877//877
f 877//877 863//863 878//878
f 863//863 871//871 878//878
f 889//889 890//890 864//864
f 786//786 857//857 780//780
f 4057//4057 901//901 902//902
f 4053//4053 4068//4068 4051//4051
f 902//902 4059//4059 4057//4057
f 4057//4057 4058//4058 4051//4051
f 4050//4050 4052//4052 4046//4046
f 898//898 890//890 896//896
f 896//896 897//897 898//898
f 852//852 864//864 858//858
f 4046//4046 898//898 897//897
f 864//864 890//890 868//868
f 781//781 778//778 853//853
f 780//780 779//779 772//772
f 871//871 863//863 792//792
f 898//898 891//891 890//890
f 868//868 867//867 864//864
f 867//867 858//858 864//864
f 863//863 873//873 786//786
f 893//893 894//894 901//901
f 4058//4058 4057//4057 4059//4059
f 899//899 898//898 4046//4046
f 858//858 783//783 852//852
f 853//853 783//783 781//781
f 778//778 771//771 777//777
f 780//780 775//775 786//786
f 4060//4060 4051//4051 4058//4058
f 779//779 777//777 771//771
f 893//893 871//871 894//894
f 772//772 775//775 780//780
f 775//775 785//785 786//786
f 786//786 785//785 863//863
f 792//792 861//861 871//871
f 861//861 894//894 871//871
f 4055//4055 4051//4051 4060//4060
f 4051//4051 4055//4055 4053//4053
f 894//894 902//902 901//901
f 781//781 782//782 778//778
f 771//771 772//772 779//779
f 792//792 863//863 785//785
f 792//792 785//785 787//787
f 4059//4059 4061//4061 4058//4058
f 4053//4053 4054//4054 4052//4052
f 891//891 868//868 890//890
f 783//783 768//768 782//782
f 782//782 781//781 783//783
f 778//778 782//782 771//771
f 894//894 861//861 872//872
f 787//787 785//785 776//776
f 4060//4060 4071//4071 4055//4055
f 4055//4055 4054//4054 4053//4053
f 4046//4046 4052//4052 4056//4056
f 858//858 768//768 783//783
f 785//785 775//775 776//776
f 4061//4061 4059//4059 4062//4062
f 4058//4058 4061//4061 4060//4060
f 776//776 775//775 763//763
f 895//895 894//894 872//872
f 899//899 4046//4046 4056//4056
f 899//899 891//891 898//898
f 784//784 867//867 868//868
f 771//771 782//782 766//766
f 771//771 773//773 774//774
f 774//774 772//772 771//771
f 772//772 774//774 775//775
f 792//792 787//787 790//790
f 861//861 789//789 862//862
f 903//903 902//902 894//894
f 4072//4072 4060//4060 4061//4061
f 868//868 891//891 892//892
f 768//768 767//767 782//782
f 766//766 782//782 767//767
f 766//766 758//758 771//771
f 758//758 773//773 771//771
f 792//792 790//790 788//788
f 788//788 861//861 792//792
f 861//861 788//788 789//789
f 862//862 872//872 861//861
f 4059//4059 902//902 903//903
f 4059//4059 903//903 4062//4062
f 4060//4060 4072//4072 4071//4071
f 784//784 858//858 867//867
f 762//762 775//775 774//774
f 763//763 775//775 762//762
f 894//894 895//895 903//903
f 784//784 768//768 858//858
f 4054//4054 4055//4055 4071//4071
f 773//773 758//758 764//764
f 764//764 774//774 773//773
f 762//762 774//774 761//761
f 4063//4063 4062//4062 903//903
f 4064//4064 4061//4061 4062//4062
f 774//774 764//764 761//761
f 2134//2134 789//789 788//788
f 789//789 2134//2134 2109//2109
f 862//862 789//789 2109//2109
f 4064//4064 4062//4062 4063//4063
f 868//868 892//892 784//784
f 763//763 765//765 776//776
f 872//872 2239//2239 895//895
f 784//784 869//869 859//859
f 763//763 762//762 765//765
f 862//862 2180//2180 872//872
f 903//903 895//895 2270//2270
f 2290//2290 4063//4063 903//903
f 4061//4061 4064//4064 4072//4072
f 791//791 776//776 765//765
f 791//791 787//787 776//776
f 790//790 2134//2134 788//788
f 784//784 892//892 870//870
f 770//770 768//768 784//784
f 767//767 769//769 766//766
f 769//769 759//759 766//766
f 758//758 766//766 759//759
f 790//790 787//787 791//791
f 2109//2109 2153//2153 862//862
f 2180//2180 862//862 2153//2153
f 900//900 892//892 891//891
f 784//784 860//860 770//770
f 770//770 767//767 768//768
f 765//765 762//762 2074//2074
f 903//903 2270//2270 2290//2290
f 4054//4054 5950//5950 4052//4052
f 4056//4056 4052//4052 5950//5950
f 870//870 869//869 784//784
f 2071//2071 761//761 764//764
f 2270//2270 895//895 2239//2239
f 4071//4071 4072//4072 4064//4064
f 767//767 770//770 769//769
f 759//759 760//760 758//758
f 761//761 2071//2071 2072//2072
f 761//761 2072//2072 762//762
f 2134//2134 790//790 2117//2117
f 4063//4063 5952//5952 4064//4064
f 784//784 859//859 860//860
f 758//758 760//760 2073//2073
f 2073//2073 764//764 758//758
f 2073//2073 2071//2071 764//764
f 2239//2239 872//872 2218//2218
f 4063//4063 2290//2290 5952//5952
f 4064//4064 5955//5955 4071//4071
f 4054//4054 4071//4071 5953//5953
f 899//899 4056//4056 2289//2289
f 891//891 899//899 900//900
f 860//860 2148//2148 770//770
f 770//770 2148//2148 2147//2147
f 769//769 770//770 2147//2147
f 791//791 765//765 2074//2074
f 2109//2109 2150//2150 2153//2153
f 2180//2180 2218//2218 872//872
f 2219//2219 2239//2239 2218//2218
f 4064//4064 5954//5954 5955//5955
f 5955//5955 5953//5953 4071//4071
f 769//769 2147//2147 2098//2098
f 790//790 791//791 2080//2080
f 2218//2218 2180//2180 2181//2181
f 4064//4064 5952//5952 5954//5954
f 5950//5950 4054//4054 5953//5953
f 4056//4056 5950//5950 5951//5951
f 2289//2289 900//900 899//899
f 2074//2074 762//762 2072//2072
f 2080//2080 2117//2117 790//790
f 2153//2153 2154//2154 2180//2180
f 5951//5951 2289//2289 4056//4056
f 869//869 2211//2211 859//859
f 2148//2148 860//860 859//859
f 2074//2074 2080//2080 791//791
f 2108//2108 2109//2109 2134//2134
f 2154//2154 2153//2153 2152//2152
f 870//870 892//892 900//900
f 759//759 769//769 2098//2098
f 759//759 2099//2099 760//760
f 2150//2150 2152//2152 2153//2153
f 2181//2181 2180//2180 2154//2154
f 2270//2270 2239//2239 2219//2219
f 2098//2098 2099//2099 759//759
f 2073//2073 760//760 2075//2075
f 2073//2073 2075//2075 1876//1876
f 1876//1876 2071//2071 2073//2073
f 2117//2117 2108//2108 2134//2134
f 2181//2181 2154//2154 2151//2151
f 2289//2289 2261//2261 900//900
f 2261//2261 870//870 900//900
f 869//869 870//870 2233//2233
f 2074//2074 2072//2072 2076//2076
f 2074//2074 2076//2076 2080//2080
f 2152//2152 2150//2150 2112//2112
f 2113//2113 2152//2152 2112//2112
f 870//870 2261//2261 2233//2233
f 2075//2075 760//760 2099//2099
f 2151//2151 2154//2154 2152//2152
f 2167//2167 2181//2181 2151//2151
f 2167//2167 2218//2218 2181//2181
f 2218//2218 2167//2167 2219//2219
f 869//869 2233//2233 2234//2234
f 2148//2148 2149//2149 2147//2147
f 2071//2071 1878//1878 2072//2072
f 2167//2167 2151//2151 2155//2155
f 2219//2219 2167//2167 2220//2220
f 2263//2263 2270//2270 2219//2219
f 2270//2270 2263//2263 2290//2290
f 5954//5954 5953//5953 5955//5955
f 2211//2211 869//869 2234//2234
f 2212//2212 859//859 2211//2211
f 2075//2075 2097//2097 2077//2077
f 1878//1878 2071//2071 1876//1876
f 1878//1878 2076//2076 2072//2072
f 2150//2150 2109//2109 2110//2110
f 2150//2150 2110//2110 2112//2112
f 2116//2116 2111//2111 2112//2112
f 2113//2113 2151//2151 2152//2152
f 2151//2151 2113//2113 2114//2114
f 2220//2220 2167//2167 2169//2169
f 2289//2289 5951//5951 5956//5956
f 2261//2261 2289//2289 2291//2291
f 2208//2208 2211//2211 2234//2234
f 2211//2211 2208//2208 2212//2212
f 2148//2148 859//859 2212//2212
f 2097//2097 2075//2075 2099//2099
f 2100//2100 2077//2077 2097//2097
f 2151//2151 2114//2114 2156//2156
f 2155//2155 2151//2151 2156//2156
f 2155//2155 2166//2166 2167//2167
f 2219//2219 2220//2220 2263//2263
f 5957//5957 5952//5952 2290//2290
f 5954//5954 5952//5952 5957//5957
f 2262//2262 2261//2261 2291//2291
f 2262//2262 2233//2233 2261//2261
f 2102//2102 2098//2098 2147//2147
f 2107//2107 2077//2077 2100//2100
f 2107//2107 2100//2100 2113//2113
f 2166//2166 2168//2168 2167//2167
f 2168//2168 2169//2169 2167//2167
f 2263//2263 2292//2292 2290//2290
f 5951//5951 5950//5950 5958//5958
f 5956//5956 2291//2291 2289//2289
f 2235//2235 2234//2234 2236//2236
f 2235//2235 2208//2208 2234//2234
f 2148//2148 2170//2170 2149//2149
f 2102//2102 2147//2147 2149//2149
f 2098//2098 2101//2101 2099//2099
f 2100//2100 2114//2114 2113//2113
f 2114//2114 2100//2100 2104//2104
f 2166//2166 2171//2171 2168//2168
f 2168//2168 2213//2213 2169//2169
f 2169//2169 2215//2215 2220//2220
f 5950//5950 5953//5953 5958//5958
f 5956//5956 5951//5951 5958//5958
f 2265//2265 2262//2262 2291//2291
f 2262//2262 2265//2265 2264//2264
f 2170//2170 2148//2148 2212//2212
f 2149//2149 2144//2144 2102//2102
f 2168//2168 2171//2171 2172//2172
f 2172//2172 2213//2213 2168//2168
f 2214//2214 2169//2169 2213//2213
f 2263//2263 2220//2220 2237//2237
f 2262//2262 2236//2236 2233//2233
f 2234//2234 2233//2233 2236//2236
f 2216//2216 2208//2208 2235//2235
f 2100//2100 2103//2103 2104//2104
f 2215//2215 2169//2169 2210//2210
f 2215//2215 2237//2237 2220//2220
f 2292//2292 2263//2263 2237//2237
f 2292//2292 2259//2259 2286//2286
f 2286//2286 2287//2287 2292//2292
f 2290//2290 2292//2292 2287//2287
f 5953//5953 5954//5954 5957//5957
f 5953//5953 5959//5959 5958//5958
f 2262//2262 2264//2264 2236//2236
f 2212//2212 2177//2177 2170//2170
f 2142//2142 2102//2102 2144//2144
f 2098//2098 2102//2102 2101//2101
f 2101//2101 2097//2097 2099//2099
f 2171//2171 2173//2173 2172//2172
f 2169//2169 2214//2214 2209//2209
f 2209//2209 2210//2210 2169//2169
f 2215//2215 2232//2232 2237//2237
f 2292//2292 2237//2237 2259//2259
f 5959//5959 5953//5953 5957//5957
f 2265//2265 2291//2291 2293//2293
f 2208//2208 2177//2177 2212//2212
f 2149//2149 2170//2170 2174//2174
f 2103//2103 2100//2100 2097//2097
f 2114//2114 2104//2104 2115//2115
f 2171//2171 2166//2166 2159//2159
f 2184//2184 2213//2213 2172//2172
f 2264//2264 2266//2266 2236//2236
f 2236//2236 2230//2230 2235//2235
f 2230//2230 2216//2216 2235//2235
f 2170//2170 2175//2175 2174//2174
f 2149//2149 2174//2174 2176//2176
f 2176//2176 2144//2144 2149//2149
f 2156//2156 2114//2114 2129//2129
f 2155//2155 2156//2156 2158//2158
f 2160//2160 2159//2159 2166//2166
f 2182//2182 2171//2171 2159//2159
f 2173//2173 2171//2171 2182//2182
f 2267//2267 2260//2260 2268//2268
f 2293//2293 2269//2269 2265//2265
f 2269//2269 2264//2264 2265//2265
f 2170//2170 2177//2177 2175//2175
f 2176//2176 2145//2145 2144//2144
f 2142//2142 2145//2145 2146//2146
f 2102//2102 2105//2105 2101//2101
f 2097//2097 2101//2101 2106//2106
f 2129//2129 2158//2158 2156//2156
f 2104//2104 2103//2103 2120//2120
f 2097//2097 2106//2106 2103//2103
f 2155//2155 2160//2160 2166//2166
f 2160//2160 2155//2155 2158//2158
f 2142//2142 2105//2105 2102//2102
f 2115//2115 2104//2104 2120//2120
f 2106//2106 2101//2101 2105//2105
f 2143//2143 2157//2157 2161//2161
f 2143//2143 2161//2161 2146//2146
f 2162//2162 2159//2159 2160//2160
f 2121//2121 2106//2106 2105//2105
f 2161//2161 2142//2142 2146//2146
f 2120//2120 2103//2103 2106//2106
f 2115//2115 2129//2129 2114//2114
f 2159//2159 2163//2163 2157//2157
f 2142//2142 2122//2122 2105//2105
f 2161//2161 2122//2122 2142//2142
f 2157//2157 2163//2163 2161//2161
f 2164//2164 2122//2122 2161//2161
f 2160//2160 2165//2165 2162//2162
f 2161//2161 2163//2163 2164//2164
f 2164//2164 2127//2127 2122//2122
f 2122//2122 2123//2123 2105//2105
f 2121//2121 2105//2105 2123//2123
f 2115//2115 2130//2130 2129//2129
f 2140//2140 2158//2158 2129//2129
f 2158//2158 2140//2140 2165//2165
f 2158//2158 2165//2165 2160//2160
f 2159//2159 2162//2162 2163//2163
f 2122//2122 2124//2124 2123//2123
f 2123//2123 2125//2125 2121//2121
f 2120//2120 2106//2106 2126//2126
f 2129//2129 2130//2130 2140//2140
f 2124//2124 2122//2122 2127//2127
f 2121//2121 2125//2125 2126//2126
f 2126//2126 2106//2106 2121//2121
f 2120//2120 2131//2131 2115//2115
f 2130//2130 2115//2115 2131//2131
f 2124//2124 2125//2125 2123//2123
f 2120//2120 2126//2126 2128//2128
f 2131//2131 2132//2132 2130//2130
f 2128//2128 2131//2131 2120//2120
f 2162//2162 2165//2165 2140//2140
f 2128//2128 2132//2132 2131//2131
f 2162//2162 2140//2140 2199//2199
f 2128//2128 2135//2135 2132//2132
f 2132//2132 2141//2141 2130//2130
f 2140//2140 2130//2130 2141//2141
f 2162//2162 2199//2199 2163//2163
f 2125//2125 2128//2128 2126//2126
f 2199//2199 2140//2140 2141//2141
f 2135//2135 2141//2141 2132//2132
f 2139//2139 2163//2163 2199//2199
f 2163//2163 2139//2139 2164//2164
f 2136//2136 2124//2124 2127//2127
f 2124//2124 2136//2136 2125//2125
f 2125//2125 2138//2138 2135//2135
f 2128//2128 2125//2125 2135//2135
f 2141//2141 2135//2135 2137//2137
f 2139//2139 2199//2199 2141//2141
f 2164//2164 2136//2136 2127//2127
f 2136//2136 2138//2138 2125//2125
f 2139//2139 2136//2136 2164//2164
f 2137//2137 2139//2139 2141//2141
f 2139//2139 2137//2137 2136//2136
f 2137//2137 2135//2135 2138//2138
f 2136//2136 2137//2137 2138//2138
f 2182//2182 2183//2183 2173//2173
f 2221//2221 2217//2217 2209//2209
f 2178//2178 2145//2145 2176//2176
f 2145//2145 2178//2178 2146//2146
f 2146//2146 2178//2178 2143//2143
f 2176//2176 2179//2179 2178//2178
f 2174//2174 2179//2179 2176//2176
f 2179//2179 2182//2182 2178//2178
f 2183//2183 2184//2184 2173//2173
f 2187//2187 2213//2213 2184//2184
f 2183//2183 2182//2182 2185//2185
f 2222//2222 2217//2217 2221//2221
f 2207//2207 2224//2224 2208//2208
f 2175//2175 2186//2186 2174//2174
f 2179//2179 2185//2185 2182//2182
f 2214//2214 2221//2221 2209//2209
f 2217//2217 2223//2223 2207//2207
f 2187//2187 2214//2214 2213//2213
f 2174//2174 2186//2186 2179//2179
f 2224//2224 2207//2207 2225//2225
f 2186//2186 2185//2185 2179//2179
f 2221//2221 2214//2214 2187//2187
f 2208//2208 2224//2224 2177//2177
f 2223//2223 2217//2217 2222//2222
f 2225//2225 2207//2207 2223//2223
f 2175//2175 2177//2177 2188//2188
f 2175//2175 2189//2189 2186//2186
f 2188//2188 2177//2177 2224//2224
f 2189//2189 2175//2175 2188//2188
f 2188//2188 2191//2191 2189//2189
f 2190//2190 2186//2186 2189//2189
f 2192//2192 2190//2190 2189//2189
f 2193//2193 2186//2186 2190//2190
f 2186//2186 2193//2193 2185//2185
f 2187//2187 2226//2226 2221//2221
f 2191//2191 2224//2224 2225//2225
f 2188//2188 2224//2224 2191//2191
f 2192//2192 2189//2189 2191//2191
f 2184//2184 2194//2194 2187//2187
f 2183//2183 2195//2195 2184//2184
f 2194//2194 2226//2226 2187//2187
f 2192//2192 2191//2191 2196//2196
f 2226//2226 2228//2228 2221//2221
f 2221//2221 2228//2228 2222//2222
f 2183//2183 2185//2185 2197//2197
f 2195//2195 2183//2183 2197//2197
f 2195//2195 2194//2194 2184//2184
f 2194//2194 2195//2195 2198//2198
f 2222//2222 2229//2229 2223//2223
f 2191//2191 2225//2225 2227//2227
f 2255//2255 2226//2226 2194//2194
f 2223//2223 2229//2229 2225//2225
f 2198//2198 2195//2195 2197//2197
f 2194//2194 2198//2198 2206//2206
f 2194//2194 2206//2206 2255//2255
f 2226//2226 2255//2255 2228//2228
f 2229//2229 2222//2222 2228//2228
f 2229//2229 2227//2227 2225//2225
f 2185//2185 2193//2193 2202//2202
f 2197//2197 2185//2185 2202//2202
f 2198//2198 2197//2197 2203//2203
f 2196//2196 2191//2191 2227//2227
f 2190//2190 2192//2192 2193//2193
f 2206//2206 2198//2198 2203//2203
f 2202//2202 2203//2203 2197//2197
f 2255//2255 2256//2256 2228//2228
f 2228//2228 2256//2256 2253//2253
f 2253//2253 2229//2229 2228//2228
f 2253//2253 2227//2227 2229//2229
f 2227//2227 2253//2253 2196//2196
f 2201//2201 2192//2192 2196//2196
f 2201//2201 2193//2193 2192//2192
f 2193//2193 2201//2201 2202//2202
f 2205//2205 2206//2206 2203//2203
f 2206//2206 2205//2205 2256//2256
f 2256//2256 2255//2255 2206//2206
f 2196//2196 2253//2253 2254//2254
f 2196//2196 2254//2254 2201//2201
f 2203//2203 2202//2202 2200//2200
f 2256//2256 2204//2204 2253//2253
f 2201//2201 2200//2200 2202//2202
f 2205//2205 2200//2200 2204//2204
f 2205//2205 2204//2204 2256//2256
f 2205//2205 2203//2203 2200//2200
f 2254//2254 2253//2253 2204//2204
f 2201//2201 2254//2254 2200//2200
f 2204//2204 2200//2200 2254//2254
f 2207//2207 2216//2216 2217//2217
f 2231//2231 2215//2215 2217//2217
f 2259//2259 2237//2237 2272//2272
f 2295//2295 2267//2267 2268//2268
f 2290//2290 2287//2287 5960//5960
f 2293//2293 2288//2288 2296//2296
f 2296//2296 2269//2269 2293//2293
f 2216//2216 2230//2230 2231//2231
f 2207//2207 2208//2208 2216//2216
f 2217//2217 2216//2216 2231//2231
f 2272//2272 2260//2260 2259//2259
f 2286//2286 2267//2267 2295//2295
f 2291//2291 5956//5956 5961//5961
f 2293//2293 2295//2295 2288//2288
f 2288//2288 2269//2269 2296//2296
f 2241//2241 2215//2215 2231//2231
f 2295//2295 2297//2297 2286//2286
f 2290//2290 5960//5960 5957//5957
f 5961//5961 5956//5956 5958//5958
f 2291//2291 2298//2298 2293//2293
f 2294//2294 2287//2287 2286//2286
f 2295//2295 2299//2299 2297//2297
f 2294//2294 5960//5960 2287//2287
f 5962//5962 2291//2291 5961//5961
f 2299//2299 2295//2295 2293//2293
f 2286//2286 2297//2297 2294//2294
f 5963//5963 5957//5957 5960//5960
f 5970//5970 5964//5964 5958//5958
f 5958//5958 5959//5959 5970//5970
f 5961//5961 5958//5958 5964//5964
f 5957//5957 5963//5963 5959//5959
f 2291//2291 5962//5962 2298//2298
f 5964//5964 5962//5962 5961//5961
f 2300//2300 2293//2293 2298//2298
f 2299//2299 2293//2293 2300//2300
f 5959//5959 5963//5963 5970//5970
f 2300//2300 2298//2298 5962//5962
f 5962//5962 5965//5965 2300//2300
f 2299//2299 2301//2301 2297//2297
f 5964//5964 5966//5966 5962//5962
f 5965//5965 5962//5962 5966//5966
f 2302//2302 2300//2300 5965//5965
f 5967//5967 5964//5964 5970//5970
f 5964//5964 5967//5967 5966//5966
f 2303//2303 2294//2294 2297//2297
f 2300//2300 2302//2302 2299//2299
f 5967//5967 5965//5965 5966//5966
f 2301//2301 2299//2299 2302//2302
f 2294//2294 5968//5968 5960//5960
f 5968//5968 2294//2294 2303//2303
f 5968//5968 5969//5969 5960//5960
f 5965//5965 5967//5967 2304//2304
f 2302//2302 5965//5965 2304//2304
f 2305//2305 2301//2301 2302//2302
f 2301//2301 2303//2303 2297//2297
f 5963//5963 5960//5960 5969//5969
f 5971//5971 5967//5967 5970//5970
f 5970//5970 5963//5963 5969//5969
f 5970//5970 5969//5969 5971//5971
f 2304//2304 2305//2305 2302//2302
f 5969//5969 5968//5968 5976//5976
f 5979//5979 2303//2303 2301//2301
f 5967//5967 5972//5972 2304//2304
f 5972//5972 5967//5967 5973//5973
f 5979//5979 2301//2301 2305//2305
f 2303//2303 5979//5979 5974//5974
f 5968//5968 2303//2303 5974//5974
f 5971//5971 5969//5969 5980//5980
f 5967//5967 5971//5971 5973//5973
f 2304//2304 5972//5972 2305//2305
f 5976//5976 5968//5968 5974//5974
f 5980//5980 5973//5973 5971//5971
f 5975//5975 5969//5969 5976//5976
f 5969//5969 5975//5975 5980//5980
f 2305//2305 5977//5977 5979//5979
f 5974//5974 5979//5979 5977//5977
f 5980//5980 5975//5975 5973//5973
f 5972//5972 5973//5973 5978//5978
f 5972//5972 5978//5978 2305//2305
f 5974//5974 5975//5975 5976//5976
f 5978//5978 5977//5977 2305//2305
f 5974//5974 5977//5977 5975//5975
f 5973//5973 5975//5975 5978//5978
f 2268//2268 2260//2260 2271//2271
f 2238//2238 2230//2230 2236//2236
f 2236//2236 2244//2244 2238//2238
f 2230//2230 2238//2238 2242//2242
f 2232//2232 2215//2215 2243//2243
f 2237//2237 2245//2245 2272//2272
f 2276//2276 2268//2268 2271//2271
f 2268//2268 2276//2276 2264//2264
f 2260//2260 2272//2272 2271//2271
f 2244//2244 2236//2236 2266//2266
f 2230//2230 2242//2242 2231//2231
f 2245//2245 2237//2237 2232//2232
f 2240//2240 2215//2215 2241//2241
f 2271//2271 2272//2272 2274//2274
f 2264//2264 2275//2275 2266//2266
f 2243//2243 2245//2245 2232//2232
f 2244//2244 2266//2266 2275//2275
f 2238//2238 2244//2244 2242//2242
f 2271//2271 2306//2306 2276//2276
f 2273//2273 2244//2244 2275//2275
f 2275//2275 2264//2264 2276//2276
f 2277//2277 2244//2244 2273//2273
f 2244//2244 2277//2277 2242//2242
f 2242//2242 2241//2241 2231//2231
f 2240//2240 2243//2243 2215//2215
f 2274//2274 2272//2272 2245//2245
f 2273//2273 2275//2275 2278//2278
f 2242//2242 2246//2246 2241//2241
f 2276//2276 2278//2278 2275//2275
f 2273//2273 2278//2278 2277//2277
f 2242//2242 2247//2247 2246//2246
f 2306//2306 2271//2271 2274//2274
f 2278//2278 2276//2276 2279//2279
f 2277//2277 2247//2247 2242//2242
f 2247//2247 2277//2277 2280//2280
f 2306//2306 2279//2279 2276//2276
f 2278//2278 2280//2280 2277//2277
f 2241//2241 2249//2249 2240//2240
f 2248//2248 2247//2247 2280//2280
f 2241//2241 2246//2246 2249//2249
f 2250//2250 2243//2243 2240//2240
f 2274//2274 2307//2307 2306//2306
f 2251//2251 2246//2246 2247//2247
f 2250//2250 2240//2240 2249//2249
f 2252//2252 2245//2245 2243//2243
f 2250//2250 2252//2252 2243//2243
f 2281//2281 2245//2245 2252//2252
f 2281//2281 2274//2274 2245//2245
f 2282//2282 2278//2278 2279//2279
f 2278//2278 2282//2282 2280//2280
f 2251//2251 2247//2247 2248//2248
f 2281//2281 2307//2307 2274//2274
f 2280//2280 2282//2282 2308//2308
f 2280//2280 2308//2308 2248//2248
f 2246//2246 2251//2251 2249//2249
f 2248//2248 2308//2308 2309//2309
f 2309//2309 2251//2251 2248//2248
f 2257//2257 2249//2249 2251//2251
f 2279//2279 2306//2306 2310//2310
f 2282//2282 2279//2279 2310//2310
f 2252//2252 2283//2283 2281//2281
f 2257//2257 2250//2250 2249//2249
f 2284//2284 2252//2252 2250//2250
f 2252//2252 2284//2284 2283//2283
f 2285//2285 2307//2307 2281//2281
f 2316//2316 2310//2310 2306//2306
f 2283//2283 2285//2285 2281//2281
f 2282//2282 2310//2310 2309//2309
f 2309//2309 2308//2308 2282//2282
f 2258//2258 2250//2250 2257//2257
f 2316//2316 2307//2307 2285//2285
f 2307//2307 2316//2316 2306//2306
f 2284//2284 2250//2250 2258//2258
f 2309//2309 2257//2257 2251//2251
f 2283//2283 2284//2284 2313//2313
f 2313//2313 2285//2285 2283//2283
f 2317//2317 2316//2316 2285//2285
f 2310//2310 2316//2316 2314//2314
f 2309//2309 2310//2310 2314//2314
f 2309//2309 2312//2312 2257//2257
f 2258//2258 2257//2257 2311//2311
f 2258//2258 2313//2313 2284//2284
f 2316//2316 2317//2317 2314//2314
f 2314//2314 2312//2312 2309//2309
f 2312//2312 2311//2311 2257//2257
f 2311//2311 2313//2313 2258//2258
f 2317//2317 2285//2285 2315//2315
f 2314//2314 2317//2317 2315//2315
f 2313//2313 2315//2315 2285//2285
f 2311//2311 2315//2315 2313//2313
f 2314//2314 2311//2311 2312//2312
f 2315//2315 2311//2311 2314//2314
f 2269//2269 2268//2268 2264//2264
f 2288//2288 2268//2268 2269//2269
f 2173//2173 2184//2184 2172//2172
f 2260//2260 2267//2267 2259//2259
f 2259//2259 2267//2267 2286//2286
f 2210//2210 2217//2217 2215//2215
f 2209//2209 2217//2217 2210//2210
f 2107//2107 2113//2113 2112//2112
f 2077//2077 2107//2107 2078//2078
f 2077//2077 2078//2078 2075//2075
f 2109//2109 2108//2108 2110//2110
f 2110//2110 2116//2116 2112//2112
f 2111//2111 2078//2078 2112//2112
f 2107//2107 2112//2112 2078//2078
f 2111//2111 2087//2087 2078//2078
f 2087//2087 2081//2081 2078//2078
f 1876//1876 2075//2075 2079//2079
f 2118//2118 2110//2110 2108//2108
f 2082//2082 2081//2081 2087//2087
f 2075//2075 2078//2078 2081//2081
f 2079//2079 2075//2075 2081//2081
f 2088//2088 2117//2117 2080//2080
f 2118//2118 2108//2108 2117//2117
f 2118//2118 2117//2117 2119//2119
f 2116//2116 2110//2110 2118//2118
f 2087//2087 2111//2111 2089//2089
f 2076//2076 2083//2083 2080//2080
f 2083//2083 2088//2088 2080//2080
f 2117//2117 2088//2088 2119//2119
f 2111//2111 2116//2116 2133//2133
f 2133//2133 2089//2089 2111//2111
f 1878//1878 2083//2083 2076//2076
f 2116//2116 2118//2118 2133//2133
f 2087//2087 2089//2089 2082//2082
f 1876//1876 2079//2079 1877//1877
f 1878//1878 1879//1879 2083//2083
f 2119//2119 2133//2133 2118//2118
f 2090//2090 1877//1877 2079//2079
f 1879//1879 1876//1876 1877//1877
f 1878//1878 1876//1876 1879//1879
f 2086//2086 2119//2119 2088//2088
f 2082//2082 2091//2091 2081//2081
f 2079//2079 2081//2081 2091//2091
f 2090//2090 2079//2079 2091//2091
f 2086//2086 2133//2133 2119//2119
f 2086//2086 2092//2092 2133//2133
f 2092//2092 2089//2089 2133//2133
f 2082//2082 2089//2089 2092//2092
f 1880//1880 1877//1877 2090//2090
f 2091//2091 2082//2082 2084//2084
f 1880//1880 1879//1879 1877//1877
f 2088//2088 2083//2083 2085//2085
f 2085//2085 2086//2086 2088//2088
f 2093//2093 2082//2082 2092//2092
f 2093//2093 2084//2084 2082//2082
f 2090//2090 2091//2091 2084//2084
f 1879//1879 2094//2094 2083//2083
f 2092//2092 2086//2086 2095//2095
f 2092//2092 2095//2095 2093//2093
f 2094//2094 1879//1879 1880//1880
f 2083//2083 2094//2094 2085//2085
f 2093//2093 2095//2095 2084//2084
f 2096//2096 2090//2090 2084//2084
f 2096//2096 1880//1880 2090//2090
f 2085//2085 2095//2095 2086//2086
f 2096//2096 2084//2084 2095//2095
f 2095//2095 2085//2085 2094//2094
f 2096//2096 2094//2094 1880//1880
f 2096//2096 2095//2095 2094//2094
f 691//691 692//692 808//808
f 682//682 694//694 680//680
f 4533//4533 4532//4532 4574//4574
f 4534//4534 4520//4520 4521//4521
f 4700//4700 4519//4519 4713//4713
f 4700//4700 4713//4713 4706//4706
f 4717//4717 4716//4716 4722//4722
f 4716//4716 4723//4723 4722//4722
f 4757//4757 4722//4722 4723//4723
f 4587//4587 4582//4582 4581//4581
f 4581//4581 4582//4582 4535//4535
f 4534//4534 4581//4581 4535//4535
f 4521//4521 4533//4533 4534//4534
f 4713//4713 4519//4519 4520//4520
f 4713//4713 4297//4297 4706//4706
f 4721//4721 4715//4715 4711//4711
f 4757//4757 4723//4723 4726//4726
f 4588//4588 4612//4612 4873//4873
f 4520//4520 4534//4534 4535//4535
f 4714//4714 4297//4297 4713//4713
f 4710//4710 4714//4714 4708//4708
f 4708//4708 4714//4714 4711//4711
f 4724//4724 4715//4715 4721//4721
f 4716//4716 4724//4724 4723//4723
f 4715//4715 4724//4724 4716//4716
f 4724//4724 4726//4726 4723//4723
f 4873//4873 4874//4874 4588//4588
f 4587//4587 4588//4588 4874//4874
f 4582//4582 4587//4587 4874//4874
f 4872//4872 4874//4874 4873//4873
f 4520//4520 4720//4720 4713//4713
f 4721//4721 4711//4711 4714//4714
f 4724//4724 4727//4727 4726//4726
f 4872//4872 4726//4726 4727//4727
f 4729//4729 4874//4874 4872//4872
f 4729//4729 4582//4582 4874//4874
f 4725//4725 4535//4535 4582//4582
f 4725//4725 4520//4520 4535//4535
f 4520//4520 4725//4725 4720//4720
f 4713//4713 4720//4720 4714//4714
f 4724//4724 4721//4721 4727//4727
f 4728//4728 4582//4582 4729//4729
f 4728//4728 4725//4725 4582//4582
f 4728//4728 4729//4729 4727//4727
f 4721//4721 4714//4714 4720//4720
f 4721//4721 4728//4728 4727//4727
f 4728//4728 4720//4720 4725//4725
f 4728//4728 4721//4721 4720//4720
f 4872//4872 4727//4727 4729//4729
f 4714//4714 4710//4710 4297//4297
f 928//928 524//524 656//656
f 500//500 159//159 501//501
f 162//162 161//161 193//193
f 4375//4375 4332//4332 4389//4389
f 4824//4824 4827//4827 4829//4829
f 4803//4803 4798//4798 4846//4846
f 4368//4368 4367//4367 4369//4369
f 4223//4223 4235//4235 4218//4218
f 4192//4192 4197//4197 1069//1069
f 4191//4191 4192//4192 1047//1047
f 3904//3904 4537//4537 3952//3952
f 4542//4542 4541//4541 4551//4551
f 3799//3799 3867//3867 3866//3866
f 3768//3768 3767//3767 635//635
f 4484//4484 4536//4536 4538//4538
f 2876//2876 2848//2848 2847//2847
f 2891//2891 2855//2855 2856//2856
f 52//52 58//58 31//31
f 135//135 34//34 58//58
f 134//134 1108//1108 1106//1106
f 1213//1213 1210//1210 1215//1215
f 3335//3335 3338//3338 3337//3337
f 3342//3342 3362//3362 3360//3360
f 3360//3360 3336//3336 3342//3342
f 3362//3362 3342//3342 3343//3343
f 1656//1656 1661//1661 1660//1660
f 3478//3478 3473//3473 3458//3458
f 3602//3602 3611//3611 3596//3596
f 1443//1443 1442//1442 1438//1438
f 1519//1519 1518//1518 1520//1520
f 1439//1439 1443//1443 1438//1438
f 6926//6926 6929//6929 6928//6928
f 7055//7055 3648//3648 7052//7052
f 5688//5688 5692//5692 5690//5690
f 5688//5688 5684//5684 5692//5692
f 5611//5611 5613//5613 5684//5684
f 5108//5108 5104//5104 5105//5105
f 5093//5093 5105//5105 5104//5104
f 5093//5093 5092//5092 4984//4984
f 4984//4984 5092//5092 4962//4962
f 1411//1411 1412//1412 1406//1406
f 530//530 533//533 529//529
f 529//529 176//176 530//530
f 176//176 175//175 174//174
f 131//131 136//136 129//129
f 163//163 166//166 164//164
f 166//166 163//163 174//174
f 166//166 174//174 175//175
f 1340//1340 1347//1347 529//529
f 1406//1406 1405//1405 708//708
f 1413//1413 1441//1441 1411//1411
f 5108//5108 5592//5592 5104//5104
f 5604//5604 5608//5608 5605//5605
f 5689//5689 5682//5682 5688//5688
f 5684//5684 5688//5688 5682//5682
f 5684//5684 5605//5605 5611//5611
f 5100//5100 5092//5092 5093//5093
f 4962//4962 4961//4961 4958//4958
f 4958//4958 4920//4920 4919//4919
f 1412//1412 1405//1405 1406//1406
f 1340//1340 708//708 1405//1405
f 131//131 164//164 167//167
f 136//136 131//131 167//167
f 130//130 129//129 136//136
f 47//47 137//137 48//48
f 138//138 53//53 48//48
f 49//49 53//53 139//139
f 50//50 58//58 52//52
f 130//130 140//140 47//47
f 167//167 164//164 166//166
f 176//176 177//177 175//175
f 529//529 177//177 176//176
f 5092//5092 5062//5062 4962//4962
f 5605//5605 5684//5684 5683//5683
f 5682//5682 5683//5683 5684//5684
f 5688//5688 5690//5690 5689//5689
f 5613//5613 5692//5692 5684//5684
f 5611//5611 5605//5605 5608//5608
f 5604//5604 5596//5596 5608//5608
f 4919//4919 4962//4962 4958//4958
f 1413//1413 1440//1440 1441//1441
f 1411//1411 1406//1406 1413//1413
f 533//533 530//530 532//532
f 717//717 718//718 722//722
f 548//548 563//563 564//564
f 221//221 548//548 217//217
f 217//217 215//215 218//218
f 216//216 218//218 215//215
f 216//216 308//308 220//220
f 1193//1193 1170//1170 1197//1197
f 237//237 1207//1207 1206//1206
f 1211//1211 1210//1210 1208//1208
f 1645//1645 1644//1644 1583//1583
f 1645//1645 1648//1648 1651//1651
f 5227//5227 5159//5159 5155//5155
f 5334//5334 5335//5335 5349//5349
f 5837//5837 5831//5831 5834//5834
f 5878//5878 5877//5877 5885//5885
f 5880//5880 5879//5879 5878//5878
f 5844//5844 4833//4833 5881//5881
f 5844//5844 5882//5882 4832//4832
f 4826//4826 5845//5845 4825//4825
f 4825//4825 4396//4396 4826//4826
f 4360//4360 4363//4363 4361//4361
f 6015//6015 4364//4364 6028//6028
f 6016//6016 6017//6017 2554//2554
f 2554//2554 6017//6017 2552//2552
f 2400//2400 2554//2554 2552//2552
f 2538//2538 2400//2400 2552//2552
f 3000//3000 3006//3006 3138//3138
f 3138//3138 2998//2998 3000//3000
f 2981//2981 3000//3000 2998//2998
f 2998//2998 2979//2979 2981//2981
f 2981//2981 2979//2979 2978//2978
f 2978//2978 1600//1600 2981//2981
f 2978//2978 2971//2971 1600//1600
f 2971//2971 2972//2972 1598//1598
f 1598//1598 2972//2972 1281//1281
f 1286//1286 1283//1283 2795//2795
f 2805//2805 1293//1293 2804//2804
f 2804//2804 2806//2806 2805//2805
f 2805//2805 2806//2806 2807//2807
f 2987//2987 1616//1616 2986//2986
f 3016//3016 1616//1616 2987//2987
f 3031//3031 3029//3029 3028//3028
f 3034//3034 3033//3033 3029//3029
f 3034//3034 3039//3039 3161//3161
f 3164//3164 3165//3165 3173//3173
f 6674//6674 6825//6825 6824//6824
f 6824//6824 6825//6825 6757//6757
f 6825//6825 6826//6826 6757//6757
f 6826//6826 6758//6758 6756//6756
f 6756//6756 6758//6758 6788//6788
f 6758//6758 6814//6814 6788//6788
f 6648//6648 6680//6680 6677//6677
f 3190//3190 3189//3189 3192//3192
f 3196//3196 3101//3101 3090//3090
f 3102//3102 3093//3093 3101//3101
f 3093//3093 3102//3102 3094//3094
f 3094//3094 3095//3095 3096//3096
f 3096//3096 3097//3097 3076//3076
f 3097//3097 3098//3098 3077//3077
f 3099//3099 3077//3077 3098//3098
f 3099//3099 3100//3100 3127//3127
f 3136//3136 3131//3131 3132//3132
f 3229//3229 3136//3136 3227//3227
f 3227//3227 3231//3231 3229//3229
f 3232//3232 3229//3229 3231//3231
f 3243//3243 3232//3232 3233//3233
f 3248//3248 6984//6984 6993//6993
f 6993//6993 6718//6718 3248//3248
f 6993//6993 6996//6996 6734//6734
f 7150//7150 7149//7149 7148//7148
f 7103//7103 7149//7149 7150//7150
f 7113//7113 7102//7102 7112//7112
f 7107//7107 7113//7113 7114//7114
f 7082//7082 7108//7108 7083//7083
f 7083//7083 7079//7079 7077//7077
f 7078//7078 7077//7077 7079//7079
f 6963//6963 6964//6964 6978//6978
f 6963//6963 6978//6978 6960//6960
f 3564//3564 7008//7008 3603//3603
f 3634//3634 3603//3603 3604//3604
f 3633//3633 3634//3634 3604//3604
f 3630//3630 3639//3639 3638//3638
f 3621//3621 3639//3639 3630//3630
f 3621//3621 3632//3632 3639//3639
f 3628//3628 3648//3648 3624//3624
f 3628//3628 3538//3538 3641//3641
f 3538//3538 3542//3542 3641//3641
f 3642//3642 3641//3641 3542//3542
f 3541//3541 3642//3642 3542//3542
f 3627//3627 3626//3626 3530//3530
f 3531//3531 3627//3627 3530//3530
f 3524//3524 3627//3627 3531//3531
f 3523//3523 2962//2962 3522//3522
f 3522//3522 2962//2962 2961//2961
f 2925//2925 2938//2938 2920//2920
f 2921//2921 2925//2925 2920//2920
f 2920//2920 2866//2866 2921//2921
f 2864//2864 2863//2863 2857//2857
f 2857//2857 2865//2865 2864//2864
f 2858//2858 2865//2865 2857//2857
f 2858//2858 2857//2857 2854//2854
f 2858//2858 2854//2854 2849//2849
f 2859//2859 2858//2858 2849//2849
f 2849//2849 2850//2850 2859//2859
f 2847//2847 2850//2850 2851//2851
f 2852//2852 2850//2850 2847//2847
f 2877//2877 2847//2847 2851//2851
f 2879//2879 2878//2878 2851//2851
f 2851//2851 2853//2853 2879//2879
f 2853//2853 2851//2851 2850//2850
f 2853//2853 2850//2850 2854//2854
f 2855//2855 2853//2853 2854//2854
f 2854//2854 2850//2850 2849//2849
f 2856//2856 2855//2855 2854//2854
f 2856//2856 2857//2857 2863//2863
f 2856//2856 2854//2854 2857//2857
f 2863//2863 2864//2864 2866//2866
f 2920//2920 2901//2901 2866//2866
f 2961//2961 2946//2946 2925//2925
f 3530//3530 3540//3540 3532//3532
f 3530//3530 3626//3626 3540//3540
f 3539//3539 3541//3541 3542//3542
f 3538//3538 3628//3628 3537//3537
f 3535//3535 3623//3623 3632//3632
f 3535//3535 3632//3632 3621//3621
f 3621//3621 3630//3630 3620//3620
f 3630//3630 3631//3631 3629//3629
f 3629//3629 3633//3633 3600//3600
f 3631//3631 3633//3633 3629//3629
f 3600//3600 3633//3633 3604//3604
f 3603//3603 7008//7008 3604//3604
f 3564//3564 7007//7007 7008//7008
f 7013//7013 7007//7007 6960//6960
f 6960//6960 6978//6978 7013//7013
f 6980//6980 6977//6977 6979//6979
f 6979//6979 7078//7078 7080//7080
f 7079//7079 7083//7083 7086//7086
f 7108//7108 7107//7107 7109//7109
f 7103//7103 7150//7150 7151//7151
f 7150//7150 7148//7148 7143//7143
f 7139//7139 7127//7127 7134//7134
f 6997//6997 7126//7126 7125//7125
f 6997//6997 7128//7128 7126//7126
f 3248//3248 3243//3243 3581//3581
f 3244//3244 3581//3581 3243//3243
f 3231//3231 3233//3233 3232//3232
f 3132//3132 3227//3227 3136//3136
f 3131//3131 3133//3133 3132//3132
f 3131//3131 3127//3127 3133//3133
f 3133//3133 3127//3127 3100//3100
f 3099//3099 3098//3098 3100//3100
f 3095//3095 3094//3094 3102//3102
f 3102//3102 3101//3101 3196//3196
f 3193//3193 3196//3196 3090//3090
f 3090//3090 3190//3190 3193//3193
f 3190//3190 3192//3192 3194//3194
f 3210//3210 3206//3206 3209//3209
f 6691//6691 6680//6680 6648//6648
f 6829//6829 6755//6755 6838//6838
f 6838//6838 6806//6806 6811//6811
f 6755//6755 6806//6806 6838//6838
f 6810//6810 6840//6840 6811//6811
f 6810//6810 6809//6809 6840//6840
f 3163//3163 3165//3165 3164//3164
f 3034//3034 3029//3029 3031//3031
f 3031//3031 3028//3028 3018//3018
f 2808//2808 2986//2986 2807//2807
f 2987//2987 2986//2986 2808//2808
f 2806//2806 2808//2808 2807//2807
f 2803//2803 2794//2794 2804//2804
f 1289//1289 2794//2794 2803//2803
f 1289//1289 1286//1286 2796//2796
f 1281//1281 2795//2795 1283//1283
f 2972//2972 2971//2971 2978//2978
f 2552//2552 6017//6017 6007//6007
f 4361//4361 4364//4364 6034//6034
f 4363//4363 4360//4360 4396//4396
f 4396//4396 4400//4400 4363//4363
f 5843//5843 4832//4832 5882//5882
f 5880//5880 5878//5878 5885//5885
f 5877//5877 5837//5837 5886//5886
f 5834//5834 5838//5838 5837//5837
f 5355//5355 5833//5833 5347//5347
f 5347//5347 5354//5354 5355//5355
f 5334//5334 5333//5333 5328//5328
f 5333//5333 5253//5253 5328//5328
f 5155//5155 5223//5223 5227//5227
f 1654//1654 1648//1648 1652//1652
f 1585//1585 1645//1645 1583//1583
f 1193//1193 314//314 313//313
f 314//314 308//308 309//309
f 237//237 1170//1170 1193//1193
f 1208//1208 1212//1212 1553//1553
f 1553//1553 1211//1211 1208//1208
f 1648//1648 1645//1645 1585//1585
f 5228//5228 5227//5227 5223//5223
f 5349//5349 5335//5335 5352//5352
f 5352//5352 5354//5354 5349//5349
f 5834//5834 5833//5833 5838//5838
f 5838//5838 5840//5840 5837//5837
f 5886//5886 5885//5885 5877//5877
f 5885//5885 5887//5887 5880//5880
f 5887//5887 5884//5884 5880//5880
f 5880//5880 5884//5884 5881//5881
f 5884//5884 5883//5883 5881//5881
f 5844//5844 5881//5881 5883//5883
f 5844//5844 5883//5883 5882//5882
f 4363//4363 4364//4364 4361//4361
f 2796//2796 1286//1286 2795//2795
f 1289//1289 2796//2796 2794//2794
f 2796//2796 2797//2797 2794//2794
f 2794//2794 2797//2797 2798//2798
f 2798//2798 2804//2804 2794//2794
f 2806//2806 2804//2804 2798//2798
f 2806//2806 2809//2809 2808//2808
f 2987//2987 2808//2808 2988//2988
f 3019//3019 3016//3016 2987//2987
f 3018//3018 3016//3016 3019//3019
f 3020//3020 3018//3018 3019//3019
f 3020//3020 3031//3031 3018//3018
f 3035//3035 3034//3034 3031//3031
f 3035//3035 3039//3039 3034//3034
f 3176//3176 6658//6658 6654//6654
f 3176//3176 3181//3181 6658//6658
f 6657//6657 6658//6658 6659//6659
f 6657//6657 6665//6665 6669//6669
f 6662//6662 6672//6672 6669//6669
f 6662//6662 6673//6673 6672//6672
f 6673//6673 6674//6674 6672//6672
f 6825//6825 6674//6674 6673//6673
f 6825//6825 6676//6676 6826//6826
f 6808//6808 6815//6815 6842//6842
f 6841//6841 6809//6809 6808//6808
f 6840//6840 6809//6809 6841//6841
f 6840//6840 6835//6835 6811//6811
f 6838//6838 6811//6811 6835//6835
f 6829//6829 6828//6828 6827//6827
f 3209//3209 6677//6677 6680//6680
f 3207//3207 3210//3210 3211//3211
f 3211//3211 3212//3212 3207//3207
f 3207//3207 3212//3212 3192//3192
f 3194//3194 3192//3192 3212//3212
f 3194//3194 3193//3193 3190//3190
f 3193//3193 3197//3197 3198//3198
f 3198//3198 3196//3196 3193//3193
f 3102//3102 3196//3196 3198//3198
f 3095//3095 3102//3102 3198//3198
f 3103//3103 3096//3096 3095//3095
f 3103//3103 3097//3097 3096//3096
f 3098//3098 3097//3097 3106//3106
f 3100//3100 3098//3098 3107//3107
f 3133//3133 3134//3134 3132//3132
f 3227//3227 3132//3132 3228//3228
f 3233//3233 3244//3244 3243//3243
f 3244//3244 3233//3233 3572//3572
f 6996//6996 6993//6993 6985//6985
f 6985//6985 6994//6994 6996//6996
f 6994//6994 6997//6997 7125//7125
f 7143//7143 7151//7151 7150//7150
f 7151//7151 7104//7104 7103//7103
f 7104//7104 7115//7115 7105//7105
f 7105//7105 7115//7115 7112//7112
f 7116//7116 7113//7113 7115//7115
f 7114//7114 7110//7110 7107//7107
f 7079//7079 7081//7081 7078//7078
f 6981//6981 6979//6979 7080//7080
f 6979//6979 6981//6981 6980//6980
f 6980//6980 6978//6978 6977//6977
f 7013//7013 7009//7009 7007//7007
f 7009//7009 7008//7008 7007//7007
f 3606//3606 3600//3600 3604//3604
f 3592//3592 3629//3629 3600//3600
f 3619//3619 3621//3621 3620//3620
f 3535//3535 3624//3624 3623//3623
f 3624//3624 3537//3537 3628//3628
f 3537//3537 3624//3624 3529//3529
f 3542//3542 3538//3538 3527//3527
f 3542//3542 3527//3527 3539//3539
f 3539//3539 3528//3528 3541//3541
f 3541//3541 3528//3528 3540//3540
f 3528//3528 3532//3532 3540//3540
f 3530//3530 3532//3532 3526//3526
f 3531//3531 3530//3530 3526//3526
f 3519//3519 3531//3531 3525//3525
f 3519//3519 2958//2958 2962//2962
f 2962//2962 2958//2958 2946//2946
f 2961//2961 2962//2962 2946//2946
f 2938//2938 2925//2925 2946//2946
f 2938//2938 2937//2937 2914//2914
f 2920//2920 2938//2938 2914//2914
f 2920//2920 2914//2914 2901//2901
f 2901//2901 2902//2902 2866//2866
f 2891//2891 2863//2863 2902//2902
f 2856//2856 2863//2863 2891//2891
f 2901//2901 2903//2903 2902//2902
f 2901//2901 2914//2914 2903//2903
f 2938//2938 2946//2946 2937//2937
f 2941//2941 2946//2946 2958//2958
f 2958//2958 2959//2959 2941//2941
f 2959//2959 3519//3519 3525//3525
f 2958//2958 3519//3519 2959//2959
f 3526//3526 2966//2966 3525//3525
f 3526//3526 3525//3525 3531//3531
f 3526//3526 3532//3532 2967//2967
f 3532//3532 3528//3528 2967//2967
f 3528//3528 3539//3539 3527//3527
f 3529//3529 2968//2968 3527//3527
f 3529//3529 3527//3527 3538//3538
f 3538//3538 3537//3537 3529//3529
f 3536//3536 3529//3529 3624//3624
f 3624//3624 3535//3535 3536//3536
f 3621//3621 3534//3534 3535//3535
f 3621//3621 3619//3619 3534//3534
f 3619//3619 3629//3629 3622//3622
f 3622//3622 3629//3629 3592//3592
f 3592//3592 3600//3600 3606//3606
f 3608//3608 3606//3606 3604//3604
f 3608//3608 7008//7008 7009//7009
f 7080//7080 7078//7078 7081//7081
f 7086//7086 7081//7081 7079//7079
f 7108//7108 7109//7109 7086//7086
f 7116//7116 7114//7114 7113//7113
f 7151//7151 7152//7152 7104//7104
f 7151//7151 7143//7143 7136//7136
f 7127//7127 7139//7139 7129//7129
f 6998//6998 7127//7127 7129//7129
f 6997//6997 6998//6998 7129//7129
f 6984//6984 3248//3248 6982//6982
f 3572//3572 3231//3231 3573//3573
f 3233//3233 3231//3231 3572//3572
f 3231//3231 3227//3227 3566//3566
f 3134//3134 3100//3100 3108//3108
f 3134//3134 3133//3133 3100//3100
f 3108//3108 3100//3100 3107//3107
f 3106//3106 3107//3107 3098//3098
f 3106//3106 3097//3097 3105//3105
f 3103//3103 3105//3105 3097//3097
f 3103//3103 3095//3095 3200//3200
f 3095//3095 3198//3198 3199//3199
f 3199//3199 3198//3198 3197//3197
f 3197//3197 3193//3193 3195//3195
f 3195//3195 3193//3193 3194//3194
f 3194//3194 3213//3213 3195//3195
f 3212//3212 3214//3214 3194//3194
f 3210//3210 3209//3209 6679//6679
f 6681//6681 3209//3209 6680//6680
f 6691//6691 6681//6681 6680//6680
f 6692//6692 6827//6827 6828//6828
f 6840//6840 6839//6839 6835//6835
f 6815//6815 6814//6814 6759//6759
f 6758//6758 6760//6760 6759//6759
f 6758//6758 6826//6826 6760//6760
f 6760//6760 6826//6826 6676//6676
f 6676//6676 6825//6825 6673//6673
f 6662//6662 6669//6669 6665//6665
f 3039//3039 3165//3165 3163//3163
f 3014//3014 2987//2987 2988//2988
f 3019//3019 2987//2987 3014//3014
f 2810//2810 2808//2808 2809//2809
f 2988//2988 2808//2808 2810//2810
f 2798//2798 2809//2809 2806//2806
f 2796//2796 2795//2795 2799//2799
f 1281//1281 2785//2785 2795//2795
f 2972//2972 2978//2978 2973//2973
f 2998//2998 2980//2980 2979//2979
f 3006//3006 2552//2552 2553//2553
f 2553//2553 2552//2552 6007//6007
f 6028//6028 6139//6139 6016//6016
f 4364//4364 6139//6139 6028//6028
f 4364//4364 4363//4363 4399//4399
f 4400//4400 4396//4396 4825//4825
f 5845//5845 4826//4826 5843//5843
f 5888//5888 5887//5887 5885//5885
f 5886//5886 5888//5888 5885//5885
f 5886//5886 5840//5840 5889//5889
f 5840//5840 5886//5886 5837//5837
f 5355//5355 5838//5838 5833//5833
f 5354//5354 5352//5352 5355//5355
f 5328//5328 5231//5231 5232//5232
f 5228//5228 5225//5225 5231//5231
f 5223//5223 5225//5225 5228//5228
f 5155//5155 1691//1691 5223//5223
f 1691//1691 5155//5155 1689//1689
f 1581//1581 1580//1580 1566//1566
f 1583//1583 1580//1580 1581//1581
f 1562//1562 1566//1566 1560//1560
f 1208//1208 1205//1205 1207//1207
f 236//236 237//237 1193//1193
f 1193//1193 313//313 236//236
f 313//313 314//314 309//309
f 1212//1212 1208//1208 1181//1181
f 1553//1553 1212//1212 1226//1226
f 1553//1553 1226//1226 1554//1554
f 1554//1554 1562//1562 1560//1560
f 1562//1562 1554//1554 1561//1561
f 1689//1689 1654//1654 1652//1652
f 1652//1652 1690//1690 1689//1689
f 1691//1691 1689//1689 1690//1690
f 1696//1696 5223//5223 1691//1691
f 5223//5223 1696//1696 5225//5225
f 5335//5335 5334//5334 5329//5329
f 5353//5353 5352//5352 5335//5335
f 5355//5355 5353//5353 5356//5356
f 5839//5839 5864//5864 5838//5838
f 5864//5864 5840//5840 5838//5838
f 5864//5864 5903//5903 5840//5840
f 5903//5903 5889//5889 5840//5840
f 5888//5888 5900//5900 5887//5887
f 5900//5900 5901//5901 5887//5887
f 5890//5890 5891//5891 5883//5883
f 5883//5883 5891//5891 5882//5882
f 5843//5843 5882//5882 5891//5891
f 4400//4400 4401//4401 4363//4363
f 5841//5841 4400//4400 4825//4825
f 5845//5845 5846//5846 4825//4825
f 5892//5892 5845//5845 5843//5843
f 5843//5843 5891//5891 5892//5892
f 5893//5893 5891//5891 5890//5890
f 5890//5890 5901//5901 5893//5893
f 5902//5902 5893//5893 5901//5901
f 5900//5900 5902//5902 5901//5901
f 5904//5904 5900//5900 5888//5888
f 5888//5888 5889//5889 5904//5904
f 5839//5839 5355//5355 5356//5356
f 5353//5353 5335//5335 5330//5330
f 5330//5330 5335//5335 5329//5329
f 5225//5225 5226//5226 5232//5232
f 1652//1652 1686//1686 1690//1690
f 1648//1648 1649//1649 1652//1652
f 1646//1646 1649//1649 1648//1648
f 1581//1581 1585//1585 1583//1583
f 1562//1562 1567//1567 1566//1566
f 1226//1226 1228//1228 1554//1554
f 1172//1172 1181//1181 1208//1208
f 1172//1172 1208//1208 1207//1207
f 1171//1171 1207//1207 234//234
f 1172//1172 1207//1207 1171//1171
f 1554//1554 1230//1230 1561//1561
f 1566//1566 1567//1567 1581//1581
f 1686//1686 1692//1692 1691//1691
f 1696//1696 1697//1697 5225//5225
f 5329//5329 5232//5232 5233//5233
f 5330//5330 5329//5329 5233//5233
f 5865//5865 5864//5864 5853//5853
f 5903//5903 5864//5864 5865//5865
f 5865//5865 5905//5905 5903//5903
f 5903//5903 5905//5905 5904//5904
f 5905//5905 5906//5906 5904//5904
f 5906//5906 5907//5907 5904//5904
f 5904//5904 5907//5907 5900//5900
f 5907//5907 5896//5896 5900//5900
f 5900//5900 5896//5896 5902//5902
f 5894//5894 5892//5892 5893//5893
f 5893//5893 5892//5892 5891//5891
f 4401//4401 4400//4400 5841//5841
f 6017//6017 6016//6016 6029//6029
f 2998//2998 2999//2999 2980//2980
f 2790//2790 2972//2972 2973//2973
f 2788//2788 2972//2972 2790//2790
f 2788//2788 2785//2785 1281//1281
f 2799//2799 2800//2800 2796//2796
f 2796//2796 2800//2800 2797//2797
f 2800//2800 2801//2801 2797//2797
f 2801//2801 2798//2798 2797//2797
f 2809//2809 2798//2798 2801//2801
f 2809//2809 2811//2811 2812//2812
f 2810//2810 3015//3015 2988//2988
f 2988//2988 3015//3015 3014//3014
f 3019//3019 3023//3023 3020//3020
f 3035//3035 3036//3036 3039//3039
f 3040//3040 3039//3039 3036//3036
f 3040//3040 3167//3167 3039//3039
f 3039//3039 3167//3167 3165//3165
f 3170//3170 3178//3178 3173//3173
f 6673//6673 6675//6675 6676//6676
f 6843//6843 6815//6815 6759//6759
f 6842//6842 6815//6815 6843//6843
f 6842//6842 6841//6841 6808//6808
f 6841//6841 6839//6839 6840//6840
f 6838//6838 6832//6832 6829//6829
f 6838//6838 6835//6835 6832//6832
f 6692//6692 6828//6828 6833//6833
f 6692//6692 6681//6681 6691//6691
f 6679//6679 3209//3209 6681//6681
f 6679//6679 6681//6681 6682//6682
f 3211//3211 6679//6679 6683//6683
f 3214//3214 3211//3211 3215//3215
f 3199//3199 3197//3197 3195//3195
f 3200//3200 3104//3104 3103//3103
f 3103//3103 3104//3104 3109//3109
f 3105//3105 3103//3103 3109//3109
f 3110//3110 3105//3105 3109//3109
f 3106//3106 3105//3105 3110//3110
f 3110//3110 3111//3111 3106//3106
f 3107//3107 3106//3106 3111//3111
f 3566//3566 3227//3227 3228//3228
f 3581//3581 6982//6982 3248//3248
f 6997//6997 6994//6994 6995//6995
f 7152//7152 7117//7117 7104//7104
f 7115//7115 7117//7117 7118//7118
f 7118//7118 7116//7116 7115//7115
f 7114//7114 7116//7116 7119//7119
f 7114//7114 7111//7111 7110//7110
f 7086//7086 7087//7087 7081//7081
f 7087//7087 7158//7158 7081//7081
f 7014//7014 6978//6978 6980//6980
f 7015//7015 7013//7013 7014//7014
f 7009//7009 7013//7013 7015//7015
f 7010//7010 7009//7009 7015//7015
f 7010//7010 3607//3607 7009//7009
f 3607//3607 3608//3608 7009//7009
f 3606//3606 3608//3608 3607//3607
f 3607//3607 3601//3601 3606//3606
f 3592//3592 3606//3606 3601//3601
f 3590//3590 3593//3593 3592//3592
f 3593//3593 3622//3622 3592//3592
f 3533//3533 3622//3622 3593//3593
f 3534//3534 3520//3520 3535//3535
f 3536//3536 3535//3535 3520//3520
f 3520//3520 3521//3521 3536//3536
f 3521//3521 3529//3529 3536//3536
f 2967//2967 3528//3528 2965//2965
f 2966//2966 2953//2953 2959//2959
f 2949//2949 2942//2942 2959//2959
f 2959//2959 2942//2942 2941//2941
f 2937//2937 2903//2903 2914//2914
f 2903//2903 2937//2937 2941//2941
f 2941//2941 2942//2942 2903//2903
f 2953//2953 2949//2949 2959//2959
f 2953//2953 2966//2966 2967//2967
f 2967//2967 2955//2955 2953//2953
f 2967//2967 2965//2965 2955//2955
f 2965//2965 3527//3527 2968//2968
f 3528//3528 3527//3527 2965//2965
f 3529//3529 2963//2963 2968//2968
f 3529//3529 3521//3521 2963//2963
f 3520//3520 3534//3534 3518//3518
f 3516//3516 3518//3518 3534//3534
f 3534//3534 3533//3533 3516//3516
f 3590//3590 3594//3594 3591//3591
f 3594//3594 3590//3590 3592//3592
f 3601//3601 3594//3594 3592//3592
f 7010//7010 7015//7015 7016//7016
f 7014//7014 6980//6980 7026//7026
f 6981//6981 7026//7026 6980//6980
f 7080//7080 7158//7158 6981//6981
f 7158//7158 7080//7080 7081//7081
f 7109//7109 7087//7087 7086//7086
f 7119//7119 7116//7116 7121//7121
f 7116//7116 7118//7118 7121//7121
f 7117//7117 7152//7152 7155//7155
f 7152//7152 7151//7151 7153//7153
f 7153//7153 7151//7151 7136//7136
f 7135//7135 7153//7153 7136//7136
f 7136//7136 7134//7134 7127//7127
f 7127//7127 7135//7135 7136//7136
f 6998//6998 6997//6997 6995//6995
f 3566//3566 3228//3228 3135//3135
f 3135//3135 3134//3134 3500//3500
f 3500//3500 3134//3134 3108//3108
f 3199//3199 3195//3195 3202//3202
f 6683//6683 3215//3215 3211//3211
f 6679//6679 6682//6682 6684//6684
f 6681//6681 6692//6692 6693//6693
f 6828//6828 6832//6832 6833//6833
f 6832//6832 6835//6835 6834//6834
f 6831//6831 6843//6843 6759//6759
f 6759//6759 6830//6830 6831//6831
f 6830//6830 6759//6759 6760//6760
f 6663//6663 6675//6675 6673//6673
f 6673//6673 6662//6662 6663//6663
f 6662//6662 6660//6660 6663//6663
f 6665//6665 6660//6660 6662//6662
f 6659//6659 6660//6660 6665//6665
f 6659//6659 3181//3181 3182//3182
f 3181//3181 3178//3178 3179//3179
f 3179//3179 3182//3182 3181//3181
f 3170//3170 3179//3179 3178//3178
f 3170//3170 3165//3165 3167//3167
f 3037//3037 3020//3020 3023//3023
f 3035//3035 3020//3020 3037//3037
f 3024//3024 3019//3019 3014//3014
f 3023//3023 3019//3019 3024//3024
f 2810//2810 2994//2994 3015//3015
f 2812//2812 2994//2994 2810//2810
f 2811//2811 2809//2809 2801//2801
f 2799//2799 2785//2785 2784//2784
f 2789//2789 2788//2788 2790//2790
f 2785//2785 2788//2788 2789//2789
f 2974//2974 2790//2790 2973//2973
f 2974//2974 2979//2979 2980//2980
f 2973//2973 2979//2979 2974//2974
f 3005//3005 2999//2999 2998//2998
f 3138//3138 3006//3006 2553//2553
f 6139//6139 6029//6029 6016//6016
f 4399//4399 6139//6139 4364//4364
f 5850//5850 5847//5847 5892//5892
f 5894//5894 5893//5893 5895//5895
f 5895//5895 5902//5902 5896//5896
f 5893//5893 5902//5902 5895//5895
f 5896//5896 5907//5907 5909//5909
f 5865//5865 5853//5853 5866//5866
f 5356//5356 5854//5854 5853//5853
f 5356//5356 5353//5353 5364//5364
f 5364//5364 5353//5353 5330//5330
f 5330//5330 5233//5233 5331//5331
f 5225//5225 5224//5224 5226//5226
f 5225//5225 1697//1697 5224//5224
f 1696//1696 1691//1691 1692//1692
f 1686//1686 1652//1652 1681//1681
f 1649//1649 1681//1681 1652//1652
f 1582//1582 1585//1585 1581//1581
f 1228//1228 1230//1230 1554//1554
f 1212//1212 1174//1174 1226//1226
f 237//237 236//236 234//234
f 238//238 1171//1171 234//234
f 1230//1230 1563//1563 1561//1561
f 1567//1567 1568//1568 1581//1581
f 1646//1646 1622//1622 1649//1649
f 1622//1622 1681//1681 1649//1649
f 1681//1681 1687//1687 1686//1686
f 1692//1692 1686//1686 1687//1687
f 5365//5365 5330//5330 5331//5331
f 5364//5364 5330//5330 5365//5365
f 5855//5855 5364//5364 5365//5365
f 5855//5855 5854//5854 5356//5356
f 5865//5865 5867//5867 5905//5905
f 5905//5905 5867//5867 5906//5906
f 5909//5909 5897//5897 5896//5896
f 5895//5895 5896//5896 5897//5897
f 5895//5895 5898//5898 5894//5894
f 5898//5898 5850//5850 5894//5894
f 5850//5850 5848//5848 5847//5847
f 5848//5848 5842//5842 5847//5847
f 5847//5847 5842//5842 5846//5846
f 5842//5842 5841//5841 5846//5846
f 6029//6029 6139//6139 4399//4399
f 3138//3138 3139//3139 3005//3005
f 2980//2980 2975//2975 2974//2974
f 2974//2974 2791//2791 2790//2790
f 2789//2789 2790//2790 2791//2791
f 2784//2784 2789//2789 2792//2792
f 2784//2784 2800//2800 2799//2799
f 2784//2784 2786//2786 2800//2800
f 2801//2801 2828//2828 2811//2811
f 3024//3024 3014//3014 3015//3015
f 3025//3025 3023//3023 3024//3024
f 3037//3037 3023//3023 3025//3025
f 3037//3037 3041//3041 3036//3036
f 3036//3036 3041//3041 3040//3040
f 3169//3169 3167//3167 3166//3166
f 3183//3183 6659//6659 3182//3182
f 6660//6660 6659//6659 3183//3183
f 3183//3183 6661//6661 6660//6660
f 6661//6661 6664//6664 6660//6660
f 6660//6660 6664//6664 6663//6663
f 6760//6760 6676//6676 6675//6675
f 6831//6831 6844//6844 6843//6843
f 6841//6841 6842//6842 6845//6845
f 6839//6839 6834//6834 6835//6835
f 6833//6833 6694//6694 6693//6693
f 6681//6681 6693//6693 6694//6694
f 6682//6682 6681//6681 6694//6694
f 6694//6694 6695//6695 6682//6682
f 6682//6682 6695//6695 6684//6684
f 6683//6683 6679//6679 6684//6684
f 6683//6683 6685//6685 3215//3215
f 3213//3213 3214//3214 3215//3215
f 3213//3213 3215//3215 3219//3219
f 3219//3219 3216//3216 3213//3213
f 3195//3195 3213//3213 3216//3216
f 3216//3216 3202//3202 3195//3195
f 3202//3202 3203//3203 3201//3201
f 3200//3200 3199//3199 3201//3201
f 3201//3201 3104//3104 3200//3200
f 3109//3109 3104//3104 3543//3543
f 3110//3110 3109//3109 3544//3544
f 3107//3107 3499//3499 3108//3108
f 3108//3108 3499//3499 3500//3500
f 3499//3499 3501//3501 3500//3500
f 3500//3500 3501//3501 3567//3567
f 3567//3567 3135//3135 3500//3500
f 3566//3566 3135//3135 3567//3567
f 3568//3568 3566//3566 3567//3567
f 3568//3568 3574//3574 3566//3566
f 3574//3574 3579//3579 3572//3572
f 3572//3572 3579//3579 3244//3244
f 3581//3581 3244//3244 3579//3579
f 3581//3581 6983//6983 6982//6982
f 6985//6985 6995//6995 6994//6994
f 6998//6998 7003//7003 7127//7127
f 7003//7003 7131//7131 7135//7135
f 7152//7152 7153//7153 7154//7154
f 7117//7117 7122//7122 7118//7118
f 7118//7118 7122//7122 7121//7121
f 7121//7121 7123//7123 7119//7119
f 7110//7110 7111//7111 7109//7109
f 6981//6981 7158//7158 7029//7029
f 7029//7029 7026//7026 6981//6981
f 7026//7026 7015//7015 7014//7014
f 7015//7015 7026//7026 7017//7017
f 3602//3602 3607//3607 3609//3609
f 3602//3602 3596//3596 3601//3601
f 3601//3601 3596//3596 3594//3594
f 3508//3508 3506//3506 3590//3590
f 3590//3590 3506//3506 3593//3593
f 3516//3516 3533//3533 3517//3517
f 3518//3518 2964//2964 3520//3520
f 3520//3520 2964//2964 3521//3521
f 2954//2954 2968//2968 2963//2963
f 2954//2954 2951//2951 2965//2965
f 2950//2950 2955//2955 2951//2951
f 2950//2950 2919//2919 2953//2953
f 2906//2906 2949//2949 2919//2919
f 2906//2906 2905//2905 2949//2949
f 2892//2892 2902//2902 2903//2903
f 2892//2892 2905//2905 2893//2893
f 2905//2905 2892//2892 2903//2903
f 2893//2893 2905//2905 2906//2906
f 2907//2907 2893//2893 2906//2906
f 2906//2906 2910//2910 2907//2907
f 2906//2906 2919//2919 2910//2910
f 2910//2910 2950//2950 2909//2909
f 2919//2919 2950//2950 2910//2910
f 2951//2951 2908//2908 2909//2909
f 2950//2950 2951//2951 2909//2909
f 2954//2954 2956//2956 2952//2952
f 2952//2952 2951//2951 2954//2954
f 2954//2954 2963//2963 2956//2956
f 2956//2956 2963//2963 2947//2947
f 2947//2947 3521//3521 2964//2964
f 2963//2963 3521//3521 2947//2947
f 2960//2960 2947//2947 2964//2964
f 2957//2957 2964//2964 3518//3518
f 3517//3517 3533//3533 3506//3506
f 3591//3591 3508//3508 3590//3590
f 3602//3602 3610//3610 3611//3611
f 7011//7011 3602//3602 3609//3609
f 7012//7012 7011//7011 3609//3609
f 7012//7012 3609//3609 7016//7016
f 7016//7016 3609//3609 7010//7010
f 7017//7017 7016//7016 7015//7015
f 7017//7017 7026//7026 7027//7027
f 7029//7029 7158//7158 7159//7159
f 7159//7159 7158//7158 7087//7087
f 7111//7111 7087//7087 7109//7109
f 7122//7122 7117//7117 7155//7155
f 7153//7153 7135//7135 7131//7131
f 6995//6995 6999//6999 6998//6998
f 6985//6985 6984//6984 6982//6982
f 3579//3579 6983//6983 3581//3581
f 3574//3574 3575//3575 3579//3579
f 3499//3499 3569//3569 3501//3501
f 3107//3107 3111//3111 3499//3499
f 3110//3110 3545//3545 3111//3111
f 3543//3543 3544//3544 3109//3109
f 3201//3201 3204//3204 3104//3104
f 3218//3218 3201//3201 3203//3203
f 3203//3203 3202//3202 3217//3217
f 6696//6696 6685//6685 6683//6683
f 6696//6696 6683//6683 6684//6684
f 6684//6684 6695//6695 6696//6696
f 6833//6833 6836//6836 6694//6694
f 6834//6834 6836//6836 6833//6833
f 6847//6847 6839//6839 6845//6845
f 6834//6834 6839//6839 6847//6847
f 6846//6846 6842//6842 6843//6843
f 6845//6845 6842//6842 6846//6846
f 6830//6830 6760//6760 6723//6723
f 6723//6723 6760//6760 6675//6675
f 6664//6664 6675//6675 6663//6663
f 3183//3183 3182//3182 3184//3184
f 3182//3182 3179//3179 3171//3171
f 3179//3179 3170//3170 3169//3169
f 3166//3166 3040//3040 3041//3041
f 2802//2802 2828//2828 2801//2801
f 2792//2792 2789//2789 2791//2791
f 2999//2999 3005//3005 3007//3007
f 3140//3140 3139//3139 3138//3138
f 2553//2553 3140//3140 3138//3138
f 6017//6017 6008//6008 6007//6007
f 4399//4399 6736//6736 6029//6029
f 4401//4401 5357//5357 4363//4363
f 4401//4401 5841//5841 5357//5357
f 5841//5841 5842//5842 7238//7238
f 7238//7238 5357//5357 5841//5841
f 5898//5898 5848//5848 5850//5850
f 5895//5895 5899//5899 5898//5898
f 5897//5897 5899//5899 5895//5895
f 5908//5908 5910//5910 5909//5909
f 5911//5911 5910//5910 5908//5908
f 5911//5911 5906//5906 5867//5867
f 5908//5908 5906//5906 5911//5911
f 5867//5867 5865//5865 5868//5868
f 5865//5865 5866//5866 5868//5868
f 5866//5866 5854//5854 5855//5855
f 5233//5233 5229//5229 5234//5234
f 5230//5230 5229//5229 5226//5226
f 1696//1696 1692//1692 1693//1693
f 1682//1682 1693//1693 1692//1692
f 1687//1687 1682//1682 1692//1692
f 1582//1582 1622//1622 1646//1646
f 1582//1582 1581//1581 1568//1568
f 1564//1564 1567//1567 1562//1562
f 1561//1561 1564//1564 1562//1562
f 1228//1228 1226//1226 1227//1227
f 1172//1172 1173//1173 1174//1174
f 1181//1181 1172//1172 1174//1174
f 1174//1174 1227//1227 1226//1226
f 1622//1622 1623//1623 1681//1681
f 1681//1681 1682//1682 1687//1687
f 1694//1694 1696//1696 1693//1693
f 1694//1694 1697//1697 1696//1696
f 5224//5224 5235//5235 5226//5226
f 5226//5226 5235//5235 5230//5230
f 5230//5230 5234//5234 5229//5229
f 5234//5234 5332//5332 5233//5233
f 5331//5331 5332//5332 5365//5365
f 5332//5332 5359//5359 5365//5365
f 5365//5365 5856//5856 5855//5855
f 5866//5866 5855//5855 5856//5856
f 5868//5868 5866//5866 5856//5856
f 5867//5867 5868//5868 5876//5876
f 5911//5911 5867//5867 5869//5869
f 5912//5912 5909//5909 5910//5910
f 5897//5897 5909//5909 5912//5912
f 5899//5899 5897//5897 5873//5873
f 5899//5899 5852//5852 5898//5898
f 5852//5852 5851//5851 5898//5898
f 5848//5848 5898//5898 5851//5851
f 5851//5851 5849//5849 5848//5848
f 5842//5842 5848//5848 5849//5849
f 7238//7238 5842//5842 5849//5849
f 6736//6736 6641//6641 6029//6029
f 6007//6007 6008//6008 2553//2553
f 2999//2999 2985//2985 2980//2980
f 2980//2980 2985//2985 2975//2975
f 2977//2977 2974//2974 2975//2975
f 2791//2791 2974//2974 2977//2977
f 2977//2977 2793//2793 2791//2791
f 2792//2792 2791//2791 2793//2793
f 2792//2792 2786//2786 2784//2784
f 2786//2786 2792//2792 2813//2813
f 2786//2786 2823//2823 2800//2800
f 2831//2831 2811//2811 2828//2828
f 2994//2994 2812//2812 2811//2811
f 2994//2994 3021//3021 3015//3015
f 3015//3015 3021//3021 3026//3026
f 3026//3026 3024//3024 3015//3015
f 3025//3025 3024//3024 3026//3026
f 3038//3038 3025//3025 3026//3026
f 3037//3037 3025//3025 3038//3038
f 3041//3041 3037//3037 3038//3038
f 3041//3041 3168//3168 3166//3166
f 3169//3169 3166//3166 3168//3168
f 3169//3169 3171//3171 3179//3179
f 6723//6723 6675//6675 6719//6719
f 6719//6719 6720//6720 6723//6723
f 6892//6892 6830//6830 6723//6723
f 6831//6831 6830//6830 6892//6892
f 6847//6847 6845//6845 6851//6851
f 6847//6847 6848//6848 6834//6834
f 6834//6834 6848//6848 6836//6836
f 6836//6836 6837//6837 6694//6694
f 6866//6866 6694//6694 6837//6837
f 6866//6866 6695//6695 6694//6694
f 6696//6696 6695//6695 6702//6702
f 6697//6697 6685//6685 6696//6696
f 6698//6698 6685//6685 6697//6697
f 6698//6698 3215//3215 6685//6685
f 3219//3219 3215//3215 6698//6698
f 3219//3219 6686//6686 6688//6688
f 6688//6688 3216//3216 3219//3219
f 6688//6688 3202//3202 3216//3216
f 3217//3217 3202//3202 6688//6688
f 3203//3203 3217//3217 3218//3218
f 3204//3204 3201//3201 3218//3218
f 3110//3110 3544//3544 3545//3545
f 3499//3499 3546//3546 3569//3569
f 3569//3569 3567//3567 3501//3501
f 3570//3570 3567//3567 3569//3569
f 3568//3568 3567//3567 3570//3570
f 3574//3574 3568//3568 3570//3570
f 3574//3574 3570//3570 3575//3575
f 6986//6986 6995//6995 6985//6985
f 7003//7003 6998//6998 6999//6999
f 7003//7003 7004//7004 7131//7131
f 7154//7154 7155//7155 7152//7152
f 7122//7122 7155//7155 7156//7156
f 7122//7122 7124//7124 7121//7121
f 7029//7029 7159//7159 7160//7160
f 7027//7027 7026//7026 7029//7029
f 7012//7012 7016//7016 7017//7017
f 7018//7018 7011//7011 7012//7012
f 7018//7018 7017//7017 7028//7028
f 7018//7018 7012//7012 7017//7017
f 7017//7017 7027//7027 7028//7028
f 7030//7030 7027//7027 7029//7029
f 7160//7160 7030//7030 7029//7029
f 7123//7123 7120//7120 7119//7119
f 7154//7154 7156//7156 7155//7155
f 7153//7153 7131//7131 7137//7137
f 7132//7132 7131//7131 7004//7004
f 7004//7004 7003//7003 7000//7000
f 7003//7003 6999//6999 7000//7000
f 6982//6982 6986//6986 6985//6985
f 3569//3569 3576//3576 3570//3570
f 3546//3546 3571//3571 3569//3569
f 3546//3546 3499//3499 3545//3545
f 3499//3499 3111//3111 3545//3545
f 3543//3543 3104//3104 3204//3204
f 3204//3204 3218//3218 3220//3220
f 3217//3217 6689//6689 3218//3218
f 3217//3217 6688//6688 6687//6687
f 6686//6686 3219//3219 6698//6698
f 6702//6702 6697//6697 6696//6696
f 6702//6702 6695//6695 6861//6861
f 6866//6866 6861//6861 6695//6695
f 6849//6849 6836//6836 6848//6848
f 6837//6837 6836//6836 6849//6849
f 6850//6850 6849//6849 6848//6848
f 6852//6852 6850//6850 6848//6848
f 6848//6848 6847//6847 6852//6852
f 6847//6847 6851//6851 6852//6852
f 6851//6851 6845//6845 6846//6846
f 6846//6846 6843//6843 6844//6844
f 6892//6892 6844//6844 6831//6831
f 6675//6675 6664//6664 6706//6706
f 3180//3180 3182//3182 3171//3171
f 3184//3184 3182//3182 3180//3180
f 2994//2994 2811//2811 2832//2832
f 2828//2828 2829//2829 2831//2831
f 2828//2828 2802//2802 2829//2829
f 2825//2825 2800//2800 2823//2823
f 2825//2825 2824//2824 2802//2802
f 2802//2802 2800//2800 2825//2825
f 2985//2985 2999//2999 3003//3003
f 3140//3140 2553//2553 3150//3150
f 6017//6017 6030//6030 6008//6008
f 6029//6029 6030//6030 6017//6017
f 6741//6741 4399//4399 5357//5357
f 6741//6741 6736//6736 4399//4399
f 4399//4399 4363//4363 5357//5357
f 7238//7238 5849//5849 7239//7239
f 7239//7239 5357//5357 7238//7238
f 5851//5851 7241//7241 5849//5849
f 5851//5851 5852//5852 7241//7241
f 5852//5852 5899//5899 5873//5873
f 5873//5873 5897//5897 5912//5912
f 5912//5912 5910//5910 5872//5872
f 5870//5870 5911//5911 5869//5869
f 5910//5910 5911//5911 5870//5870
f 5869//5869 5867//5867 5876//5876
f 5876//5876 5868//5868 5857//5857
f 5857//5857 5868//5868 5856//5856
f 5856//5856 5365//5365 5359//5359
f 5224//5224 1697//1697 1695//1695
f 1693//1693 1682//1682 1683//1683
f 1681//1681 1624//1624 1682//1682
f 1623//1623 1624//1624 1681//1681
f 1582//1582 1617//1617 1622//1622
f 1568//1568 1617//1617 1582//1582
f 1568//1568 1567//1567 1564//1564
f 1171//1171 1173//1173 1172//1172
f 231//231 238//238 234//234
f 1175//1175 1173//1173 1171//1171
f 1229//1229 1230//1230 1228//1228
f 1563//1563 1230//1230 1233//1233
f 1561//1561 1563//1563 1564//1564
f 1617//1617 1618//1618 1623//1623
f 1623//1623 1622//1622 1617//1617
f 1624//1624 1625//1625 1682//1682
f 1682//1682 1625//1625 1683//1683
f 5234//5234 5230//5230 5241//5241
f 5332//5332 5358//5358 5359//5359
f 5858//5858 5856//5856 5366//5366
f 5858//5858 5857//5857 5856//5856
f 5857//5857 5858//5858 5859//5859
f 5861//5861 5876//5876 5859//5859
f 5869//5869 5861//5861 5860//5860
f 5860//5860 5870//5870 5869//5869
f 5872//5872 5873//5873 5912//5912
f 5852//5852 5873//5873 5874//5874
f 6768//6768 7239//7239 6769//6769
f 6769//6769 6761//6761 6768//6768
f 6768//6768 6761//6761 6741//6741
f 6741//6741 5357//5357 6768//6768
f 6769//6769 7239//7239 7240//7240
f 6737//6737 6741//6741 6762//6762
f 6641//6641 6736//6736 6737//6737
f 3140//3140 3141//3141 3139//3139
f 3139//3139 3008//3008 3005//3005
f 3004//3004 3007//3007 3008//3008
f 2976//2976 2975//2975 2985//2985
f 2977//2977 2975//2975 2976//2976
f 2814//2814 2793//2793 2977//2977
f 2793//2793 2814//2814 2792//2792
f 2813//2813 2816//2816 2786//2786
f 2825//2825 2823//2823 2826//2826
f 2832//2832 2811//2811 2831//2831
f 2832//2832 2995//2995 2994//2994
f 3022//3022 3027//3027 3026//3026
f 3026//3026 3027//3027 3038//3038
f 3168//3168 3041//3041 3042//3042
f 6661//6661 3183//3183 3184//3184
f 6706//6706 6719//6719 6675//6675
f 6719//6719 6706//6706 6710//6710
f 6720//6720 6892//6892 6723//6723
f 6892//6892 6846//6846 6844//6844
f 6846//6846 6853//6853 6851//6851
f 6852//6852 6851//6851 6853//6853
f 6854//6854 6852//6852 6853//6853
f 6850//6850 6852//6852 6854//6854
f 6850//6850 6854//6854 6855//6855
f 6849//6849 6867//6867 6837//6837
f 6867//6867 6868//6868 6837//6837
f 6868//6868 6866//6866 6837//6837
f 6866//6866 6868//6868 6861//6861
f 6704//6704 6697//6697 6702//6702
f 6697//6697 6686//6686 6698//6698
f 6699//6699 6687//6687 6688//6688
f 3220//3220 3218//3218 3221//3221
f 3220//3220 3550//3550 3204//3204
f 3543//3543 3204//3204 3550//3550
f 3549//3549 3543//3543 3550//3550
f 3544//3544 3547//3547 3545//3545
f 3545//3545 3548//3548 3546//3546
f 3577//3577 3570//3570 3576//3576
f 6990//6990 6995//6995 6986//6986
f 6995//6995 6990//6990 6999//6999
f 7000//7000 7005//7005 7004//7004
f 7132//7132 7137//7137 7131//7131
f 7122//7122 7156//7156 7157//7157
f 7124//7124 7181//7181 7121//7121
f 7121//7121 7181//7181 7123//7123
f 7181//7181 7182//7182 7123//7123
f 7123//7123 7182//7182 7120//7120
f 7159//7159 7087//7087 7162//7162
f 7159//7159 7162//7162 7160//7160
f 7031//7031 7027//7027 7030//7030
f 7018//7018 3616//3616 7011//7011
f 7028//7028 7032//7032 7018//7018
f 7031//7031 7028//7028 7027//7027
f 7030//7030 7160//7160 7162//7162
f 7182//7182 7183//7183 7120//7120
f 7122//7122 7157//7157 7184//7184
f 7124//7124 7122//7122 7184//7184
f 7157//7157 7156//7156 7154//7154
f 7005//7005 7132//7132 7004//7004
f 7000//7000 6999//6999 6990//6990
f 3579//3579 3575//3575 3582//3582
f 3577//3577 3580//3580 3575//3575
f 3569//3569 3571//3571 3576//3576
f 3549//3549 3551//3551 3544//3544
f 6689//6689 3221//3221 3218//3218
f 6687//6687 6689//6689 3217//3217
f 6686//6686 6700//6700 6699//6699
f 6703//6703 6700//6700 6686//6686
f 6697//6697 6703//6703 6686//6686
f 6704//6704 6703//6703 6697//6697
f 6702//6702 6861//6861 6862//6862
f 6872//6872 6862//6862 6861//6861
f 6868//6868 6872//6872 6861//6861
f 6868//6868 6867//6867 6872//6872
f 6867//6867 6849//6849 6873//6873
f 6850//6850 6874//6874 6849//6849
f 6855//6855 6874//6874 6850//6850
f 6706//6706 6664//6664 6661//6661
f 6661//6661 3184//3184 6706//6706
f 3042//3042 3041//3041 3038//3038
f 3022//3022 3021//3021 2996//2996
f 2824//2824 2825//2825 2827//2827
f 2816//2816 2826//2826 2823//2823
f 2813//2813 2792//2792 2815//2815
f 3003//3003 3009//3009 2991//2991
f 2985//2985 3003//3003 2991//2991
f 3004//3004 3009//3009 3003//3003
f 3008//3008 3139//3139 3141//3141
f 3141//3141 3140//3140 3150//3150
f 6632//6632 6008//6008 6030//6030
f 6641//6641 6642//6642 6639//6639
f 6030//6030 6641//6641 6639//6639
f 6738//6738 6642//6642 6641//6641
f 6762//6762 6742//6742 6737//6737
f 6762//6762 6761//6761 6770//6770
f 6741//6741 6761//6761 6762//6762
f 6769//6769 6771//6771 6770//6770
f 6761//6761 6769//6769 6770//6770
f 7240//7240 6771//6771 6769//6769
f 5874//5874 7242//7242 5852//5852
f 5873//5873 5872//5872 5874//5874
f 5872//5872 5871//5871 5875//5875
f 5863//5863 5870//5870 5860//5860
f 5871//5871 5870//5870 5863//5863
f 5363//5363 5859//5859 5858//5858
f 5366//5366 5359//5359 5360//5360
f 5360//5360 5359//5359 5358//5358
f 5235//5235 5241//5241 5230//5230
f 1705//1705 5235//5235 5224//5224
f 1705//1705 5224//5224 1695//1695
f 1684//1684 1695//1695 1694//1694
f 1684//1684 1694//1694 1683//1683
f 1624//1624 1620//1620 1625//1625
f 1624//1624 1623//1623 1618//1618
f 1592//1592 1618//1618 1617//1617
f 1568//1568 1592//1592 1617//1617
f 1569//1569 1592//1592 1568//1568
f 1174//1174 1176//1176 1227//1227
f 1174//1174 1173//1173 1177//1177
f 1173//1173 1175//1175 1177//1177
f 261//261 1175//1175 1171//1171
f 238//238 261//261 1171//1171
f 1174//1174 1177//1177 1176//1176
f 1176//1176 1229//1229 1227//1227
f 1568//1568 1564//1564 1569//1569
f 1624//1624 1618//1618 1595//1595
f 1619//1619 1624//1624 1595//1595
f 1624//1624 1619//1619 1620//1620
f 1626//1626 1684//1684 1683//1683
f 1685//1685 1695//1695 1684//1684
f 1695//1695 1701//1701 1705//1705
f 5235//5235 1705//1705 1709//1709
f 5234//5234 5241//5241 5245//5245
f 5358//5358 5332//5332 5234//5234
f 5366//5366 5360//5360 5361//5361
f 5366//5366 5361//5361 5363//5363
f 5858//5858 5366//5366 5363//5363
f 5363//5363 5367//5367 5859//5859
f 5861//5861 5859//5859 5367//5367
f 5860//5860 5861//5861 5369//5369
f 5875//5875 5874//5874 5872//5872
f 7240//7240 7241//7241 7242//7242
f 6772//6772 6770//6770 6771//6771
f 6762//6762 6770//6770 6772//6772
f 6763//6763 6762//6762 6772//6772
f 6763//6763 6772//6772 6773//6773
f 6742//6742 6762//6762 6763//6763
f 6743//6743 6737//6737 6742//6742
f 6743//6743 6738//6738 6641//6641
f 6641//6641 6737//6737 6743//6743
f 3150//3150 3151//3151 3141//3141
f 3151//3151 3142//3142 3141//3141
f 3141//3141 3142//3142 3008//3008
f 2814//2814 2815//2815 2792//2792
f 2830//2830 2825//2825 2826//2826
f 2827//2827 2825//2825 2830//2830
f 2836//2836 2831//2831 2829//2829
f 2832//2832 2831//2831 2836//2836
f 2836//2836 2995//2995 2832//2832
f 2995//2995 2996//2996 3021//3021
f 3180//3180 3234//3234 3184//3184
f 3184//3184 3237//3237 6706//6706
f 6706//6706 3237//3237 6710//6710
f 6720//6720 6724//6724 6892//6892
f 6724//6724 6893//6893 6892//6892
f 6846//6846 6892//6892 6893//6893
f 6893//6893 6853//6853 6846//6846
f 6893//6893 6856//6856 6853//6853
f 6853//6853 6856//6856 6854//6854
f 6873//6873 6849//6849 6874//6874
f 6873//6873 6875//6875 6867//6867
f 6867//6867 6875//6875 6872//6872
f 6876//6876 6863//6863 6872//6872
f 6872//6872 6863//6863 6862//6862
f 6862//6862 6858//6858 6702//6702
f 6702//6702 6858//6858 6704//6704
f 6700//6700 6690//6690 6699//6699
f 6690//6690 6687//6687 6699//6699
f 6689//6689 6687//6687 6690//6690
f 3221//3221 6689//6689 6690//6690
f 3221//3221 6954//6954 3220//3220
f 6954//6954 3556//3556 3220//3220
f 3556//3556 3550//3550 3220//3220
f 3556//3556 3557//3557 3550//3550
f 3550//3550 3557//3557 3549//3549
f 3547//3547 3548//3548 3545//3545
f 3546//3546 3548//3548 3571//3571
f 3548//3548 3578//3578 3571//3571
f 6990//6990 7001//7001 7000//7000
f 7184//7184 7181//7181 7124//7124
f 7184//7184 7182//7182 7181//7181
f 7185//7185 7120//7120 7183//7183
f 7111//7111 7120//7120 7178//7178
f 7111//7111 7178//7178 7162//7162
f 7031//7031 7038//7038 7028//7028
f 7032//7032 7028//7028 7038//7038
f 7032//7032 3616//3616 7018//7018
f 7024//7024 3616//3616 7032//7032
f 7032//7032 7033//7033 7024//7024
f 7038//7038 7033//7033 7032//7032
f 7161//7161 7038//7038 7031//7031
f 7031//7031 7030//7030 7161//7161
f 7030//7030 7162//7162 7179//7179
f 7179//7179 7162//7162 7178//7178
f 7185//7185 7178//7178 7120//7120
f 7210//7210 7154//7154 7137//7137
f 7157//7157 7154//7154 7210//7210
f 6990//6990 6986//6986 6991//6991
f 6983//6983 6991//6991 6986//6986
f 6987//6987 6991//6991 6983//6983
f 6983//6983 3579//3579 6987//6987
f 3582//3582 3575//3575 3580//3580
f 3551//3551 3547//3547 3544//3544
f 6690//6690 6954//6954 3221//3221
f 6690//6690 6700//6700 6701//6701
f 6703//6703 6704//6704 6858//6858
f 6862//6862 6864//6864 6858//6858
f 6864//6864 6862//6862 6863//6863
f 6876//6876 6869//6869 6863//6863
f 6876//6876 6872//6872 6879//6879
f 6879//6879 6872//6872 6875//6875
f 6875//6875 6873//6873 6880//6880
f 6884//6884 6873//6873 6874//6874
f 6855//6855 6884//6884 6874//6874
f 6854//6854 6857//6857 6855//6855
f 6856//6856 6857//6857 6854//6854
f 6856//6856 6893//6893 6894//6894
f 6720//6720 6719//6719 6710//6710
f 6707//6707 6710//6710 3237//3237
f 3237//3237 3184//3184 3234//3234
f 3171//3171 3234//3234 3180//3180
f 2829//2829 2833//2833 2836//2836
f 2816//2816 2815//2815 2817//2817
f 2815//2815 2816//2816 2813//2813
f 2976//2976 2989//2989 2977//2977
f 2976//2976 2985//2985 2991//2991
f 3008//3008 3012//3012 3004//3004
f 3143//3143 3012//3012 3008//3008
f 3142//3142 3143//3143 3008//3008
f 3142//3142 3151//3151 3145//3145
f 3150//3150 3152//3152 3151//3151
f 6632//6632 3152//3152 3150//3150
f 3150//3150 6008//6008 6632//6632
f 6640//6640 6030//6030 6639//6639
f 6632//6632 6030//6030 6640//6640
f 6744//6744 6743//6743 6742//6742
f 6742//6742 6763//6763 6744//6744
f 6774//6774 6773//6773 6772//6772
f 6772//6772 6771//6771 6774//6774
f 6771//6771 7240//7240 6789//6789
f 6789//6789 7242//7242 7243//7243
f 7240//7240 7242//7242 6789//6789
f 7243//7243 7242//7242 5874//5874
f 5875//5875 5871//5871 5863//5863
f 5862//5862 5863//5863 5860//5860
f 5369//5369 5862//5862 5860//5860
f 5367//5367 5369//5369 5861//5861
f 5363//5363 5361//5361 5362//5362
f 5371//5371 5360//5360 5370//5370
f 5371//5371 5361//5361 5360//5360
f 5360//5360 5358//5358 5370//5370
f 5358//5358 5245//5245 5370//5370
f 5358//5358 5234//5234 5245//5245
f 5235//5235 5238//5238 5241//5241
f 1701//1701 1695//1695 1688//1688
f 1688//1688 1695//1695 1685//1685
f 1625//1625 1626//1626 1683//1683
f 1594//1594 1595//1595 1618//1618
f 1593//1593 1618//1618 1592//1592
f 1569//1569 1564//1564 1565//1565
f 1565//1565 1564//1564 1563//1563
f 1176//1176 1182//1182 1229//1229
f 1175//1175 1178//1178 1177//1177
f 235//235 261//261 238//238
f 231//231 235//235 238//238
f 1178//1178 1175//1175 261//261
f 1179//1179 1177//1177 1178//1178
f 1233//1233 1230//1230 1232//1232
f 1234//1234 1256//1256 1233//1233
f 1256//1256 1257//1257 1565//1565
f 1565//1565 1257//1257 1569//1569
f 1591//1591 1592//1592 1569//1569
f 1593//1593 1592//1592 1591//1591
f 1627//1627 1684//1684 1626//1626
f 1685//1685 1684//1684 1627//1627
f 1688//1688 1685//1685 1627//1627
f 1709//1709 1705//1705 1706//1706
f 1709//1709 5236//5236 5235//5235
f 5235//5235 5236//5236 5238//5238
f 5238//5238 5242//5242 5241//5241
f 5242//5242 5245//5245 5241//5241
f 5370//5370 5246//5246 5247//5247
f 5363//5363 5362//5362 5367//5367
f 5362//5362 5368//5368 5367//5367
f 5367//5367 5368//5368 5369//5369
f 5863//5863 5862//5862 6793//6793
f 6793//6793 6792//6792 7243//7243
f 6792//6792 6791//6791 7243//7243
f 7243//7243 6791//6791 6789//6789
f 6791//6791 6790//6790 6789//6789
f 6789//6789 6790//6790 6775//6775
f 6763//6763 6764//6764 6744//6744
f 6744//6744 6764//6764 6743//6743
f 6642//6642 6740//6740 6643//6643
f 6643//6643 6639//6639 6642//6642
f 6640//6640 3156//3156 6632//6632
f 3142//3142 3145//3145 3143//3143
f 3010//3010 3004//3004 3012//3012
f 3009//3009 3004//3004 3010//3010
f 2826//2826 2816//2816 2819//2819
f 2830//2830 2826//2826 2819//2819
f 2827//2827 2833//2833 2829//2829
f 3022//3022 2996//2996 3112//3112
f 3022//3022 3113//3113 3027//3027
f 3027//3027 3119//3119 3038//3038
f 3171//3171 3223//3223 3234//3234
f 3238//3238 3237//3237 3235//3235
f 3237//3237 3238//3238 6707//6707
f 6707//6707 6711//6711 6721//6721
f 6724//6724 6725//6725 6894//6894
f 6894//6894 6903//6903 6856//6856
f 6903//6903 6895//6895 6856//6856
f 6877//6877 6857//6857 6895//6895
f 6877//6877 6878//6878 6857//6857
f 6878//6878 6885//6885 6884//6884
f 6881//6881 6882//6882 6880//6880
f 6882//6882 6883//6883 6880//6880
f 6879//6879 6883//6883 6888//6888
f 6888//6888 6889//6889 6879//6879
f 6879//6879 6889//6889 6876//6876
f 6889//6889 6890//6890 6869//6869
f 6864//6864 6859//6859 6858//6858
f 6701//6701 6965//6965 6690//6690
f 6701//6701 6968//6968 6965//6965
f 6965//6965 6966//6966 6955//6955
f 6957//6957 3558//3558 3557//3557
f 3553//3553 3554//3554 3551//3551
f 3551//3551 3554//3554 3547//3547
f 3547//3547 3552//3552 3548//3548
f 3576//3576 3583//3583 3577//3577
f 3580//3580 3577//3577 3583//3583
f 7006//7006 7000//7000 7001//7001
f 7132//7132 7005//7005 7000//7000
f 7138//7138 7137//7137 7133//7133
f 7182//7182 7186//7186 7183//7183
f 7185//7185 7187//7187 7178//7178
f 7038//7038 7163//7163 7164//7164
f 7164//7164 7033//7033 7038//7038
f 7033//7033 7164//7164 7034//7034
f 7165//7165 7034//7034 7164//7164
f 7166//7166 7164//7164 7163//7163
f 7166//7166 7163//7163 7161//7161
f 7168//7168 7166//7166 7161//7161
f 7180//7180 7168//7168 7161//7161
f 7183//7183 7186//7186 7185//7185
f 7222//7222 7186//7186 7182//7182
f 7210//7210 7137//7137 7138//7138
f 7006//7006 7133//7133 7132//7132
f 7132//7132 7000//7000 7006//7006
f 6990//6990 7002//7002 7001//7001
f 3587//3587 3580//3580 3583//3583
f 3587//3587 3582//3582 3580//3580
f 3576//3576 3571//3571 3584//3584
f 3547//3547 3554//3554 3555//3555
f 3557//3557 3553//3553 3549//3549
f 6956//6956 6954//6954 6955//6955
f 6957//6957 6954//6954 6956//6956
f 6966//6966 6956//6956 6955//6955
f 6966//6966 6965//6965 6968//6968
f 6968//6968 6701//6701 6705//6705
f 6705//6705 6969//6969 6968//6968
f 7067//7067 6969//6969 6705//6705
f 6705//6705 6860//6860 7067//7067
f 6859//6859 7067//7067 6860//6860
f 6864//6864 6865//6865 6859//6859
f 6870//6870 6865//6865 6864//6864
f 6869//6869 6870//6870 6864//6864
f 6871//6871 6870//6870 6869//6869
f 6882//6882 7246//7246 6883//6883
f 6885//6885 6881//6881 6884//6884
f 6885//6885 6878//6878 6886//6886
f 6878//6878 6877//6877 6886//6886
f 6911//6911 6877//6877 6895//6895
f 6894//6894 6896//6896 6903//6903
f 6894//6894 6725//6725 6896//6896
f 6726//6726 6721//6721 6722//6722
f 6725//6725 6721//6721 6726//6726
f 6722//6722 6721//6721 6711//6711
f 6708//6708 6711//6711 6707//6707
f 3223//3223 3235//3235 3234//3234
f 3168//3168 3223//3223 3171//3171
f 3168//3168 3042//3042 3120//3120
f 3112//3112 3113//3113 3022//3022
f 2817//2817 2819//2819 2816//2816
f 2817//2817 2815//2815 2818//2818
f 2989//2989 2818//2818 2977//2977
f 2989//2989 2976//2976 2991//2991
f 3143//3143 3013//3013 3012//3012
f 3013//3013 3143//3143 3145//3145
f 3153//3153 3145//3145 3151//3151
f 3151//3151 3152//3152 3153//3153
f 3156//3156 3153//3153 3152//3152
f 6640//6640 6636//6636 3156//3156
f 6643//6643 6636//6636 6640//6640
f 6740//6740 6739//6739 6745//6745
f 6642//6642 6739//6739 6740//6740
f 6745//6745 6739//6739 6743//6743
f 6764//6764 6745//6745 6743//6743
f 6763//6763 6765//6765 6764//6764
f 6763//6763 6773//6773 6765//6765
f 6774//6774 6776//6776 6773//6773
f 5369//5369 6784//6784 5862//5862
f 5242//5242 5246//5246 5245//5245
f 1701//1701 1706//1706 1705//1705
f 1593//1593 1587//1587 1594//1594
f 1591//1591 1587//1587 1593//1593
f 1232//1232 1230//1230 1229//1229
f 1179//1179 1178//1178 1180//1180
f 1178//1178 261//261 262//262
f 262//262 261//261 235//235
f 1180//1180 1178//1178 262//262
f 1184//1184 1232//1232 1229//1229
f 1257//1257 1586//1586 1591//1591
f 1591//1591 1586//1586 1587//1587
f 1589//1589 1594//1594 1587//1587
f 1621//1621 1627//1627 1620//1620
f 1702//1702 1706//1706 1698//1698
f 1702//1702 1707//1707 1706//1706
f 1706//1706 1707//1707 1710//1710
f 5236//5236 5237//5237 5238//5238
f 5238//5238 5239//5239 5242//5242
f 5372//5372 5371//5371 5247//5247
f 6783//6783 6785//6785 6784//6784
f 6784//6784 6794//6794 6792//6792
f 6795//6795 6775//6775 6790//6790
f 6795//6795 6777//6777 6775//6775
f 6778//6778 6765//6765 6776//6776
f 6766//6766 6765//6765 6778//6778
f 6746//6746 6745//6745 6767//6767
f 6747//6747 6745//6745 6746//6746
f 6748//6748 6740//6740 6747//6747
f 6649//6649 6644//6644 6643//6643
f 6643//6643 6644//6644 6636//6636
f 6636//6636 3153//3153 3156//3156
f 3146//3146 3153//3153 3157//3157
f 3146//3146 3144//3144 3013//3013
f 2991//2991 2992//2992 2989//2989
f 2990//2990 2989//2989 2992//2992
f 2821//2821 2817//2817 2820//2820
f 2822//2822 2817//2817 2821//2821
f 2822//2822 2835//2835 2819//2819
f 2833//2833 2838//2838 2836//2836
f 2836//2836 2997//2997 2995//2995
f 2836//2836 2838//2838 2997//2997
f 2997//2997 3057//3057 2995//2995
f 2996//2996 3057//3057 3112//3112
f 3112//3112 3116//3116 3113//3113
f 3113//3113 3116//3116 3027//3027
f 3116//3116 3119//3119 3027//3027
f 3119//3119 3120//3120 3042//3042
f 3168//3168 3120//3120 3223//3223
f 3239//3239 3240//3240 3238//3238
f 6722//6722 6711//6711 6727//6727
f 6726//6726 6897//6897 6725//6725
f 6903//6903 6896//6896 6904//6904
f 6904//6904 6912//6912 6903//6903
f 6903//6903 6912//6912 6911//6911
f 6911//6911 6912//6912 6917//6917
f 7244//7244 6886//6886 6917//6917
f 6887//6887 6886//6886 7244//7244
f 6887//6887 7249//7249 7245//7245
f 7249//7249 7250//7250 7245//7245
f 6882//6882 7245//7245 7250//7250
f 7251//7251 6882//6882 7250//7250
f 6888//6888 7246//7246 7247//7247
f 6890//6890 6889//6889 6891//6891
f 6871//6871 7088//7088 6870//6870
f 6870//6870 7088//7088 6865//6865
f 6865//6865 7071//7071 7068//7068
f 7068//7068 7067//7067 6865//6865
f 6969//6969 7067//7067 7068//7068
f 6970//6970 6968//6968 6969//6969
f 6966//6966 6968//6968 6970//6970
f 3547//3547 3555//3555 3552//3552
f 3552//3552 3559//3559 3548//3548
f 3582//3582 3587//3587 6987//6987
f 7222//7222 7157//7157 7209//7209
f 7222//7222 7223//7223 7186//7186
f 7223//7223 7189//7189 7186//7186
f 7189//7189 7188//7188 7186//7186
f 7188//7188 7185//7185 7186//7186
f 7187//7187 7185//7185 7188//7188
f 7178//7178 7187//7187 7190//7190
f 7178//7178 7190//7190 7199//7199
f 7191//7191 7192//7192 7170//7170
f 7170//7170 7192//7192 7169//7169
f 7170//7170 7169//7169 7171//7171
f 7171//7171 7169//7169 7172//7172
f 7172//7172 7165//7165 7171//7171
f 7171//7171 7165//7165 7166//7166
f 7171//7171 7166//7166 7170//7170
f 7166//7166 7168//7168 7170//7170
f 7191//7191 7170//7170 7168//7168
f 7180//7180 7191//7191 7168//7168
f 7179//7179 7191//7191 7180//7180
f 7179//7179 7178//7178 7199//7199
f 7199//7199 7191//7191 7179//7179
f 7002//7002 7006//7006 7001//7001
f 6992//6992 6990//6990 6991//6991
f 3578//3578 3584//3584 3571//3571
f 3548//3548 3584//3584 3578//3578
f 3557//3557 3558//3558 3553//3553
f 6956//6956 6966//6966 6967//6967
f 6859//6859 6865//6865 7067//7067
f 6871//6871 6869//6869 6890//6890
f 6889//6889 6888//6888 6891//6891
f 6888//6888 6883//6883 7246//7246
f 7246//7246 6882//6882 7251//7251
f 6882//6882 6881//6881 7245//7245
f 6881//6881 6885//6885 7245//7245
f 6887//6887 7245//7245 6885//6885
f 6885//6885 6886//6886 6887//6887
f 6877//6877 6917//6917 6886//6886
f 6911//6911 6917//6917 6877//6877
f 6903//6903 6911//6911 6895//6895
f 6725//6725 6897//6897 6896//6896
f 6708//6708 6707//6707 3238//3238
f 3238//3238 3240//3240 6708//6708
f 3235//3235 3239//3239 3238//3238
f 3236//3236 3235//3235 3223//3223
f 2996//2996 2995//2995 3057//3057
f 2834//2834 2833//2833 2827//2827
f 2830//2830 2834//2834 2827//2827
f 2819//2819 2817//2817 2822//2822
f 2817//2817 2818//2818 2820//2820
f 2818//2818 2990//2990 2820//2820
f 2989//2989 2990//2990 2818//2818
f 3145//3145 3146//3146 3013//3013
f 3153//3153 3146//3146 3145//3145
f 6740//6740 6748//6748 6649//6649
f 6643//6643 6740//6740 6649//6649
f 6745//6745 6747//6747 6740//6740
f 6764//6764 6767//6767 6745//6745
f 6766//6766 6767//6767 6764//6764
f 6766//6766 6764//6764 6765//6765
f 6776//6776 6765//6765 6773//6773
f 6777//6777 6776//6776 6774//6774
f 6774//6774 6775//6775 6777//6777
f 6792//6792 6793//6793 6784//6784
f 6793//6793 5862//5862 6784//6784
f 5369//5369 6783//6783 6784//6784
f 5369//5369 5368//5368 6783//6783
f 5372//5372 5368//5368 5362//5362
f 5371//5371 5372//5372 5362//5362
f 5243//5243 5247//5247 5246//5246
f 5242//5242 5243//5243 5246//5246
f 1709//1709 1710//1710 5236//5236
f 1706//1706 1710//1710 1709//1709
f 1701//1701 1698//1698 1706//1706
f 1688//1688 1698//1698 1701//1701
f 1620//1620 1627//1627 1626//1626
f 1595//1595 1620//1620 1619//1619
f 1596//1596 1620//1620 1595//1595
f 1589//1589 1596//1596 1595//1595
f 1594//1594 1589//1589 1595//1595
f 1591//1591 1569//1569 1257//1257
f 1234//1234 1236//1236 1256//1256
f 1233//1233 1232//1232 1234//1234
f 1182//1182 1184//1184 1229//1229
f 259//259 262//262 235//235
f 7172//7172 7039//7039 7165//7165
f 7039//7039 7172//7172 7167//7167
f 7174//7174 7040//7040 7167//7167
f 7167//7167 7173//7173 7174//7174
f 7172//7172 7173//7173 7167//7167
f 7173//7173 7172//7172 7169//7169
f 7169//7169 7194//7194 7173//7173
f 7169//7169 7192//7192 7194//7194
f 7192//7192 7191//7191 7200//7200
f 7200//7200 7191//7191 7199//7199
f 7201//7201 7200//7200 7199//7199
f 7190//7190 7201//7201 7199//7199
f 7202//7202 7201//7201 7190//7190
f 7187//7187 7202//7202 7190//7190
f 7222//7222 7212//7212 7223//7223
f 7222//7222 7209//7209 7212//7212
f 7210//7210 7209//7209 7157//7157
f 7211//7211 7209//7209 7210//7210
f 7138//7138 7211//7211 7210//7210
f 7138//7138 7133//7133 7208//7208
f 7208//7208 7211//7211 7138//7138
f 6992//6992 7002//7002 6990//6990
f 6991//6991 6987//6987 6988//6988
f 3583//3583 3576//3576 3585//3585
f 3585//3585 3576//3576 3584//3584
f 6957//6957 6956//6956 3558//3558
f 6967//6967 6966//6966 6971//6971
f 6966//6966 6970//6970 6971//6971
f 6970//6970 6969//6969 7069//7069
f 7069//7069 6969//6969 7068//7068
f 7071//7071 6865//6865 7089//7089
f 6865//6865 7088//7088 7089//7089
f 7090//7090 7089//7089 7088//7088
f 6871//6871 7090//7090 7088//7088
f 7095//7095 7090//7090 6871//6871
f 6890//6890 7095//7095 6871//6871
f 6891//6891 7095//7095 6890//6890
f 6891//6891 6888//6888 7247//7247
f 7249//7249 6887//6887 7244//7244
f 7244//7244 6917//6917 7259//7259
f 7259//7259 6917//6917 6918//6918
f 6918//6918 6917//6917 6912//6912
f 6726//6726 6898//6898 6897//6897
f 6726//6726 6722//6722 6727//6727
f 6711//6711 6709//6709 6727//6727
f 6711//6711 6708//6708 6709//6709
f 6708//6708 3240//3240 6709//6709
f 3223//3223 3224//3224 3236//3236
f 3222//3222 3224//3224 3223//3223
f 2834//2834 2838//2838 2833//2833
f 2830//2830 2839//2839 2834//2834
f 2835//2835 2839//2839 2830//2830
f 2830//2830 2819//2819 2835//2835
f 2821//2821 2837//2837 2822//2822
f 2991//2991 2993//2993 2992//2992
f 2993//2993 3009//3009 3010//3010
f 2991//2991 3009//3009 2993//2993
f 3010//3010 3012//3012 3011//3011
f 3146//3146 3147//3147 3144//3144
f 6633//6633 3157//3157 3153//3153
f 6636//6636 6633//6633 3153//3153
f 6644//6644 6633//6633 6636//6636
f 6649//6649 6650//6650 6644//6644
f 6650//6650 6649//6649 6748//6748
f 6766//6766 6778//6778 6779//6779
f 6780//6780 6776//6776 6777//6777
f 6778//6778 6776//6776 6780//6780
f 6795//6795 6790//6790 6796//6796
f 6796//6796 6790//6790 6791//6791
f 6783//6783 5368//5368 6822//6822
f 5239//5239 5238//5238 5237//5237
f 1711//1711 5236//5236 1710//1710
f 1710//1710 1708//1708 1711//1711
f 1707//1707 1708//1708 1710//1710
f 1688//1688 1631//1631 1698//1698
f 1630//1630 1631//1631 1688//1688
f 1688//1688 1627//1627 1630//1630
f 1628//1628 1627//1627 1611//1611
f 1630//1630 1627//1627 1628//1628
f 1627//1627 1621//1621 1611//1611
f 1596//1596 1597//1597 1620//1620
f 1256//1256 1236//1236 1257//1257
f 1236//1236 1234//1234 1235//1235
f 1234//1234 1191//1191 1235//1235
f 1232//1232 1191//1191 1234//1234
f 1191//1191 1232//1232 1184//1184
f 1257//1257 1249//1249 1258//1258
f 1586//1586 1588//1588 1589//1589
f 1596//1596 1589//1589 1590//1590
f 1597//1597 1596//1596 1590//1590
f 1611//1611 1610//1610 1629//1629
f 1629//1629 1628//1628 1611//1611
f 1631//1631 1632//1632 1633//1633
f 1703//1703 1702//1702 1699//1699
f 1707//1707 1702//1702 1703//1703
f 5244//5244 6666//6666 5243//5243
f 6666//6666 6670//6670 5247//5247
f 6819//6819 6822//6822 5368//5368
f 5368//5368 5372//5372 6819//6819
f 6822//6822 6823//6823 6783//6783
f 6794//6794 6784//6784 6785//6785
f 6795//6795 6796//6796 6798//6798
f 6781//6781 6777//6777 6795//6795
f 6781//6781 6782//6782 6777//6777
f 6780//6780 6782//6782 6779//6779
f 6779//6779 6804//6804 6803//6803
f 6803//6803 6766//6766 6779//6779
f 6767//6767 6766//6766 6803//6803
f 6750//6750 6651//6651 6749//6749
f 6749//6749 6651//6651 6650//6650
f 6650//6650 6651//6651 6645//6645
f 6645//6645 6637//6637 6633//6633
f 6633//6633 6637//6637 6634//6634
f 6634//6634 3157//3157 6633//6633
f 3147//3147 3157//3157 6634//6634
f 3011//3011 2993//2993 3010//3010
f 2992//2992 3043//3043 2990//2990
f 3044//3044 2990//2990 3043//3043
f 2837//2837 2821//2821 3044//3044
f 2837//2837 2840//2840 2835//2835
f 2839//2839 2835//2835 2840//2840
f 2840//2840 2841//2841 2839//2839
f 3054//3054 2839//2839 2841//2841
f 3058//3058 2838//2838 3054//3054
f 3058//3058 3059//3059 2997//2997
f 3117//3117 3119//3119 3116//3116
f 3117//3117 3120//3120 3119//3119
f 3224//3224 3230//3230 3236//3236
f 3236//3236 3239//3239 3235//3235
f 6715//6715 6728//6728 6709//6709
f 6898//6898 6727//6727 6899//6899
f 6898//6898 6905//6905 6897//6897
f 6904//6904 6897//6897 6905//6905
f 6913//6913 6912//6912 6905//6905
f 6919//6919 6912//6912 6913//6913
f 7260//7260 6918//6918 6919//6919
f 7259//7259 6918//6918 7260//7260
f 7252//7252 7259//7259 7260//7260
f 7253//7253 7252//7252 7254//7254
f 7248//7248 7265//7265 7247//7247
f 7265//7265 7266//7266 6891//6891
f 7096//7096 7095//7095 7266//7266
f 7097//7097 7090//7090 7096//7096
f 7089//7089 7090//7090 7097//7097
f 7091//7091 7089//7089 7097//7097
f 7071//7071 7089//7089 7091//7091
f 7072//7072 7071//7071 7091//7091
f 7073//7073 7071//7071 7072//7072
f 6967//6967 6973//6973 6956//6956
f 6973//6973 6958//6958 3558//3558
f 3553//3553 3558//3558 6958//6958
f 3561//3561 3553//3553 6959//6959
f 3554//3554 3561//3561 3555//3555
f 3552//3552 3555//3555 3560//3560
f 3559//3559 3552//3552 3560//3560
f 7042//7042 7046//7046 6991//6991
f 6992//6992 6991//6991 7046//7046
f 7002//7002 6992//6992 7046//7046
f 7058//7058 7006//7006 7002//7002
f 7212//7212 7225//7225 7223//7223
f 7225//7225 7189//7189 7223//7223
f 7188//7188 7189//7189 7233//7233
f 7203//7203 7188//7188 7233//7233
f 7204//7204 7202//7202 7203//7203
f 7205//7205 7202//7202 7204//7204
f 7201//7201 7202//7202 7205//7205
f 7205//7205 7200//7200 7201//7201
f 7205//7205 7195//7195 7200//7200
f 7205//7205 7206//7206 7195//7195
f 7193//7193 7194//7194 7195//7195
f 7195//7195 7194//7194 7192//7192
f 7200//7200 7195//7195 7192//7192
f 7202//7202 7188//7188 7203//7203
f 7187//7187 7188//7188 7202//7202
f 7058//7058 7208//7208 7133//7133
f 7006//7006 7058//7058 7133//7133
f 6988//6988 6987//6987 3587//3587
f 3583//3583 3585//3585 3587//3587
f 3585//3585 3584//3584 3586//3586
f 3584//3584 3548//3548 3559//3559
f 3554//3554 3553//3553 3561//3561
f 3558//3558 6956//6956 6973//6973
f 6972//6972 6970//6970 7069//7069
f 6971//6971 6970//6970 6972//6972
f 7069//7069 7068//7068 7073//7073
f 7073//7073 7068//7068 7071//7071
f 7096//7096 7090//7090 7095//7095
f 6891//6891 7266//7266 7095//7095
f 7247//7247 7265//7265 6891//6891
f 7248//7248 7246//7246 7256//7256
f 7247//7247 7246//7246 7248//7248
f 7256//7256 7246//7246 7251//7251
f 7257//7257 7256//7256 7251//7251
f 7250//7250 7255//7255 7257//7257
f 7251//7251 7250//7250 7257//7257
f 7249//7249 7255//7255 7250//7250
f 7253//7253 7255//7255 7249//7249
f 7253//7253 7249//7249 7252//7252
f 7252//7252 7244//7244 7259//7259
f 7249//7249 7244//7244 7252//7252
f 6918//6918 6912//6912 6919//6919
f 6912//6912 6904//6904 6905//6905
f 6897//6897 6904//6904 6896//6896
f 6727//6727 6898//6898 6726//6726
f 6727//6727 6709//6709 6728//6728
f 3240//3240 6714//6714 6709//6709
f 3121//3121 3222//3222 3223//3223
f 3120//3120 3121//3121 3223//3223
f 3116//3116 3112//3112 3063//3063
f 3063//3063 3057//3057 3059//3059
f 3112//3112 3057//3057 3063//3063
f 3059//3059 3057//3057 2997//2997
f 2838//2838 3058//3058 2997//2997
f 2839//2839 3054//3054 2838//2838
f 2838//2838 2834//2834 2839//2839
f 2822//2822 2837//2837 2835//2835
f 2820//2820 3044//3044 2821//2821
f 2990//2990 3044//3044 2820//2820
f 3013//3013 3011//3011 3012//3012
f 3146//3146 3157//3157 3147//3147
f 6644//6644 6645//6645 6633//6633
f 6650//6650 6645//6645 6644//6644
f 6749//6749 6748//6748 6747//6747
f 6650//6650 6748//6748 6749//6749
f 6746//6746 6749//6749 6747//6747
f 6746//6746 6767//6767 6803//6803
f 6780//6780 6777//6777 6782//6782
f 6780//6780 6779//6779 6778//6778
f 6791//6791 6797//6797 6796//6796
f 6792//6792 6797//6797 6791//6791
f 6785//6785 6783//6783 6786//6786
f 5372//5372 5247//5247 6670//6670
f 5247//5247 5243//5243 6666//6666
f 5242//5242 5244//5244 5243//5243
f 5239//5239 5244//5244 5242//5242
f 1702//1702 1698//1698 1699//1699
f 1699//1699 1698//1698 1633//1633
f 1633//1633 1698//1698 1631//1631
f 1631//1631 1630//1630 1628//1628
f 1611//1611 1621//1621 1610//1610
f 1610//1610 1621//1621 1597//1597
f 1597//1597 1621//1621 1620//1620
f 1587//1587 1586//1586 1589//1589
f 1258//1258 1586//1586 1257//1257
f 1182//1182 1179//1179 1184//1184
f 7195//7195 7196//7196 7193//7193
f 7175//7175 7174//7174 7193//7193
f 7193//7193 7174//7174 7173//7173
f 7194//7194 7193//7193 7173//7173
f 7177//7177 7175//7175 7176//7176
f 7176//7176 7175//7175 7193//7193
f 7193//7193 7197//7197 7176//7176
f 7196//7196 7197//7197 7193//7193
f 7196//7196 7195//7195 7207//7207
f 7206//7206 7207//7207 7195//7195
f 7206//7206 7204//7204 7207//7207
f 7206//7206 7205//7205 7204//7204
f 7203//7203 7234//7234 7204//7204
f 7225//7225 7233//7233 7189//7189
f 7224//7224 7225//7225 7212//7212
f 7213//7213 7224//7224 7212//7212
f 7208//7208 7209//7209 7211//7211
f 6991//6991 6988//6988 7042//7042
f 3588//3588 6989//6989 3587//3587
f 3585//3585 3588//3588 3587//3587
f 3586//3586 3584//3584 3559//3559
f 3561//3561 3562//3562 3555//3555
f 6958//6958 6959//6959 3553//3553
f 6967//6967 6974//6974 6973//6973
f 6971//6971 6974//6974 6967//6967
f 6972//6972 6975//6975 6971//6971
f 7070//7070 7069//7069 7073//7073
f 6972//6972 7069//7069 7070//7070
f 7074//7074 7070//7070 7073//7073
f 7074//7074 7073//7073 7072//7072
f 7097//7097 7096//7096 7098//7098
f 7098//7098 7096//7096 7266//7266
f 7248//7248 7267//7267 7265//7265
f 7256//7256 7280//7280 7248//7248
f 7255//7255 7253//7253 7254//7254
f 7254//7254 7252//7252 7261//7261
f 7260//7260 7262//7262 7261//7261
f 7252//7252 7260//7260 7261//7261
f 7260//7260 6919//6919 6920//6920
f 6913//6913 6920//6920 6919//6919
f 6905//6905 6914//6914 6913//6913
f 6899//6899 6727//6727 6728//6728
f 6714//6714 6715//6715 6709//6709
f 6714//6714 3239//3239 3246//3246
f 3239//3239 6714//6714 3240//3240
f 3239//3239 3230//3230 3246//3246
f 3239//3239 3236//3236 3230//3230
f 3120//3120 3117//3117 3121//3121
f 3063//3063 3117//3117 3116//3116
f 3067//3067 3068//3068 3063//3063
f 3059//3059 3067//3067 3063//3063
f 3059//3059 3058//3058 3062//3062
f 3058//3058 3055//3055 3062//3062
f 3058//3058 3054//3054 3055//3055
f 3055//3055 3054//3054 2841//2841
f 2841//2841 2840//2840 3056//3056
f 3044//3044 3045//3045 2837//2837
f 3045//3045 3044//3044 3043//3043
f 2992//2992 3049//3049 3048//3048
f 3043//3043 2992//2992 3048//3048
f 2993//2993 3049//3049 2992//2992
f 2993//2993 3011//3011 3083//3083
f 3148//3148 3144//3144 3147//3147
f 6634//6634 3158//3158 3148//3148
f 3147//3147 6634//6634 3148//3148
f 6645//6645 6646//6646 6637//6637
f 6651//6651 6646//6646 6645//6645
f 6750//6750 6746//6746 6752//6752
f 6749//6749 6746//6746 6750//6750
f 6752//6752 6746//6746 6803//6803
f 6804//6804 6779//6779 6782//6782
f 6781//6781 6795//6795 6798//6798
f 6797//6797 6798//6798 6796//6796
f 6792//6792 6800//6800 6797//6797
f 6794//6794 6800//6800 6792//6792
f 6794//6794 6785//6785 6801//6801
f 6823//6823 6786//6786 6783//6783
f 6822//6822 6820//6820 6823//6823
f 6819//6819 6820//6820 6822//6822
f 6670//6670 6819//6819 5372//5372
f 5237//5237 5240//5240 5239//5239
f 1711//1711 5237//5237 5236//5236
f 1708//1708 1707//1707 1703//1703
f 1634//1634 1633//1633 1632//1632
f 1699//1699 1633//1633 1634//1634
f 1632//1632 1631//1631 1614//1614
f 1614//1614 1628//1628 1629//1629
f 1631//1631 1628//1628 1614//1614
f 1590//1590 1589//1589 1588//1588
f 1588//1588 1586//1586 1259//1259
f 1258//1258 1253//1253 1586//1586
f 1257//1257 1236//1236 1249//1249
f 1183//1183 1184//1184 1179//1179
f 262//262 263//263 1180//1180
f 1183//1183 1179//1179 1180//1180
f 1253//1253 1258//1258 1249//1249
f 1259//1259 1254//1254 1588//1588
f 1588//1588 1285//1285 1590//1590
f 1610//1610 1597//1597 1602//1602
f 1610//1610 1606//1606 1612//1612
f 1613//1613 1629//1629 1612//1612
f 1614//1614 1629//1629 1613//1613
f 1614//1614 1615//1615 1632//1632
f 1700//1700 1699//1699 1634//1634
f 1703//1703 1699//1699 1700//1700
f 5237//5237 1711//1711 1712//1712
f 6655//6655 5239//5239 5240//5240
f 5244//5244 5239//5239 6655//6655
f 6666//6666 5244//5244 6655//6655
f 6667//6667 6666//6666 6655//6655
f 6823//6823 6757//6757 6786//6786
f 6801//6801 6802//6802 6794//6794
f 6794//6794 6802//6802 6800//6800
f 6817//6817 6781//6781 6798//6798
f 6782//6782 6781//6781 6817//6817
f 6806//6806 6805//6805 6782//6782
f 6646//6646 6635//6635 6637//6637
f 3158//3158 3154//3154 3148//3148
f 3149//3149 3144//3144 3148//3148
f 3013//3013 3144//3144 3185//3185
f 3011//3011 3013//3013 3186//3186
f 3084//3084 3048//3048 3049//3049
f 3048//3048 3046//3046 3045//3045
f 3047//3047 3045//3045 3046//3046
f 3056//3056 2840//2840 3047//3047
f 2841//2841 3056//3056 3060//3060
f 3061//3061 2841//2841 3060//3060
f 3067//3067 3059//3059 3062//3062
f 3121//3121 3117//3117 3122//3122
f 3246//3246 3230//3230 3247//3247
f 6731//6731 6732//6732 6728//6728
f 6728//6728 6732//6732 6900//6900
f 6900//6900 6906//6906 6899//6899
f 6914//6914 6907//6907 6915//6915
f 6921//6921 6913//6913 6914//6914
f 7262//7262 6920//6920 7263//7263
f 7261//7261 7264//7264 7254//7254
f 7254//7254 7264//7264 7258//7258
f 7281//7281 7282//7282 7280//7280
f 7280//7280 7270//7270 7267//7267
f 7267//7267 7268//7268 7265//7265
f 7099//7099 7092//7092 7091//7091
f 6971//6971 6975//6975 6976//6976
f 6971//6971 6976//6976 6974//6974
f 6973//6973 6961//6961 6958//6958
f 3559//3559 3565//3565 3586//3586
f 6989//6989 7042//7042 6988//6988
f 7209//7209 7208//7208 7063//7063
f 7225//7225 7224//7224 7230//7230
f 7225//7225 7230//7230 7235//7235
f 7235//7235 7236//7236 7234//7234
f 7234//7234 7236//7236 7237//7237
f 7237//7237 7207//7207 7204//7204
f 7227//7227 7207//7207 7237//7237
f 7196//7196 7207//7207 7227//7227
f 7196//7196 7227//7227 7197//7197
f 7197//7197 7198//7198 7176//7176
f 7177//7177 7176//7176 7198//7198
f 7040//7040 7175//7175 7177//7177
f 7040//7040 7177//7177 7037//7037
f 7036//7036 7040//7040 7037//7037
f 7036//7036 7020//7020 7040//7040
f 7040//7040 7035//7035 7167//7167
f 7040//7040 7020//7020 7035//7035
f 7034//7034 7039//7039 7035//7035
f 7024//7024 7034//7034 7023//7023
f 7033//7033 7034//7034 7024//7024
f 7023//7023 7034//7034 7035//7035
f 7035//7035 3617//3617 7023//7023
f 7023//7023 7019//7019 7024//7024
f 3616//3616 7024//7024 7019//7019
f 3616//3616 3611//3611 7011//7011
f 7011//7011 3611//3611 3610//3610
f 3612//3612 3611//3611 3616//3616
f 7019//7019 3612//3612 3616//3616
f 3612//3612 7019//7019 3617//3617
f 7019//7019 7023//7023 3617//3617
f 7020//7020 3618//3618 7021//7021
f 7021//7021 3617//3617 7035//7035
f 7021//7021 7035//7035 7020//7020
f 7022//7022 7020//7020 7036//7036
f 7062//7062 7037//7037 7177//7177
f 7062//7062 7177//7177 7198//7198
f 7226//7226 7197//7197 7227//7227
f 7226//7226 7227//7227 7228//7228
f 7228//7228 7227//7227 7237//7237
f 7228//7228 7237//7237 7236//7236
f 7236//7236 7229//7229 7228//7228
f 7230//7230 7229//7229 7236//7236
f 7230//7230 7236//7236 7235//7235
f 7224//7224 7231//7231 7230//7230
f 7217//7217 7213//7213 7209//7209
f 7063//7063 7217//7217 7209//7209
f 7208//7208 7059//7059 7063//7063
f 7058//7058 7059//7059 7208//7208
f 7048//7048 7050//7050 7057//7057
f 7048//7048 7057//7057 7046//7046
f 7047//7047 7048//7048 7046//7046
f 7046//7046 7042//7042 7047//7047
f 3588//3588 3585//3585 3635//3635
f 3585//3585 3586//3586 3589//3589
f 3565//3565 3589//3589 3586//3586
f 3562//3562 3560//3560 3555//3555
f 6961//6961 6962//6962 6958//6958
f 6974//6974 6961//6961 6973//6973
f 7070//7070 6975//6975 6972//6972
f 7074//7074 7092//7092 7075//7075
f 7099//7099 7100//7100 7092//7092
f 7269//7269 7099//7099 7098//7098
f 7098//7098 7268//7268 7269//7269
f 7270//7270 7269//7269 7268//7268
f 7268//7268 7267//7267 7270//7270
f 7280//7280 7272//7272 7270//7270
f 7280//7280 7282//7282 7272//7272
f 7281//7281 7283//7283 7282//7282
f 7258//7258 7271//7271 7283//7283
f 7281//7281 7258//7258 7283//7283
f 7264//7264 7271//7271 7258//7258
f 7264//7264 7261//7261 7263//7263
f 7261//7261 7262//7262 7263//7263
f 6922//6922 7263//7263 6920//6920
f 6920//6920 6921//6921 6922//6922
f 6923//6923 6922//6922 6921//6921
f 6914//6914 6923//6923 6921//6921
f 6907//6907 6906//6906 6909//6909
f 6909//6909 6915//6915 6907//6907
f 6906//6906 6900//6900 6901//6901
f 6901//6901 6900//6900 6732//6732
f 6715//6715 6729//6729 6731//6731
f 6714//6714 6729//6729 6715//6715
f 6716//6716 6714//6714 6712//6712
f 3230//3230 3225//3225 3241//3241
f 3230//3230 3224//3224 3225//3225
f 3224//3224 3222//3222 3129//3129
f 3129//3129 3225//3225 3224//3224
f 3122//3122 3128//3128 3121//3121
f 3122//3122 3117//3117 3123//3123
f 3068//3068 3067//3067 3069//3069
f 3061//3061 3062//3062 3055//3055
f 3060//3060 3064//3064 3061//3061
f 3065//3065 3060//3060 3056//3056
f 3056//3056 3047//3047 3065//3065
f 3053//3053 3065//3065 3047//3047
f 3051//3051 3053//3053 3047//3047
f 3046//3046 3051//3051 3047//3047
f 3048//3048 3050//3050 3046//3046
f 3084//3084 3083//3083 3087//3087
f 3083//3083 3084//3084 3049//3049
f 3083//3083 3011//3011 3186//3186
f 3186//3186 3013//3013 3185//3185
f 3149//3149 3185//3185 3144//3144
f 3149//3149 3148//3148 3154//3154
f 3159//3159 3154//3154 3158//3158
f 6635//6635 3159//3159 3158//3158
f 6635//6635 6646//6646 6638//6638
f 6638//6638 6646//6646 6647//6647
f 6753//6753 6751//6751 6752//6752
f 6755//6755 6804//6804 6805//6805
f 6755//6755 6753//6753 6804//6804
f 6807//6807 6782//6782 6817//6817
f 6806//6806 6782//6782 6807//6807
f 6799//6799 6817//6817 6798//6798
f 6818//6818 6797//6797 6800//6800
f 6799//6799 6797//6797 6818//6818
f 6801//6801 6787//6787 6788//6788
f 6787//6787 6786//6786 6757//6757
f 6820//6820 6821//6821 6823//6823
f 6820//6820 6819//6819 6671//6671
f 6671//6671 6670//6670 6668//6668
f 6819//6819 6670//6670 6671//6671
f 6670//6670 6667//6667 6668//6668
f 5237//5237 3175//3175 5240//5240
f 1712//1712 3175//3175 5237//5237
f 1704//1704 1703//1703 1700//1700
f 1606//1606 1610//1610 1602//1602
f 1285//1285 1597//1597 1590//1590
f 1285//1285 1588//1588 1260//1260
f 1260//1260 1588//1588 1254//1254
f 1236//1236 1235//1235 1242//1242
f 1191//1191 1189//1189 1235//1235
f 1183//1183 1185//1185 1184//1184
f 263//263 1186//1186 1183//1183
f 1183//1183 1180//1180 263//263
f 1188//1188 1189//1189 1185//1185
f 1249//1249 1236//1236 1242//1242
f 1254//1254 1255//1255 1260//1260
f 1260//1260 1255//1255 1272//1272
f 1260//1260 1272//1272 1285//1285
f 1602//1602 1603//1603 1604//1604
f 1606//1606 1604//1604 1605//1605
f 1615//1615 1614//1614 1613//1613
f 1700//1700 3032//3032 1704//1704
f 3172//3172 1704//1704 3160//3160
f 3162//3162 1712//1712 3172//3172
f 3174//3174 1712//1712 3162//3162
f 6653//6653 6654//6654 6656//6656
f 6668//6668 6656//6656 6657//6657
f 6802//6802 6801//6801 6788//6788
f 6813//6813 6799//6799 6812//6812
f 6753//6753 6754//6754 6751//6751
f 6638//6638 6647//6647 6648//6648
f 3159//3159 3155//3155 3154//3154
f 3087//3087 3085//3085 3084//3084
f 3085//3085 3052//3052 3050//3050
f 3051//3051 3050//3050 3052//3052
f 3053//3053 3091//3091 3065//3065
f 3064//3064 3070//3070 3061//3061
f 3064//3064 3066//3066 3070//3070
f 3066//3066 3071//3071 3070//3070
f 3071//3071 3072//3072 3070//3070
f 3070//3070 3072//3072 3073//3073
f 3114//3114 3118//3118 3074//3074
f 3114//3114 3123//3123 3118//3118
f 3114//3114 3125//3125 3122//3122
f 3122//3122 3123//3123 3114//3114
f 3114//3114 3124//3124 3125//3125
f 3129//3129 3125//3125 3130//3130
f 3241//3241 3226//3226 3137//3137
f 3245//3245 6713//6713 6712//6712
f 6713//6713 6717//6717 6716//6716
f 6730//6730 6733//6733 6729//6729
f 6733//6733 6732//6732 6729//6729
f 6901//6901 6732//6732 6733//6733
f 6733//6733 6908//6908 6901//6901
f 6916//6916 6915//6915 6909//6909
f 7144//7144 6923//6923 6916//6916
f 7284//7284 6922//6922 6923//6923
f 7285//7285 6922//6922 7284//7284
f 7284//7284 7286//7286 7285//7285
f 7285//7285 7286//7286 7264//7264
f 7271//7271 7274//7274 7283//7283
f 7274//7274 7276//7276 7272//7272
f 7275//7275 7272//7272 7276//7276
f 7275//7275 7106//7106 7269//7269
f 7106//7106 7101//7101 7269//7269
f 7269//7269 7101//7101 7094//7094
f 7094//7094 7100//7100 7269//7269
f 7094//7094 7093//7093 7100//7100
f 6976//6976 6975//6975 7070//7070
f 3562//3562 3561//3561 6960//6960
f 3562//3562 3563//3563 3560//3560
f 3560//3560 3564//3564 3559//3559
f 3589//3589 3636//3636 3635//3635
f 7042//7042 3635//3635 3637//3637
f 7042//7042 7043//7043 7047//7047
f 7048//7048 7047//7047 7044//7044
f 7048//7048 7044//7044 7050//7050
f 7060//7060 7049//7049 7055//7055
f 7060//7060 7061//7061 7059//7059
f 7063//7063 7059//7059 7061//7061
f 7215//7215 7217//7217 7063//7063
f 7221//7221 7217//7217 7215//7215
f 7231//7231 7221//7221 7218//7218
f 7218//7218 7232//7232 7229//7229
f 7219//7219 7232//7232 7218//7218
f 7219//7219 7214//7214 7220//7220
f 7226//7226 7219//7219 7220//7220
f 7220//7220 7214//7214 7062//7062
f 7220//7220 7198//7198 7226//7226
f 7220//7220 7062//7062 7198//7198
f 7197//7197 7226//7226 7198//7198
f 7037//7037 7062//7062 7041//7041
f 3617//3617 7021//7021 3618//3618
f 3612//3612 3617//3617 3613//3613
f 3612//3612 3595//3595 3611//3611
f 3595//3595 3513//3513 3512//3512
f 3512//3512 3611//3611 3595//3595
f 3596//3596 3611//3611 3512//3512
f 3509//3509 3594//3594 3512//3512
f 2928//2928 3517//3517 3506//3506
f 3516//3516 3517//3517 2945//2945
f 2957//2957 3516//3516 2945//2945
f 2960//2960 2957//2957 2944//2944
f 2943//2943 2948//2948 2947//2947
f 2952//2952 2948//2948 2943//2943
f 2917//2917 2952//2952 2943//2943
f 2917//2917 2916//2916 2952//2952
f 2916//2916 2899//2899 2908//2908
f 2896//2896 2897//2897 2909//2909
f 2897//2897 2889//2889 2910//2910
f 2888//2888 2880//2880 2893//2893
f 2880//2880 2881//2881 2893//2893
f 2893//2893 2881//2881 2892//2892
f 2892//2892 2891//2891 2902//2902
f 2891//2891 2892//2892 2881//2881
f 2880//2880 2883//2883 2882//2882
f 2880//2880 2888//2888 2883//2883
f 2888//2888 2889//2889 2883//2883
f 2890//2890 2883//2883 2889//2889
f 2890//2890 2889//2889 2897//2897
f 2890//2890 2896//2896 2899//2899
f 2899//2899 2898//2898 2890//2890
f 2890//2890 2897//2897 2896//2896
f 2899//2899 2896//2896 2908//2908
f 2911//2911 2899//2899 2917//2917
f 2917//2917 2899//2899 2916//2916
f 2917//2917 2943//2943 2918//2918
f 2943//2943 2944//2944 2918//2918
f 2943//2943 2947//2947 2944//2944
f 2944//2944 2947//2947 2960//2960
f 3517//3517 2928//2928 2945//2945
f 2928//2928 3506//3506 2927//2927
f 3509//3509 2927//2927 3508//3508
f 3595//3595 3597//3597 3513//3513
f 3595//3595 3612//3612 3597//3597
f 3597//3597 3612//3612 3613//3613
f 3613//3613 3618//3618 3599//3599
f 3618//3618 3613//3613 3617//3617
f 3614//3614 7020//7020 7022//7022
f 3618//3618 7020//7020 3614//3614
f 7022//7022 7025//7025 3647//3647
f 7025//7025 7022//7022 7036//7036
f 7036//7036 7037//7037 7025//7025
f 7041//7041 7025//7025 7037//7037
f 7041//7041 7062//7062 7054//7054
f 7022//7022 3647//3647 3614//3614
f 3614//3614 3599//3599 3618//3618
f 3599//3599 3515//3515 3613//3613
f 3599//3599 3598//3598 3515//3515
f 3597//3597 3515//3515 3514//3514
f 3510//3510 3597//3597 3507//3507
f 3513//3513 3510//3510 3503//3503
f 3502//3502 3512//3512 3513//3513
f 3502//3502 2932//2932 3509//3509
f 2927//2927 2869//2869 2928//2928
f 2928//2928 2940//2940 2945//2945
f 2957//2957 2945//2945 2939//2939
f 2939//2939 2915//2915 2957//2957
f 2918//2918 2944//2944 2915//2915
f 2918//2918 2915//2915 2912//2912
f 2912//2912 2911//2911 2918//2918
f 2912//2912 2913//2913 2900//2900
f 2912//2912 2900//2900 2911//2911
f 2898//2898 2900//2900 2884//2884
f 2884//2884 2885//2885 2890//2890
f 2890//2890 2898//2898 2884//2884
f 2883//2883 2890//2890 2885//2885
f 2878//2878 2883//2883 2885//2885
f 2882//2882 2883//2883 2878//2878
f 2882//2882 2878//2878 2879//2879
f 2882//2882 2879//2879 2886//2886
f 2880//2880 2882//2882 2886//2886
f 2855//2855 2881//2881 2886//2886
f 2881//2881 2855//2855 2891//2891
f 2880//2880 2886//2886 2881//2881
f 2853//2853 2855//2855 2886//2886
f 2886//2886 2879//2879 2853//2853
f 2877//2877 2878//2878 2885//2885
f 2885//2885 2884//2884 2877//2877
f 2887//2887 2877//2877 2884//2884
f 2900//2900 2887//2887 2884//2884
f 2894//2894 2887//2887 2900//2900
f 2913//2913 2894//2894 2900//2900
f 2915//2915 2939//2939 2913//2913
f 3502//3502 2933//2933 2932//2932
f 3513//3513 3503//3503 3502//3502
f 3514//3514 3507//3507 3597//3597
f 3599//3599 3614//3614 3598//3598
f 3598//3598 3614//3614 3615//3615
f 7041//7041 7051//7051 7025//7025
f 7062//7062 7214//7214 7056//7056
f 7214//7214 7219//7219 7065//7065
f 7065//7065 7219//7219 7218//7218
f 7065//7065 7218//7218 7066//7066
f 7066//7066 7221//7221 7216//7216
f 7066//7066 7218//7218 7221//7221
f 7216//7216 7221//7221 7215//7215
f 7216//7216 7215//7215 7064//7064
f 7215//7215 7063//7063 7064//7064
f 7061//7061 7064//7064 7063//7063
f 7055//7055 7061//7061 7060//7060
f 7047//7047 7043//7043 3640//3640
f 7042//7042 3637//3637 7043//7043
f 3565//3565 3559//3559 3564//3564
f 3564//3564 3560//3560 3563//3563
f 6961//6961 6976//6976 6979//6979
f 6976//6976 7070//7070 7076//7076
f 7075//7075 7084//7084 7076//7076
f 7085//7085 7084//7084 7075//7075
f 7075//7075 7093//7093 7085//7085
f 7106//7106 7277//7277 7105//7105
f 7277//7277 7275//7275 7276//7276
f 7106//7106 7275//7275 7277//7277
f 7271//7271 7287//7287 7273//7273
f 7274//7274 7271//7271 7273//7273
f 7286//7286 7287//7287 7271//7271
f 6923//6923 7146//7146 7284//7284
f 6916//6916 7140//7140 7144//7144
f 7140//7140 6909//6909 6910//6910
f 6916//6916 6909//6909 7140//7140
f 6908//6908 6910//6910 6909//6909
f 6908//6908 6733//6733 6902//6902
f 6902//6902 6910//6910 6908//6908
f 6716//6716 6730//6730 6729//6729
f 6717//6717 6730//6730 6716//6716
f 6713//6713 3249//3249 6717//6717
f 6713//6713 3245//3245 3249//3249
f 3242//3242 3247//3247 3241//3241
f 3130//3130 3226//3226 3129//3129
f 3124//3124 3130//3130 3125//3125
f 3114//3114 3126//3126 3124//3124
f 3115//3115 3126//3126 3114//3114
f 3075//3075 3115//3115 3114//3114
f 3075//3075 3114//3114 3074//3074
f 3073//3073 3075//3075 3074//3074
f 3073//3073 3074//3074 3069//3069
f 3064//3064 3091//3091 3066//3066
f 3091//3091 3064//3064 3065//3065
f 3052//3052 3091//3091 3053//3053
f 3052//3052 3085//3085 3086//3086
f 3087//3087 3089//3089 3085//3085
f 3088//3088 3188//3188 3087//3087
f 3088//3088 3186//3186 3187//3187
f 3186//3186 3185//3185 3187//3187
f 3149//3149 3205//3205 3185//3185
f 3149//3149 3155//3155 3205//3205
f 6635//6635 6638//6638 3159//3159
f 6754//6754 6753//6753 6755//6755
f 6818//6818 6812//6812 6799//6799
f 6821//6821 6671//6671 6672//6672
f 6653//6653 3174//3174 3177//3177
f 3177//3177 3174//3174 3162//3162
f 3161//3161 3162//3162 3172//3172
f 3160//3160 3161//3161 3172//3172
f 3160//3160 1704//1704 3032//3032
f 3032//3032 1700//1700 1635//1635
f 1615//1615 1613//1613 1616//1616
f 1613//1613 1607//1607 1608//1608
f 1607//1607 1606//1606 1609//1609
f 1604//1604 1603//1603 1291//1291
f 1254//1254 1250//1250 1255//1255
f 1251//1251 1250//1250 1254//1254
f 1185//1185 1186//1186 1188//1188
f 1186//1186 1187//1187 1190//1190
f 1190//1190 1188//1188 1186//1186
f 1231//1231 1235//1235 1189//1189
f 1252//1252 1249//1249 1239//1239
f 1187//1187 276//276 1190//1190
f 276//276 272//272 1190//1190
f 1188//1188 351//351 1189//1189
f 1231//1231 1189//1189 351//351
f 1235//1235 1231//1231 1238//1238
f 1243//1243 1251//1251 1252//1252
f 351//351 1188//1188 1190//1190
f 276//276 260//260 271//271
f 1190//1190 272//272 351//351
f 351//351 1237//1237 1231//1231
f 1242//1242 1238//1238 1239//1239
f 1252//1252 1239//1239 1243//1243
f 1238//1238 1231//1231 1237//1237
f 272//272 276//276 271//271
f 1240//1240 1243//1243 1239//1239
f 352//352 1237//1237 351//351
f 277//277 273//273 278//278
f 277//277 278//278 350//350
f 1244//1244 1240//1240 354//354
f 354//354 1240//1240 1241//1241
f 273//273 275//275 278//278
f 343//343 350//350 278//278
f 351//351 350//350 343//343
f 351//351 344//344 352//352
f 353//353 1237//1237 352//352
f 363//363 1244//1244 354//354
f 354//354 1241//1241 353//353
f 351//351 343//343 344//344
f 278//278 342//342 343//343
f 352//352 344//344 353//353
f 346//346 354//354 353//353
f 338//338 344//344 343//343
f 345//345 346//346 353//353
f 347//347 363//363 354//354
f 354//354 346//346 347//347
f 367//367 370//370 373//373
f 370//370 371//371 374//374
f 1921//1921 1922//1922 1923//1923
f 1923//1923 1920//1920 1921//1921
f 2363//2363 1923//1923 1922//1922
f 2534//2534 2393//2393 2531//2531
f 6015//6015 6028//6028 6016//6016
f 2554//2554 6015//6015 6016//6016
f 2981//2981 1600//1600 2982//2982
f 1598//1598 1601//1601 1600//1600
f 1598//1598 1600//1600 2971//2971
f 1598//1598 1283//1283 1282//1282
f 1282//1282 1601//1601 1598//1598
f 1598//1598 1281//1281 1283//1283
f 1283//1283 1286//1286 1287//1287
f 1286//1286 1289//1289 1288//1288
f 1288//1288 1287//1287 1286//1286
f 1289//1289 2803//2803 1288//1288
f 1288//1288 2803//2803 1290//1290
f 1290//1290 2803//2803 1293//1293
f 2803//2803 2804//2804 1293//1293
f 2805//2805 2807//2807 1608//1608
f 1608//1608 2807//2807 2986//2986
f 1616//1616 1608//1608 2986//2986
f 1616//1616 3016//3016 3017//3017
f 3017//3017 3016//3016 3028//3028
f 3016//3016 3018//3018 3028//3028
f 3163//3163 3161//3161 3039//3039
f 3177//3177 3173//3173 3176//3176
f 6757//6757 6826//6826 6756//6756
f 6814//6814 6815//6815 6816//6816
f 6816//6816 6815//6815 6808//6808
f 6812//6812 6816//6816 6808//6808
f 6808//6808 6809//6809 6812//6812
f 6812//6812 6809//6809 6813//6813
f 6806//6806 6807//6807 6811//6811
f 6827//6827 6754//6754 6829//6829
f 6692//6692 6754//6754 6827//6827
f 6678//6678 6648//6648 6677//6677
f 3206//3206 3208//3208 6677//6677
f 3209//3209 3206//3206 6677//6677
f 3210//3210 3207//3207 3191//3191
f 3191//3191 3206//3206 3210//3210
f 3089//3089 3189//3189 3190//3190
f 3090//3090 3089//3089 3190//3190
f 3076//3076 3094//3094 3096//3096
f 3077//3077 3076//3076 3097//3097
f 3232//3232 3243//3243 3242//3242
f 3243//3243 3248//3248 3249//3249
f 6718//6718 6993//6993 6734//6734
f 6996//6996 7125//7125 6735//6735
f 6735//6735 6734//6734 6996//6996
f 7128//7128 7130//7130 7126//7126
f 7141//7141 7130//7130 7128//7128
f 7128//7128 7129//7129 7141//7141
f 7141//7141 7129//7129 7139//7139
f 7142//7142 7141//7141 7139//7139
f 7145//7145 7142//7142 7139//7139
f 7139//7139 7134//7134 7145//7145
f 7134//7134 7143//7143 7145//7145
f 7143//7143 7146//7146 7145//7145
f 7148//7148 7146//7146 7143//7143
f 7104//7104 7105//7105 7278//7278
f 7105//7105 7101//7101 7106//7106
f 7105//7105 7112//7112 7101//7101
f 7112//7112 7102//7102 7101//7101
f 7113//7113 7107//7107 7102//7102
f 7107//7107 7108//7108 7082//7082
f 7084//7084 7082//7082 7083//7083
f 7084//7084 7083//7083 7077//7077
f 7078//7078 7076//7076 7077//7077
f 6964//6964 6977//6977 6978//6978
f 3563//3563 6960//6960 7007//7007
f 7007//7007 3564//3564 3563//3563
f 3631//3631 3634//3634 3633//3633
f 3631//3631 3630//3630 3638//3638
f 7045//7045 3632//3632 3623//3623
f 3623//3623 3648//3648 7045//7045
f 3623//3623 3624//3624 3648//3648
f 3628//3628 3641//3641 3648//3648
f 3641//3641 3642//3642 7052//7052
f 3642//3642 3541//3541 3643//3643
f 3541//3541 3540//3540 3643//3643
f 3522//3522 3524//3524 3523//3523
f 2925//2925 3505//3505 2961//2961
f 2921//2921 2929//2929 2925//2925
f 2864//2864 2926//2926 2921//2921
f 2864//2864 2921//2921 2866//2866
f 2865//2865 2858//2858 2867//2867
f 2868//2868 2867//2867 2858//2858
f 2858//2858 2859//2859 2868//2868
f 2859//2859 2860//2860 2868//2868
f 2860//2860 2859//2859 2850//2850
f 2860//2860 2850//2850 2852//2852
f 2861//2861 2860//2860 2852//2852
f 2847//2847 2848//2848 2852//2852
f 2861//2861 2852//2852 2848//2848
f 2876//2876 2862//2862 2848//2848
f 2876//2876 2847//2847 2877//2877
f 2877//2877 2851//2851 2878//2878
f 2887//2887 2876//2876 2877//2877
f 2895//2895 2887//2887 2894//2894
f 2939//2939 2904//2904 2913//2913
f 2939//2939 2940//2940 2904//2904
f 2940//2940 2939//2939 2945//2945
f 3503//3503 3510//3510 3507//3507
f 3507//3507 3514//3514 3504//3504
f 3514//3514 3515//3515 3504//3504
f 3598//3598 3511//3511 3515//3515
f 3615//3615 3614//3614 3647//3647
f 7051//7051 3647//3647 7025//7025
f 7051//7051 7041//7041 7054//7054
f 7056//7056 7065//7065 7053//7053
f 7056//7056 7214//7214 7065//7065
f 7066//7066 7216//7216 7064//7064
f 3649//3649 7064//7064 7061//7061
f 7061//7061 7055//7055 3649//3649
f 7045//7045 7055//7055 7049//7049
f 7050//7050 3639//3639 7049//7049
f 7050//7050 7044//7044 3639//3639
f 7044//7044 7047//7047 3640//3640
f 3637//3637 3635//3635 3636//3636
f 3605//3605 3636//3636 3589//3589
f 3589//3589 3565//3565 3605//3605
f 3564//3564 3605//3605 3565//3565
f 6960//6960 3563//3563 3562//3562
f 3561//3561 6959//6959 6960//6960
f 6963//6963 6960//6960 6959//6959
f 6962//6962 6964//6964 6963//6963
f 6961//6961 6977//6977 6962//6962
f 7084//7084 7085//7085 7082//7082
f 7094//7094 7085//7085 7093//7093
f 7276//7276 7278//7278 7277//7277
f 7273//7273 7278//7278 7276//7276
f 7276//7276 7274//7274 7273//7273
f 7288//7288 7286//7286 7284//7284
f 7146//7146 7288//7288 7284//7284
f 7146//7146 6923//6923 7147//7147
f 6923//6923 7144//7144 7147//7147
f 7140//7140 7147//7147 7144//7144
f 7140//7140 6910//6910 7130//7130
f 6902//6902 6733//6733 6730//6730
f 6730//6730 6735//6735 6902//6902
f 6718//6718 6717//6717 3249//3249
f 3247//3247 3242//3242 3245//3245
f 3241//3241 3137//3137 3232//3232
f 3232//3232 3242//3242 3241//3241
f 3226//3226 3130//3130 3137//3137
f 3126//3126 3115//3115 3127//3127
f 3115//3115 3075//3075 3078//3078
f 3079//3079 3078//3078 3075//3075
f 3073//3073 3079//3079 3075//3075
f 3072//3072 3079//3079 3073//3073
f 3080//3080 3079//3079 3072//3072
f 3072//3072 3071//3071 3080//3080
f 3071//3071 3066//3066 3081//3081
f 3092//3092 3066//3066 3091//3091
f 3052//3052 3090//3090 3091//3091
f 3086//3086 3090//3090 3052//3052
f 3086//3086 3085//3085 3089//3089
f 3188//3188 3089//3089 3087//3087
f 3188//3188 3088//3088 3187//3187
f 3187//3187 3185//3185 3191//3191
f 3205//3205 3191//3191 3185//3185
f 3208//3208 3155//3155 3159//3159
f 6638//6638 3208//3208 3159//3159
f 6647//6647 6652//6652 6691//6691
f 6807//6807 6813//6813 6810//6810
f 6816//6816 6818//6818 6800//6800
f 6802//6802 6816//6816 6800//6800
f 6657//6657 6669//6669 6668//6668
f 6654//6654 6657//6657 6656//6656
f 6654//6654 3177//3177 3176//3176
f 6654//6654 6653//6653 3177//3177
f 3032//3032 3033//3033 3160//3160
f 3030//3030 1634//1634 1615//1615
f 1635//1635 1634//1634 3030//3030
f 1608//1608 1616//1616 1613//1613
f 1606//1606 1605//1605 1609//1609
f 1291//1291 1290//1290 1605//1605
f 1291//1291 1605//1605 1604//1604
f 1292//1292 1288//1288 1291//1291
f 1602//1602 1285//1285 1603//1603
f 1272//1272 1255//1255 1264//1264
f 1240//1240 1244//1244 1243//1243
f 1240//1240 1238//1238 1241//1241
f 350//350 351//351 272//272
f 277//277 350//350 272//272
f 272//272 273//273 277//277
f 1238//1238 1237//1237 1241//1241
f 349//349 358//358 361//361
f 366//366 368//368 362//362
f 373//373 366//366 367//367
f 373//373 370//370 374//374
f 418//418 374//374 371//371
f 416//416 418//418 371//371
f 1916//1916 417//417 1920//1920
f 2363//2363 2377//2377 2366//2366
f 2378//2378 2366//2366 2377//2377
f 2379//2379 2393//2393 2378//2378
f 2393//2393 2534//2534 2533//2533
f 6009//6009 2533//2533 2534//2534
f 6009//6009 2534//2534 6011//6011
f 6011//6011 6018//6018 6009//6009
f 6018//6018 6034//6034 4364//4364
f 6018//6018 4364//4364 6015//6015
f 6015//6015 2554//2554 2555//2555
f 3001//3001 3002//3002 3006//3006
f 3000//3000 3001//3001 3006//3006
f 3000//3000 2981//2981 2983//2983
f 2983//2983 2982//2982 2969//2969
f 2983//2983 2981//2981 2982//2982
f 1599//1599 2982//2982 1600//1600
f 1601//1601 1599//1599 1600//1600
f 1284//1284 1599//1599 1601//1601
f 1282//1282 1284//1284 1601//1601
f 1287//1287 1282//1282 1283//1283
f 1288//1288 1290//1290 1291//1291
f 1293//1293 2805//2805 1609//1609
f 1609//1609 2805//2805 1607//1607
f 1607//1607 2805//2805 1608//1608
f 3028//3028 3030//3030 3017//3017
f 3029//3029 1635//1635 3028//3028
f 1635//1635 3029//3029 3033//3033
f 3033//3033 3034//3034 3160//3160
f 3160//3160 3034//3034 3161//3161
f 6654//6654 6658//6658 6657//6657
f 6672//6672 6671//6671 6669//6669
f 6672//6672 6674//6674 6821//6821
f 6814//6814 6802//6802 6788//6788
f 6816//6816 6802//6802 6814//6814
f 6810//6810 6813//6813 6809//6809
f 6810//6810 6811//6811 6807//6807
f 6754//6754 6755//6755 6829//6829
f 6754//6754 6692//6692 6751//6751
f 6691//6691 6652//6652 6692//6692
f 6691//6691 6648//6648 6647//6647
f 6678//6678 6638//6638 6648//6648
f 6678//6678 6677//6677 3208//3208
f 3206//3206 3205//3205 3208//3208
f 3207//3207 3192//3192 3191//3191
f 3189//3189 3089//3089 3188//3188
f 3089//3089 3090//3090 3086//3086
f 3101//3101 3092//3092 3090//3090
f 3093//3093 3092//3092 3101//3101
f 3093//3093 3094//3094 3081//3081
f 3081//3081 3094//3094 3082//3082
f 3094//3094 3076//3076 3082//3082
f 3082//3082 3076//3076 3077//3077
f 3077//3077 3079//3079 3082//3082
f 3078//3078 3079//3079 3077//3077
f 3099//3099 3078//3078 3077//3077
f 3127//3127 3131//3131 3126//3126
f 3126//3126 3131//3131 3136//3136
f 3136//3136 3124//3124 3126//3126
f 3137//3137 3124//3124 3136//3136
f 3137//3137 3136//3136 3229//3229
f 3245//3245 3242//3242 3243//3243
f 3249//3249 3245//3245 3243//3243
f 6902//6902 6735//6735 7125//7125
f 7125//7125 7126//7126 6902//6902
f 7147//7147 7141//7141 7142//7142
f 7145//7145 7146//7146 7142//7142
f 7148//7148 7288//7288 7146//7146
f 7287//7287 7288//7288 7148//7148
f 7148//7148 7149//7149 7287//7287
f 7279//7279 7287//7287 7149//7149
f 7149//7149 7103//7103 7279//7279
f 7278//7278 7279//7279 7103//7103
f 7278//7278 7103//7103 7104//7104
f 7102//7102 7107//7107 7085//7085
f 7107//7107 7082//7082 7085//7085
f 6976//6976 7076//7076 7078//7078
f 6979//6979 6976//6976 7078//7078
f 6977//6977 6964//6964 6962//6962
f 3605//3605 3564//3564 3603//3603
f 3603//3603 3634//3634 3605//3605
f 3634//3634 3631//3631 3637//3637
f 3637//3637 3631//3631 3638//3638
f 7044//7044 3640//3640 3638//3638
f 7044//7044 3638//3638 3639//3639
f 3639//3639 3632//3632 7045//7045
f 7045//7045 3648//3648 7055//7055
f 7055//7055 7052//7052 3649//3649
f 3649//3649 7066//7066 7064//7064
f 3646//3646 7066//7066 3649//3649
f 3646//3646 3650//3650 7065//7065
f 7065//7065 7066//7066 3646//3646
f 7065//7065 3650//3650 7053//7053
f 7051//7051 7054//7054 3644//3644
f 3647//3647 7051//7051 3644//3644
f 3615//3615 3625//3625 3598//3598
f 3625//3625 3511//3511 3598//3598
f 3505//3505 3515//3515 3511//3511
f 3504//3504 3515//3515 3505//3505
f 3504//3504 2936//2936 3507//3507
f 2934//2934 2933//2933 3502//3502
f 2930//2930 2874//2874 2932//2932
f 2874//2874 2875//2875 2927//2927
f 2869//2869 2870//2870 2928//2928
f 2870//2870 2904//2904 2940//2940
f 2895//2895 2913//2913 2904//2904
f 2913//2913 2895//2895 2894//2894
f 2869//2869 2927//2927 2875//2875
f 2874//2874 2930//2930 2922//2922
f 2922//2922 2933//2933 2931//2931
f 2930//2930 2933//2933 2922//2922
f 2933//2933 2934//2934 2931//2931
f 2935//2935 2931//2931 2934//2934
f 2934//2934 3503//3503 2935//2935
f 2935//2935 3503//3503 3507//3507
f 3507//3507 2936//2936 2935//2935
f 3615//3615 3647//3647 3644//3644
f 7056//7056 3644//3644 7054//7054
f 7053//7053 3645//3645 7056//7056
f 3615//3615 3644//3644 3625//3625
f 3522//3522 3511//3511 3625//3625
f 2961//2961 3511//3511 3522//3522
f 2961//2961 3505//3505 3511//3511
f 2936//2936 3504//3504 2926//2926
f 2936//2936 2923//2923 2935//2935
f 2935//2935 2923//2923 2924//2924
f 2931//2931 2935//2935 2924//2924
f 2873//2873 2931//2931 2924//2924
f 2922//2922 2931//2931 2873//2873
f 2874//2874 2871//2871 2875//2875
f 2869//2869 2875//2875 2871//2871
f 2904//2904 2870//2870 2862//2862
f 2862//2862 2895//2895 2904//2904
f 2895//2895 2876//2876 2887//2887
f 2895//2895 2862//2862 2876//2876
f 2848//2848 2862//2862 2870//2870
f 2869//2869 2848//2848 2870//2870
f 2871//2871 2848//2848 2869//2869
f 2871//2871 2874//2874 2872//2872
f 2873//2873 2872//2872 2874//2874
f 2922//2922 2873//2873 2874//2874
f 2873//2873 2924//2924 2867//2867
f 2923//2923 2936//2936 2926//2926
f 2929//2929 2926//2926 3504//3504
f 3625//3625 3644//3644 3522//3522
f 3645//3645 3522//3522 3644//3644
f 3650//3650 3645//3645 7053//7053
f 3646//3646 3649//3649 3643//3643
f 3646//3646 3645//3645 3650//3650
f 3646//3646 3643//3643 3626//3626
f 3646//3646 3626//3626 3645//3645
f 3626//3626 3627//3627 3645//3645
f 3522//3522 3645//3645 3627//3627
f 3627//3627 3524//3524 3522//3522
f 3505//3505 2925//2925 2929//2929
f 2929//2929 2921//2921 2926//2926
f 2861//2861 2871//2871 2872//2872
f 2848//2848 2871//2871 2861//2861
f 2872//2872 2860//2860 2861//2861
f 2873//2873 2860//2860 2872//2872
f 2868//2868 2860//2860 2873//2873
f 2868//2868 2873//2873 2867//2867
f 2867//2867 2924//2924 2923//2923
f 2923//2923 2865//2865 2867//2867
f 2923//2923 2926//2926 2864//2864
f 2864//2864 2865//2865 2923//2923
f 3649//3649 7052//7052 3642//3642
f 3643//3643 3649//3649 3642//3642
f 3626//3626 3643//3643 3540//3540
f 3505//3505 2929//2929 3504//3504
f 3644//3644 7056//7056 3645//3645
f 2940//2940 2928//2928 2870//2870
f 2927//2927 2932//2932 2874//2874
f 2932//2932 2933//2933 2930//2930
f 3502//3502 3503//3503 2934//2934
f 7056//7056 7054//7054 7062//7062
f 7045//7045 7049//7049 3639//3639
f 7043//7043 3638//3638 3640//3640
f 3637//3637 3638//3638 7043//7043
f 3634//3634 3637//3637 3636//3636
f 3605//3605 3634//3634 3636//3636
f 6979//6979 6977//6977 6961//6961
f 7076//7076 7084//7084 7077//7077
f 7094//7094 7102//7102 7085//7085
f 7094//7094 7101//7101 7102//7102
f 7278//7278 7105//7105 7277//7277
f 7278//7278 7273//7273 7279//7279
f 7279//7279 7273//7273 7287//7287
f 7287//7287 7286//7286 7288//7288
f 7147//7147 7142//7142 7146//7146
f 7147//7147 7140//7140 7141//7141
f 7141//7141 7140//7140 7130//7130
f 7126//7126 7130//7130 6910//6910
f 6902//6902 7126//7126 6910//6910
f 6735//6735 6730//6730 6734//6734
f 6734//6734 6717//6717 6718//6718
f 6734//6734 6730//6730 6717//6717
f 6718//6718 3249//3249 3248//3248
f 3137//3137 3229//3229 3232//3232
f 3137//3137 3130//3130 3124//3124
f 3099//3099 3127//3127 3078//3078
f 3078//3078 3127//3127 3115//3115
f 3082//3082 3079//3079 3080//3080
f 3071//3071 3082//3082 3080//3080
f 3081//3081 3082//3082 3071//3071
f 3093//3093 3081//3081 3066//3066
f 3066//3066 3092//3092 3093//3093
f 3092//3092 3091//3091 3090//3090
f 3189//3189 3187//3187 3192//3192
f 3188//3188 3187//3187 3189//3189
f 3187//3187 3191//3191 3192//3192
f 3205//3205 3206//3206 3191//3191
f 3205//3205 3155//3155 3208//3208
f 3208//3208 6638//6638 6678//6678
f 6652//6652 6751//6751 6692//6692
f 6755//6755 6805//6805 6806//6806
f 6816//6816 6812//6812 6818//6818
f 6824//6824 6821//6821 6674//6674
f 3164//3164 3173//3173 3177//3177
f 3177//3177 3162//3162 3164//3164
f 3163//3163 3164//3164 3162//3162
f 3161//3161 3163//3163 3162//3162
f 3033//3033 3032//3032 1635//1635
f 3030//3030 3028//3028 1635//1635
f 3030//3030 1615//1615 3017//3017
f 3017//3017 1615//1615 1616//1616
f 1609//1609 1605//1605 1293//1293
f 1605//1605 1290//1290 1293//1293
f 1292//1292 1287//1287 1288//1288
f 1292//1292 1282//1282 1287//1287
f 1273//1273 1282//1282 1292//1292
f 1273//1273 1292//1292 1291//1291
f 1291//1291 1276//1276 1273//1273
f 1291//1291 1603//1603 1276//1276
f 1243//1243 1250//1250 1251//1251
f 1244//1244 1250//1250 1243//1243
f 349//349 361//361 347//347
f 1245//1245 362//362 368//368
f 373//373 368//368 366//366
f 416//416 417//417 1916//1916
f 1920//1920 1924//1924 1916//1916
f 1924//1924 1920//1920 1923//1923
f 1923//1923 2363//2363 2365//2365
f 2366//2366 2365//2365 2363//2363
f 2393//2393 2533//2533 2535//2535
f 2533//2533 6009//6009 2555//2555
f 6018//6018 2555//2555 6009//6009
f 2555//2555 6018//6018 6015//6015
f 2535//2535 2533//2533 2555//2555
f 2555//2555 2554//2554 2535//2535
f 2400//2400 2535//2535 2554//2554
f 2538//2538 3006//3006 3002//3002
f 3000//3000 2984//2984 3001//3001
f 2983//2983 2984//2984 3000//3000
f 1599//1599 1277//1277 2969//2969
f 1599//1599 2969//2969 2982//2982
f 1278//1278 1277//1277 1599//1599
f 1278//1278 1599//1599 1284//1284
f 1282//1282 1273//1273 1284//1284
f 1273//1273 1275//1275 1274//1274
f 1275//1275 1273//1273 1276//1276
f 1276//1276 1603//1603 1285//1285
f 1250//1250 1264//1264 1255//1255
f 1246//1246 361//361 362//362
f 362//362 1245//1245 1246//1246
f 373//373 1247//1247 368//368
f 1279//1279 1916//1916 1924//1924
f 1923//1923 1925//1925 1924//1924
f 1925//1925 1923//1923 2365//2365
f 2393//2393 2535//2535 2399//2399
f 2400//2400 2538//2538 3002//3002
f 2984//2984 3002//3002 3001//3001
f 2984//2984 2983//2983 2970//2970
f 2983//2983 2969//2969 2787//2787
f 1276//1276 1272//1272 1275//1275
f 1272//1272 1276//1276 1285//1285
f 1247//1247 1261//1261 1250//1250
f 1250//1250 1244//1244 1247//1247
f 361//361 363//363 347//347
f 361//361 1246//1246 363//363
f 1246//1246 1245//1245 1244//1244
f 1247//1247 1244//1244 1245//1245
f 368//368 1247//1247 1245//1245
f 373//373 1248//1248 1247//1247
f 373//373 374//374 1266//1266
f 1266//1266 1248//1248 373//373
f 416//416 1267//1267 418//418
f 1267//1267 416//416 1916//1916
f 1916//1916 1279//1279 1267//1267
f 2399//2399 2378//2378 2393//2393
f 2399//2399 2535//2535 2400//2400
f 2400//2400 3002//3002 2399//2399
f 2984//2984 2399//2399 3002//3002
f 2787//2787 2970//2970 2983//2983
f 1277//1277 2787//2787 2969//2969
f 1268//1268 1278//1278 1273//1273
f 1273//1273 1274//1274 1269//1269
f 1269//1269 1268//1268 1273//1273
f 1274//1274 1265//1265 1269//1269
f 1263//1263 1274//1274 1275//1275
f 1272//1272 1264//1264 1275//1275
f 1250//1250 1261//1261 1264//1264
f 1247//1247 1248//1248 1261//1261
f 1262//1262 1261//1261 1248//1248
f 1248//1248 1266//1266 1262//1262
f 1266//1266 374//374 418//418
f 1266//1266 418//418 1267//1267
f 1280//1280 1279//1279 1924//1924
f 2366//2366 2984//2984 2365//2365
f 2984//2984 2366//2366 2378//2378
f 2378//2378 2399//2399 2984//2984
f 2970//2970 2365//2365 2984//2984
f 1277//1277 1280//1280 2787//2787
f 1271//1271 1280//1280 1277//1277
f 1277//1277 1278//1278 1271//1271
f 1271//1271 1278//1278 1268//1268
f 1265//1265 1274//1274 1263//1263
f 1263//1263 1275//1275 1264//1264
f 1261//1261 1263//1263 1264//1264
f 1262//1262 1266//1266 1270//1270
f 1266//1266 1267//1267 1270//1270
f 1271//1271 1267//1267 1279//1279
f 1271//1271 1279//1279 1280//1280
f 1924//1924 2787//2787 1280//1280
f 2787//2787 1924//1924 1925//1925
f 1925//1925 2970//2970 2787//2787
f 2970//2970 1925//1925 2365//2365
f 1271//1271 1268//1268 1267//1267
f 1268//1268 1269//1269 1270//1270
f 1269//1269 1265//1265 1262//1262
f 1262//1262 1270//1270 1269//1269
f 1265//1265 1263//1263 1262//1262
f 1261//1261 1262//1262 1263//1263
f 1270//1270 1267//1267 1268//1268
f 1244//1244 363//363 1246//1246
f 1278//1278 1284//1284 1273//1273
f 3648//3648 3641//3641 7052//7052
f 345//345 353//353 344//344
f 353//353 1241//1241 1237//1237
f 1238//1238 1240//1240 1239//1239
f 1249//1249 1242//1242 1239//1239
f 1235//1235 1238//1238 1242//1242
f 1253//1253 1249//1249 1251//1251
f 1249//1249 1252//1252 1251//1251
f 276//276 1187//1187 263//263
f 276//276 263//263 260//260
f 2900//2900 2898//2898 2899//2899
f 2899//2899 2911//2911 2900//2900
f 2917//2917 2918//2918 2911//2911
f 2915//2915 2913//2913 2912//2912
f 2944//2944 2957//2957 2915//2915
f 2927//2927 3509//3509 2932//2932
f 3509//3509 3512//3512 3502//3502
f 3513//3513 3597//3597 3510//3510
f 3515//3515 3597//3597 3613//3613
f 2907//2907 2888//2888 2893//2893
f 2889//2889 2888//2888 2907//2907
f 2907//2907 2910//2910 2889//2889
f 2910//2910 2909//2909 2897//2897
f 2909//2909 2908//2908 2896//2896
f 2908//2908 2951//2951 2916//2916
f 2916//2916 2951//2951 2952//2952
f 2948//2948 2952//2952 2956//2956
f 2947//2947 2948//2948 2956//2956
f 2960//2960 2964//2964 2957//2957
f 2957//2957 3518//3518 3516//3516
f 3506//3506 3508//3508 2927//2927
f 3508//3508 3591//3591 3509//3509
f 3594//3594 3509//3509 3591//3591
f 3512//3512 3594//3594 3596//3596
f 7226//7226 7228//7228 7232//7232
f 7232//7232 7228//7228 7229//7229
f 7229//7229 7230//7230 7231//7231
f 7217//7217 7231//7231 7224//7224
f 7217//7217 7224//7224 7213//7213
f 7057//7057 7060//7060 7059//7059
f 7057//7057 7059//7059 7058//7058
f 7050//7050 7049//7049 7057//7057
f 3635//3635 7042//7042 6989//6989
f 6989//6989 3588//3588 3635//3635
f 3585//3585 3589//3589 3635//3635
f 6959//6959 6958//6958 6963//6963
f 6962//6962 6963//6963 6958//6958
f 7070//7070 7075//7075 7076//7076
f 7093//7093 7092//7092 7100//7100
f 7075//7075 7092//7092 7093//7093
f 7100//7100 7099//7099 7269//7269
f 7272//7272 7275//7275 7270//7270
f 7282//7282 7274//7274 7272//7272
f 7282//7282 7283//7283 7274//7274
f 7264//7264 7263//7263 7285//7285
f 6914//6914 6916//6916 6923//6923
f 6915//6915 6916//6916 6914//6914
f 6906//6906 6901//6901 6908//6908
f 6732//6732 6731//6731 6729//6729
f 6729//6729 6714//6714 6716//6716
f 6713//6713 6716//6716 6712//6712
f 6712//6712 3246//3246 3247//3247
f 3241//3241 3247//3247 3230//3230
f 3225//3225 3226//3226 3241//3241
f 3129//3129 3222//3222 3128//3128
f 3128//3128 3122//3122 3125//3125
f 3123//3123 3068//3068 3118//3118
f 3117//3117 3068//3068 3123//3123
f 3118//3118 3069//3069 3074//3074
f 3118//3118 3068//3068 3069//3069
f 3073//3073 3069//3069 3067//3067
f 3070//3070 3073//3073 3067//3067
f 3062//3062 3070//3070 3067//3067
f 3061//3061 3070//3070 3062//3062
f 3064//3064 3060//3060 3065//3065
f 3053//3053 3051//3051 3052//3052
f 3051//3051 3046//3046 3050//3050
f 3050//3050 3084//3084 3085//3085
f 3084//3084 3050//3050 3048//3048
f 3088//3088 3087//3087 3083//3083
f 3155//3155 3149//3149 3154//3154
f 6651//6651 6750//6750 6652//6652
f 6652//6652 6647//6647 6651//6651
f 6807//6807 6817//6817 6813//6813
f 6817//6817 6799//6799 6813//6813
f 6756//6756 6787//6787 6757//6757
f 6788//6788 6787//6787 6756//6756
f 6757//6757 6823//6823 6824//6824
f 6671//6671 6821//6821 6820//6820
f 6656//6656 6655//6655 6653//6653
f 6667//6667 6655//6655 6656//6656
f 6653//6653 5240//5240 3174//3174
f 6655//6655 5240//5240 6653//6653
f 3174//3174 5240//5240 3175//3175
f 1712//1712 1708//1708 3172//3172
f 1708//1708 1703//1703 1704//1704
f 1700//1700 1634//1634 1635//1635
f 1607//1607 1612//1612 1606//1606
f 1613//1613 1612//1612 1607//1607
f 1285//1285 1602//1602 1597//1597
f 1251//1251 1254//1254 1259//1259
f 1259//1259 1253//1253 1251//1251
f 1185//1185 1189//1189 1191//1191
f 1191//1191 1184//1184 1185//1185
f 1187//1187 1186//1186 263//263
f 260//260 263//263 262//262
f 1186//1186 1185//1185 1183//1183
f 1606//1606 1602//1602 1604//1604
f 1634//1634 1632//1632 1615//1615
f 1704//1704 3172//3172 1708//1708
f 1712//1712 3174//3174 3175//3175
f 6656//6656 6668//6668 6667//6667
f 6671//6671 6668//6668 6669//6669
f 6821//6821 6824//6824 6823//6823
f 6751//6751 6652//6652 6750//6750
f 3186//3186 3088//3088 3083//3083
f 3125//3125 3129//3129 3128//3128
f 3129//3129 3226//3226 3225//3225
f 6712//6712 3247//3247 3245//3245
f 6908//6908 6909//6909 6906//6906
f 6922//6922 7285//7285 7263//7263
f 7271//7271 7264//7264 7286//7286
f 7275//7275 7269//7269 7270//7270
f 6976//6976 6961//6961 6974//6974
f 7049//7049 7060//7060 7057//7057
f 7231//7231 7217//7217 7221//7221
f 7218//7218 7229//7229 7231//7231
f 7219//7219 7226//7226 7232//7232
f 7034//7034 7165//7165 7039//7039
f 7167//7167 7035//7035 7039//7039
f 7174//7174 7175//7175 7040//7040
f 7234//7234 7237//7237 7204//7204
f 7234//7234 7203//7203 7235//7235
f 7203//7203 7233//7233 7235//7235
f 7235//7235 7233//7233 7225//7225
f 7209//7209 7213//7213 7212//7212
f 7057//7057 7002//7002 7046//7046
f 7058//7058 7002//7002 7057//7057
f 6989//6989 6988//6988 3587//3587
f 7074//7074 7075//7075 7070//7070
f 7074//7074 7072//7072 7091//7091
f 7091//7091 7092//7092 7074//7074
f 7099//7099 7097//7097 7098//7098
f 7091//7091 7097//7097 7099//7099
f 7098//7098 7266//7266 7268//7268
f 7266//7266 7265//7265 7268//7268
f 7267//7267 7248//7248 7280//7280
f 7280//7280 7257//7257 7281//7281
f 7256//7256 7257//7257 7280//7280
f 7281//7281 7255//7255 7258//7258
f 7257//7257 7255//7255 7281//7281
f 7255//7255 7254//7254 7258//7258
f 7262//7262 7260//7260 6920//6920
f 6920//6920 6913//6913 6921//6921
f 6907//6907 6914//6914 6905//6905
f 6898//6898 6906//6906 6907//6907
f 6905//6905 6898//6898 6907//6907
f 6899//6899 6906//6906 6898//6898
f 6900//6900 6899//6899 6728//6728
f 6715//6715 6731//6731 6728//6728
f 3246//3246 6712//6712 6714//6714
f 3128//3128 3222//3222 3121//3121
f 3117//3117 3063//3063 3068//3068
f 3055//3055 2841//2841 3061//3061
f 2840//2840 2837//2837 3047//3047
f 3047//3047 2837//2837 3045//3045
f 3043//3043 3048//3048 3045//3045
f 3049//3049 2993//2993 3083//3083
f 3158//3158 6634//6634 6637//6637
f 6637//6637 6635//6635 3158//3158
f 6646//6646 6651//6651 6647//6647
f 6752//6752 6751//6751 6750//6750
f 6753//6753 6752//6752 6803//6803
f 6804//6804 6753//6753 6803//6803
f 6782//6782 6805//6805 6804//6804
f 6797//6797 6799//6799 6798//6798
f 6787//6787 6785//6785 6786//6786
f 6787//6787 6801//6801 6785//6785
f 6666//6666 6667//6667 6670//6670
f 1708//1708 1712//1712 1711//1711
f 1612//1612 1629//1629 1610//1610
f 1259//1259 1586//1586 1253//1253
f 260//260 262//262 259//259
f 7164//7164 7166//7166 7165//7165
f 7038//7038 7161//7161 7163//7163
f 7161//7161 7030//7030 7179//7179
f 7179//7179 7180//7180 7161//7161
f 7182//7182 7184//7184 7222//7222
f 7222//7222 7184//7184 7157//7157
f 7132//7132 7133//7133 7137//7137
f 6987//6987 3579//3579 3582//3582
f 3553//3553 3551//3551 3549//3549
f 3556//3556 6957//6957 3557//3557
f 3556//3556 6954//6954 6957//6957
f 6955//6955 6690//6690 6965//6965
f 6954//6954 6690//6690 6955//6955
f 6705//6705 6701//6701 6700//6700
f 6705//6705 6703//6703 6860//6860
f 6700//6700 6703//6703 6705//6705
f 6860//6860 6858//6858 6859//6859
f 6703//6703 6858//6858 6860//6860
f 6863//6863 6869//6869 6864//6864
f 6876//6876 6889//6889 6869//6869
f 6883//6883 6875//6875 6880//6880
f 6879//6879 6875//6875 6883//6883
f 6880//6880 6873//6873 6884//6884
f 6884//6884 6881//6881 6880//6880
f 6884//6884 6855//6855 6878//6878
f 6878//6878 6855//6855 6857//6857
f 6857//6857 6856//6856 6895//6895
f 6894//6894 6893//6893 6724//6724
f 6724//6724 6720//6720 6725//6725
f 6725//6725 6720//6720 6721//6721
f 6720//6720 6710//6710 6721//6721
f 6721//6721 6710//6710 6707//6707
f 3237//3237 3234//3234 3235//3235
f 3038//3038 3119//3119 3042//3042
f 2829//2829 2824//2824 2827//2827
f 2818//2818 2814//2814 2977//2977
f 2815//2815 2814//2814 2818//2818
f 6632//6632 3156//3156 3152//3152
f 6640//6640 6639//6639 6643//6643
f 6739//6739 6738//6738 6743//6743
f 6642//6642 6738//6738 6739//6739
f 6775//6775 6771//6771 6789//6789
f 6774//6774 6771//6771 6775//6775
f 7243//7243 5874//5874 6793//6793
f 5874//5874 5875//5875 6793//6793
f 5371//5371 5370//5370 5247//5247
f 5370//5370 5245//5245 5246//5246
f 1594//1594 1618//1618 1593//1593
f 1563//1563 1256//1256 1565//1565
f 1233//1233 1256//1256 1563//1563
f 1179//1179 1182//1182 1176//1176
f 1177//1177 1179//1179 1176//1176
f 1620//1620 1626//1626 1625//1625
f 5371//5371 5362//5362 5361//5361
f 5863//5863 6793//6793 5875//5875
f 7087//7087 7111//7111 7162//7162
f 7137//7137 7154//7154 7153//7153
f 6986//6986 6982//6982 6983//6983
f 3575//3575 3570//3570 3577//3577
f 3543//3543 3549//3549 3544//3544
f 6688//6688 6686//6686 6699//6699
f 3168//3168 3171//3171 3169//3169
f 3026//3026 3021//3021 3022//3022
f 3021//3021 2994//2994 2995//2995
f 2824//2824 2829//2829 2802//2802
f 2823//2823 2786//2786 2816//2816
f 3004//3004 3003//3003 2999//2999
f 2999//2999 3007//3007 3004//3004
f 3007//3007 3005//3005 3008//3008
f 2553//2553 6008//6008 3150//3150
f 6030//6030 6029//6029 6641//6641
f 6736//6736 6741//6741 6737//6737
f 5357//5357 7239//7239 6768//6768
f 7240//7240 7239//7239 5849//5849
f 5849//5849 7241//7241 7240//7240
f 7242//7242 7241//7241 5852//5852
f 5871//5871 5872//5872 5910//5910
f 5910//5910 5870//5870 5871//5871
f 5869//5869 5876//5876 5861//5861
f 5876//5876 5857//5857 5859//5859
f 5366//5366 5856//5856 5359//5359
f 1694//1694 1695//1695 1697//1697
f 1683//1683 1694//1694 1693//1693
f 1227//1227 1229//1229 1228//1228
f 7011//7011 3610//3610 3602//3602
f 2905//2905 2903//2903 2942//2942
f 2942//2942 2949//2949 2905//2905
f 2919//2919 2949//2949 2953//2953
f 2953//2953 2955//2955 2950//2950
f 2951//2951 2955//2955 2965//2965
f 2965//2965 2968//2968 2954//2954
f 3533//3533 3593//3593 3506//3506
f 3602//3602 3601//3601 3607//3607
f 3607//3607 7010//7010 3609//3609
f 7120//7120 7111//7111 7114//7114
f 7119//7119 7120//7120 7114//7114
f 7003//7003 7135//7135 7127//7127
f 3572//3572 3573//3573 3574//3574
f 3573//3573 3566//3566 3574//3574
f 3202//3202 3201//3201 3199//3199
f 6833//6833 6693//6693 6692//6692
f 6834//6834 6833//6833 6832//6832
f 6839//6839 6841//6841 6845//6845
f 3170//3170 3167//3167 3169//3169
f 3167//3167 3040//3040 3166//3166
f 3037//3037 3036//3036 3035//3035
f 2801//2801 2800//2800 2802//2802
f 2789//2789 2784//2784 2785//2785
f 5892//5892 5894//5894 5850//5850
f 5908//5908 5909//5909 5907//5907
f 5907//5907 5906//5906 5908//5908
f 5854//5854 5866//5866 5853//5853
f 5356//5356 5364//5364 5855//5855
f 5332//5332 5331//5331 5233//5233
f 1212//1212 1181//1181 1174//1174
f 2941//2941 2937//2937 2946//2946
f 2966//2966 2959//2959 3525//3525
f 2967//2967 2966//2966 3526//3526
f 3533//3533 3534//3534 3619//3619
f 3622//3622 3533//3533 3619//3619
f 7013//7013 6978//6978 7014//7014
f 7115//7115 7104//7104 7117//7117
f 6984//6984 6985//6985 6993//6993
f 3566//3566 3573//3573 3231//3231
f 3135//3135 3228//3228 3132//3132
f 3134//3134 3135//3135 3132//3132
f 3199//3199 3200//3200 3095//3095
f 3214//3214 3213//3213 3194//3194
f 3211//3211 3214//3214 3212//3212
f 6679//6679 3211//3211 3210//3210
f 6828//6828 6829//6829 6832//6832
f 6659//6659 6665//6665 6657//6657
f 3181//3181 6659//6659 6658//6658
f 3178//3178 3181//3181 3176//3176
f 3176//3176 3173//3173 3178//3178
f 3173//3173 3165//3165 3170//3170
f 3020//3020 3035//3035 3031//3031
f 2810//2810 2809//2809 2812//2812
f 2785//2785 2799//2799 2795//2795
f 2979//2979 2973//2973 2978//2978
f 5846//5846 5841//5841 4825//4825
f 5847//5847 5846//5846 5845//5845
f 5845//5845 5892//5892 5847//5847
f 5904//5904 5889//5889 5903//5903
f 5864//5864 5839//5839 5853//5853
f 5356//5356 5853//5853 5839//5839
f 5232//5232 5229//5229 5233//5233
f 5229//5229 5232//5232 5226//5226
f 1690//1690 1686//1686 1691//1691
f 1207//1207 237//237 234//234
f 5883//5883 5884//5884 5890//5890
f 5890//5890 5884//5884 5901//5901
f 5884//5884 5887//5887 5901//5901
f 5888//5888 5886//5886 5889//5889
f 5838//5838 5355//5355 5839//5839
f 5353//5353 5355//5355 5352//5352
f 5334//5334 5328//5328 5329//5329
f 5328//5328 5232//5232 5329//5329
f 5225//5225 5232//5232 5231//5231
f 1646//1646 1648//1648 1582//1582
f 1582//1582 1648//1648 1585//1585
f 2902//2902 2863//2863 2866//2866
f 3519//3519 2962//2962 3523//3523
f 3523//3523 3524//3524 3519//3519
f 3524//3524 3531//3531 3519//3519
f 3619//3619 3620//3620 3630//3630
f 3630//3630 3629//3629 3619//3619
f 3608//3608 3604//3604 7008//7008
f 7108//7108 7086//7086 7083//7083
f 7110//7110 7109//7109 7107//7107
f 7115//7115 7113//7113 7112//7112
f 7134//7134 7136//7136 7143//7143
f 7129//7129 7128//7128 6997//6997
f 7125//7125 6996//6996 6994//6994
f 6814//6814 6758//6758 6759//6759
f 2972//2972 2788//2788 1281//1281
f 2998//2998 3138//3138 3005//3005
f 2552//2552 3006//3006 2538//2538
f 4819//4819 4815//4815 4816//4816
f 4831//4831 4819//4819 4816//4816
f 4831//4831 4801//4801 4820//4820
f 4801//4801 4393//4393 4394//4394
f 4393//4393 4390//4390 4394//4394
f 4391//4391 4394//4394 4390//4390
f 4379//4379 4391//4391 4390//4390
f 4379//4379 4321//4321 4383//4383
f 4317//4317 4321//4321 4316//4316
f 4317//4317 4325//4325 4324//4324
f 4327//4327 4324//4324 4325//4325
f 4733//4733 4327//4327 4730//4730
f 4730//4730 4763//4763 4733//4733
f 4766//4766 4618//4618 4768//4768
f 4618//4618 4619//4619 4620//4620
f 4547//4547 5590//5590 5594//5594
f 5085//5085 5080//5080 5091//5091
f 4959//4959 4921//4921 4960//4960
f 4921//4921 4914//4914 4915//4915
f 1341//1341 1405//1405 1412//1412
f 1340//1340 1405//1405 1341//1341
f 140//140 130//130 136//136
f 140//140 137//137 47//47
f 139//139 53//53 138//138
f 49//49 59//59 50//50
f 59//59 58//58 50//50
f 58//58 59//59 134//134
f 138//138 48//48 137//137
f 167//167 166//166 178//178
f 177//177 1133//1133 178//178
f 1347//1347 1133//1133 177//177
f 1414//1414 1416//1416 1407//1407
f 1439//1439 1417//1417 1444//1444
f 4915//4915 1439//1439 1444//1444
f 4963//4963 4918//4918 4916//4916
f 4965//4965 4936//4936 4941//4941
f 4924//4924 4934//4934 4926//4926
f 4934//4934 4937//4937 4926//4926
f 4934//4934 4936//4936 4937//4937
f 5085//5085 5063//5063 5080//5080
f 5091//5091 5086//5086 5085//5085
f 5606//5606 4553//4553 4554//4554
f 4914//4914 4959//4959 4957//4957
f 4966//4966 4965//4965 4964//4964
f 4965//4965 4967//4967 4936//4936
f 4967//4967 4937//4937 4936//4936
f 5063//5063 5085//5085 5061//5061
f 5091//5091 5590//5590 5591//5591
f 5087//5087 5061//5061 5085//5085
f 5057//5057 5061//5061 5058//5058
f 4963//4963 4916//4916 4968//4968
f 4966//4966 4964//4964 4963//4963
f 4966//4966 4955//4955 4965//4965
f 4926//4926 4937//4937 4901//4901
f 1448//1448 4924//4924 4926//4926
f 4910//4910 4901//4901 4937//4937
f 4937//4937 4967//4967 4954//4954
f 4955//4955 4954//4954 4965//4965
f 5086//5086 5091//5091 5591//5591
f 4553//4553 4555//4555 4545//4545
f 4543//4543 4555//4555 4546//4546
f 4555//4555 4543//4543 4545//4545
f 5591//5591 4547//4547 4459//4459
f 4460//4460 5591//5591 4459//4459
f 5088//5088 5087//5087 5085//5085
f 4957//4957 4959//4959 5054//5054
f 4955//4955 4909//4909 4954//4954
f 4909//4909 4910//4910 4954//4954
f 4926//4926 4901//4901 1448//1448
f 1446//1446 4924//4924 1448//1448
f 4901//4901 4910//4910 4902//4902
f 4966//4966 4968//4968 4956//4956
f 5081//5081 5058//5058 5061//5061
f 5087//5087 5081//5081 5061//5061
f 4460//4460 5587//5587 5591//5591
f 4547//4547 4545//4545 4459//4459
f 4543//4543 4544//4544 4545//4545
f 4903//4903 4909//4909 4906//4906
f 1449//1449 1448//1448 4904//4904
f 4928//4928 4925//4925 4927//4927
f 4928//4928 4927//4927 1452//1452
f 4922//4922 4928//4928 1452//1452
f 1446//1446 1452//1452 4927//4927
f 4903//4903 4906//4906 4905//4905
f 4906//4906 4938//4938 4935//4935
f 4909//4909 4938//4938 4906//4906
f 4957//4957 5054//5054 5055//5055
f 5054//5054 5058//5058 5078//5078
f 3918//3918 5587//5587 4460//4460
f 3918//3918 5588//5588 5587//5587
f 4460//4460 4459//4459 3910//3910
f 5041//5041 4956//4956 5049//5049
f 5055//5055 5060//5060 5056//5056
f 5081//5081 5087//5087 5089//5089
f 5088//5088 5588//5588 5090//5090
f 5089//5089 5088//5088 5090//5090
f 4956//4956 4968//4968 5049//5049
f 4935//4935 4911//4911 4907//4907
f 5082//5082 5081//5081 5089//5089
f 3919//3919 5090//5090 5588//5588
f 3919//3919 5588//5588 3918//3918
f 3910//3910 3918//3918 4460//4460
f 5082//5082 5078//5078 5081//5081
f 5078//5078 5079//5079 5054//5054
f 5055//5055 5054//5054 5079//5079
f 5055//5055 5079//5079 5060//5060
f 5078//5078 5082//5082 5083//5083
f 3910//3910 3911//3911 3918//3918
f 5049//5049 5056//5056 5060//5060
f 4935//4935 4905//4905 4906//4906
f 1434//1434 4903//4903 4905//4905
f 4905//4905 4935//4935 4907//4907
f 5066//5066 5060//5060 5079//5079
f 5078//5078 5083//5083 5084//5084
f 5090//5090 3919//3919 3920//3920
f 3919//3919 3918//3918 3911//3911
f 5582//5582 5090//5090 3920//3920
f 5079//5079 5078//5078 5084//5084
f 5066//5066 5079//5079 5084//5084
f 5048//5048 5060//5060 5066//5066
f 5041//5041 5049//5049 5048//5048
f 4956//4956 5042//5042 4911//4911
f 4956//4956 5041//5041 5042//5042
f 3920//3920 4455//4455 5582//5582
f 1450//1450 1447//1447 1449//1449
f 5042//5042 5041//5041 5043//5043
f 5083//5083 5082//5082 5584//5584
f 5583//5583 5584//5584 5082//5082
f 5582//5582 4455//4455 5583//5583
f 3913//3913 3919//3919 3911//3911
f 3913//3913 3920//3920 3919//3919
f 3921//3921 4455//4455 3920//3920
f 5083//5083 5585//5585 5084//5084
f 5043//5043 5041//5041 5050//5050
f 4952//4952 4911//4911 5042//5042
f 4908//4908 4907//4907 4911//4911
f 5075//5075 5048//5048 5066//5066
f 5585//5585 5076//5076 5066//5066
f 5066//5066 5084//5084 5585//5585
f 5584//5584 5585//5585 5083//5083
f 5583//5583 5586//5586 5584//5584
f 5048//5048 5067//5067 5050//5050
f 4953//4953 4952//4952 5042//5042
f 5043//5043 4953//4953 5042//5042
f 5075//5075 5067//5067 5048//5048
f 5066//5066 5076//5076 5075//5075
f 3921//3921 3920//3920 3913//3913
f 3914//3914 3921//3921 3913//3913
f 5585//5585 5584//5584 5576//5576
f 5051//5051 5043//5043 5050//5050
f 5076//5076 5585//5585 5572//5572
f 4451//4451 3921//3921 3914//3914
f 4454//4454 4455//4455 3921//3921
f 5586//5586 5576//5576 5584//5584
f 5051//5051 4953//4953 5043//5043
f 4908//4908 4952//4952 4912//4912
f 4455//4455 4464//4464 5583//5583
f 4451//4451 4454//4454 3921//3921
f 5572//5572 5075//5075 5076//5076
f 5067//5067 5075//5075 5069//5069
f 5068//5068 5050//5050 5067//5067
f 4953//4953 4912//4912 4952//4952
f 5051//5051 5050//5050 5068//5068
f 5067//5067 5069//5069 5068//5068
f 5576//5576 5575//5575 5572//5572
f 5586//5586 5577//5577 5576//5576
f 5583//5583 4464//4464 5589//5589
f 4464//4464 4455//4455 4454//4454
f 5583//5583 5589//5589 5586//5586
f 5577//5577 5586//5586 5589//5589
f 5577//5577 5575//5575 5576//5576
f 5572//5572 5573//5573 5075//5075
f 5573//5573 5069//5069 5075//5075
f 5573//5573 5572//5572 5575//5575
f 5577//5577 5589//5589 5578//5578
f 5577//5577 5578//5578 5575//5575
f 5069//5069 5573//5573 5077//5077
f 5051//5051 5052//5052 5039//5039
f 4908//4908 1435//1435 4907//4907
f 1437//1437 4908//4908 4912//4912
f 4945//4945 4912//4912 4953//4953
f 5039//5039 4945//4945 4953//4953
f 5574//5574 5573//5573 5575//5575
f 5069//5069 5053//5053 5068//5068
f 5579//5579 5574//5574 5575//5575
f 5575//5575 5578//5578 5579//5579
f 4464//4464 4454//4454 4462//4462
f 4469//4469 5589//5589 4464//4464
f 5574//5574 5077//5077 5573//5573
f 5077//5077 5071//5071 5069//5069
f 5053//5053 5069//5069 5071//5071
f 5039//5039 5052//5052 5053//5053
f 5574//5574 5074//5074 5077//5077
f 4462//4462 4472//4472 4464//4464
f 5579//5579 5578//5578 5580//5580
f 5574//5574 5579//5579 5581//5581
f 5053//5053 5047//5047 5039//5039
f 5039//5039 4949//4949 4945//4945
f 4894//4894 1437//1437 4912//4912
f 4907//4907 1435//1435 1436//1436
f 5581//5581 5074//5074 5574//5574
f 5578//5578 4470//4470 5580//5580
f 4470//4470 5578//5578 4469//4469
f 4464//4464 4472//4472 4469//4469
f 5579//5579 5580//5580 5581//5581
f 5039//5039 5047//5047 5040//5040
f 5040//5040 4949//4949 5039//5039
f 5569//5569 5074//5074 5581//5581
f 4469//4469 4467//4467 4470//4470
f 4467//4467 4469//4469 4472//4472
f 4472//4472 4466//4466 4467//4467
f 5580//5580 4445//4445 5581//5581
f 5071//5071 5070//5070 5064//5064
f 5047//5047 5053//5053 5064//5064
f 4945//4945 4949//4949 4946//4946
f 1435//1435 1431//1431 1436//1436
f 4908//4908 1437//1437 1435//1435
f 4945//4945 4899//4899 4894//4894
f 5569//5569 5070//5070 5074//5074
f 5569//5569 5581//5581 5570//5570
f 4471//4471 5580//5580 4470//4470
f 4467//4467 4468//4468 4470//4470
f 5580//5580 4471//4471 4445//4445
f 4445//4445 5570//5570 5581//5581
f 5047//5047 5064//5064 5044//5044
f 5040//5040 4950//4950 4949//4949
f 1437//1437 1433//1433 1435//1435
f 1436//1436 1409//1409 1434//1434
f 1450//1450 1434//1434 1409//1409
f 5044//5044 4951//4951 5040//5040
f 4468//4468 4471//4471 4470//4470
f 4444//4444 4436//4436 4445//4445
f 4951//4951 5044//5044 5036//5036
f 4950//4950 4895//4895 4946//4946
f 1427//1427 1424//1424 4894//4894
f 4894//4894 1424//1424 1437//1437
f 1424//1424 1433//1433 1437//1437
f 1436//1436 1431//1431 1402//1402
f 1402//1402 1409//1409 1436//1436
f 1447//1447 1450//1450 1445//1445
f 4895//4895 4950//4950 4947//4947
f 5045//5045 5036//5036 5044//5044
f 5064//5064 5070//5070 5072//5072
f 5571//5571 5570//5570 4436//4436
f 4471//4471 4468//4468 4444//4444
f 4444//4444 4435//4435 4436//4436
f 5065//5065 5064//5064 5072//5072
f 5065//5065 5045//5045 5064//5064
f 1452//1452 1446//1446 1451//1451
f 1452//1452 1451//1451 4922//4922
f 1446//1446 1447//1447 1451//1451
f 1409//1409 1410//1410 1445//1445
f 1432//1432 1402//1402 1431//1431
f 1433//1433 1424//1424 1401//1401
f 1427//1427 4895//4895 1428//1428
f 4895//4895 4947//4947 4900//4900
f 5065//5065 5037//5037 5045//5045
f 4432//4432 5571//5571 4436//4436
f 5073//5073 3895//3895 5065//5065
f 4951//4951 4943//4943 4947//4947
f 4900//4900 1430//1430 1429//1429
f 1402//1402 1338//1338 1409//1409
f 4922//4922 1451//1451 4929//4929
f 4922//4922 4929//4929 4930//4930
f 4928//4928 4922//4922 4930//4930
f 4927//4927 4924//4924 1446//1446
f 4925//4925 4924//4924 4927//4927
f 1451//1451 1445//1445 1410//1410
f 1421//1421 1398//1398 1424//1424
f 4943//4943 4900//4900 4947//4947
f 4943//4943 5036//5036 5037//5037
f 5046//5046 5065//5065 3895//3895
f 4432//4432 4430//4430 3896//3896
f 3896//3896 3894//3894 4432//4432
f 3894//3894 3893//3893 5073//5073
f 3893//3893 3895//3895 5073//5073
f 1429//1429 1422//1422 1428//1428
f 1428//1428 1422//1422 1421//1421
f 1401//1401 1424//1424 1398//1398
f 1432//1432 1394//1394 1402//1402
f 1442//1442 1451//1451 1410//1410
f 4943//4943 4897//4897 4900//4900
f 5038//5038 5037//5037 5046//5046
f 3895//3895 3863//3863 5046//5046
f 4429//4429 3896//3896 4430//4430
f 3896//3896 3893//3893 3894//3894
f 3895//3895 3893//3893 3889//3889
f 3863//3863 5038//5038 5046//5046
f 4943//4943 5037//5037 4948//4948
f 4896//4896 1430//1430 4900//4900
f 1422//1422 1398//1398 1421//1421
f 1398//1398 1337//1337 1401//1401
f 1442//1442 1410//1410 1438//1438
f 1451//1451 1442//1442 4929//4929
f 1398//1398 1422//1422 1399//1399
f 1430//1430 1422//1422 1429//1429
f 4897//4897 4896//4896 4900//4900
f 5038//5038 4948//4948 5037//5037
f 3889//3889 3863//3863 3895//3895
f 1399//1399 1392//1392 1398//1398
f 1398//1398 1336//1336 1337//1337
f 1338//1338 1402//1402 1395//1395
f 1402//1402 1394//1394 1395//1395
f 1337//1337 1394//1394 1401//1401
f 4896//4896 1425//1425 1430//1430
f 4948//4948 5038//5038 3790//3790
f 3893//3893 3888//3888 3889//3889
f 3896//3896 3892//3892 3893//3893
f 3856//3856 3857//3857 3863//3863
f 3857//3857 3790//3790 5038//5038
f 4896//4896 4897//4897 4893//4893
f 4893//4893 1425//1425 4896//4896
f 1425//1425 1423//1423 1430//1430
f 1404//1404 1410//1410 1409//1409
f 1409//1409 1338//1338 1403//1403
f 1392//1392 1336//1336 1398//1398
f 1423//1423 1425//1425 1418//1418
f 4893//4893 4897//4897 4898//4898
f 4897//4897 4944//4944 4898//4898
f 3889//3889 3861//3861 3856//3856
f 3888//3888 3861//3861 3889//3889
f 3739//3739 4898//4898 4944//4944
f 1418//1418 1400//1400 1423//1423
f 1392//1392 1334//1334 1336//1336
f 1337//1337 1331//1331 1394//1394
f 1395//1395 1394//1394 1332//1332
f 1409//1409 1403//1403 1404//1404
f 1410//1410 1408//1408 1417//1417
f 1415//1415 1342//1342 1407//1407
f 1341//1341 1407//1407 1325//1325
f 1134//1134 1133//1133 1348//1348
f 1129//1129 141//141 167//167
f 167//167 141//141 136//136
f 1106//1106 58//58 134//134
f 138//138 142//142 139//139
f 137//137 142//142 138//138
f 140//140 136//136 141//141
f 1135//1135 1129//1129 1134//1134
f 1325//1325 1348//1348 1341//1341
f 1342//1342 1325//1325 1407//1407
f 1346//1346 1342//1342 1415//1415
f 1408//1408 1346//1346 1415//1415
f 1408//1408 1410//1410 1404//1404
f 1332//1332 1394//1394 1331//1331
f 1392//1392 1399//1399 1335//1335
f 1335//1335 1399//1399 1400//1400
f 4944//4944 3790//3790 3786//3786
f 3789//3789 3790//3790 3857//3857
f 3789//3789 3857//3857 3855//3855
f 3857//3857 3856//3856 3855//3855
f 4893//4893 1426//1426 1420//1420
f 1425//1425 1420//1420 1396//1396
f 1335//1335 1400//1400 1393//1393
f 1334//1334 1307//1307 1336//1336
f 1338//1338 1395//1395 1332//1332
f 1336//1336 1308//1308 1337//1337
f 1335//1335 1334//1334 1392//1392
f 1393//1393 1418//1418 1390//1390
f 3788//3788 3789//3789 3855//3855
f 3786//3786 3785//3785 3740//3740
f 1419//1419 1420//1420 1426//1426
f 1339//1339 1338//1338 1332//1332
f 1346//1346 1343//1343 1342//1342
f 1342//1342 1343//1343 1324//1324
f 1342//1342 1324//1324 1325//1325
f 1324//1324 1318//1318 1325//1325
f 1317//1317 1318//1318 1324//1324
f 143//143 49//49 139//139
f 143//143 59//59 49//49
f 144//144 139//139 142//142
f 1343//1343 1319//1319 1324//1324
f 1129//1129 1135//1135 1130//1130
f 143//143 139//139 144//144
f 144//144 142//142 1109//1109
f 1110//1110 134//134 59//59
f 59//59 143//143 1111//1111
f 142//142 137//137 1109//1109
f 140//140 1112//1112 137//137
f 1112//1112 140//140 141//141
f 1319//1319 1317//1317 1324//1324
f 1320//1320 1319//1319 1343//1343
f 1344//1344 1404//1404 1345//1345
f 1331//1331 1301//1301 1332//1332
f 1308//1308 1331//1331 1337//1337
f 1336//1336 1307//1307 1308//1308
f 1329//1329 1334//1334 1335//1335
f 3736//3736 1426//1426 3739//3739
f 3739//3739 3740//3740 3736//3736
f 3789//3789 3788//3788 3785//3785
f 1393//1393 1326//1326 1330//1330
f 1330//1330 1329//1329 1335//1335
f 1329//1329 1307//1307 1334//1334
f 1300//1300 1301//1301 1331//1331
f 1393//1393 1390//1390 1326//1326
f 1396//1396 1391//1391 1390//1390
f 1391//1391 1396//1396 1397//1397
f 616//616 1426//1426 3736//3736
f 3735//3735 3740//3740 3785//3785
f 3735//3735 3736//3736 3740//3740
f 1339//1339 1332//1332 1301//1301
f 1346//1346 1344//1344 1343//1343
f 1317//1317 1319//1319 1135//1135
f 1109//1109 137//137 1112//1112
f 59//59 1111//1111 1110//1110
f 1320//1320 1343//1343 1344//1344
f 1135//1135 1319//1319 1131//1131
f 1323//1323 1345//1345 1403//1403
f 1403//1403 1339//1339 1323//1323
f 1308//1308 1299//1299 1331//1331
f 1330//1330 1306//1306 1329//1329
f 587//587 1397//1397 1419//1419
f 587//587 1419//1419 616//616
f 3736//3736 3735//3735 621//621
f 1306//1306 1295//1295 1329//1329
f 1299//1299 1300//1300 1331//1331
f 1128//1128 1111//1111 143//143
f 1323//1323 1321//1321 1345//1345
f 1308//1308 1307//1307 1298//1298
f 1326//1326 1328//1328 1304//1304
f 1326//1326 1333//1333 1328//1328
f 1391//1391 1327//1327 1333//1333
f 490//490 1391//1391 1397//1397
f 1397//1397 587//587 490//490
f 587//587 616//616 617//617
f 585//585 580//580 586//586
f 580//580 582//582 586//586
f 1328//1328 1305//1305 1303//1303
f 1296//1296 1304//1304 1303//1303
f 1296//1296 1294//1294 1304//1304
f 1306//1306 1294//1294 1295//1295
f 1302//1302 1339//1339 1301//1301
f 1312//1312 1132//1132 1320//1320
f 1319//1319 1132//1132 1131//1131
f 1128//1128 143//143 144//144
f 144//144 1109//1109 1128//1128
f 1315//1315 1322//1322 1339//1339
f 1299//1299 1298//1298 1102//1102
f 1097//1097 1298//1298 1295//1295
f 454//454 1305//1305 1327//1327
f 485//485 1327//1327 490//490
f 582//582 486//486 490//490
f 1298//1298 1097//1097 1101//1101
f 1102//1102 1298//1298 1101//1101
f 1315//1315 1339//1339 1302//1302
f 1312//1312 1309//1309 1132//1132
f 141//141 1130//1130 1128//1128
f 1112//1112 1128//1128 1109//1109
f 1111//1111 1130//1130 1131//1131
f 1323//1323 1339//1339 1322//1322
f 1323//1323 1322//1322 1321//1321
f 1321//1321 1312//1312 1320//1320
f 1310//1310 1315//1315 1314//1314
f 1315//1315 1302//1302 1314//1314
f 1094//1094 1097//1097 1295//1295
f 1303//1303 454//454 1296//1296
f 1305//1305 454//454 1303//1303
f 454//454 1327//1327 453//453
f 453//453 1327//1327 485//485
f 486//486 582//582 580//580
f 489//489 486//486 580//580
f 1322//1322 1315//1315 1313//1313
f 1322//1322 1313//1313 1311//1311
f 1311//1311 1309//1309 1312//1312
f 1130//1130 1111//1111 1128//1128
f 1111//1111 1131//1131 1132//1132
f 1312//1312 1322//1322 1311//1311
f 1322//1322 1312//1312 1321//1321
f 1115//1115 1111//1111 1132//1132
f 1115//1115 1132//1132 1309//1309
f 1102//1102 1300//1300 1299//1299
f 1098//1098 1101//1101 1097//1097
f 454//454 1297//1297 1296//1296
f 489//489 484//484 486//486
f 485//485 486//486 453//453
f 1297//1297 1095//1095 1296//1296
f 1095//1095 1094//1094 1296//1296
f 1097//1097 1094//1094 1093//1093
f 1302//1302 1103//1103 1314//1314
f 1309//1309 1311//1311 1114//1114
f 1311//1311 1313//1313 1114//1114
f 1315//1315 1316//1316 1313//1313
f 1310//1310 1316//1316 1315//1315
f 1314//1314 1120//1120 1310//1310
f 1301//1301 1300//1300 1302//1302
f 1098//1098 1099//1099 1101//1101
f 1093//1093 1098//1098 1097//1097
f 1297//1297 454//454 448//448
f 449//449 454//454 453//453
f 1094//1094 1095//1095 1093//1093
f 1102//1102 1101//1101 1099//1099
f 1104//1104 1302//1302 1300//1300
f 1316//1316 1114//1114 1313//1313
f 1114//1114 1115//1115 1309//1309
f 1115//1115 1110//1110 1111//1111
f 44//44 135//135 1106//1106
f 43//43 24//24 34//34
f 25//25 43//43 135//135
f 135//135 44//44 25//25
f 1104//1104 1103//1103 1302//1302
f 1300//1300 1102//1102 1104//1104
f 102//102 1095//1095 1297//1297
f 454//454 449//449 448//448
f 486//486 452//452 453//453
f 486//486 484//484 452//452
f 452//452 449//449 453//453
f 102//102 1297//1297 448//448
f 1093//1093 1095//1095 1096//1096
f 1105//1105 1104//1104 1102//1102
f 1314//1314 1100//1100 1121//1121
f 1120//1120 1314//1314 1121//1121
f 1098//1098 1093//1093 1082//1082
f 1095//1095 102//102 1096//1096
f 452//452 101//101 449//449
f 98//98 448//448 449//449
f 1310//1310 1120//1120 1119//1119
f 1310//1310 1119//1119 1117//1117
f 24//24 15//15 34//34
f 24//24 43//43 25//25
f 1106//1106 45//45 44//44
f 1316//1316 1117//1117 1114//1114
f 1114//1114 1116//1116 1108//1108
f 1107//1107 45//45 1106//1106
f 57//57 15//15 31//31
f 26//26 24//24 25//25
f 1116//1116 1114//1114 1117//1117
f 1117//1117 1316//1316 1310//1310
f 15//15 24//24 27//27
f 26//26 27//27 24//24
f 1116//1116 1118//1118 1106//1106
f 1118//1118 1116//1116 1117//1117
f 1100//1100 1314//1314 1103//1103
f 1103//1103 1104//1104 1092//1092
f 1099//1099 1105//1105 1102//1102
f 1084//1084 1099//1099 1098//1098
f 1098//1098 1082//1082 1083//1083
f 1096//1096 80//80 1093//1093
f 99//99 102//102 98//98
f 98//98 102//102 448//448
f 101//101 98//98 449//449
f 100//100 102//102 99//99
f 102//102 100//100 1096//1096
f 1081//1081 1093//1093 80//80
f 1082//1082 1093//1093 1081//1081
f 1098//1098 1083//1083 1084//1084
f 1105//1105 1099//1099 1085//1085
f 1118//1118 1107//1107 1106//1106
f 27//27 1//1 15//15
f 28//28 27//27 26//26
f 1117//1117 1119//1119 1118//1118
f 1103//1103 1092//1092 1100//1100
f 1104//1104 1105//1105 1092//1092
f 100//100 80//80 1096//1096
f 1105//1105 1085//1085 1092//1092
f 1092//1092 1087//1087 1088//1088
f 1123//1123 1120//1120 1121//1121
f 29//29 28//28 26//26
f 27//27 28//28 1//1
f 1//1 3//3 2//2
f 3//3 1//1 28//28
f 28//28 29//29 30//30
f 29//29 26//26 25//25
f 1120//1120 1125//1125 1119//1119
f 1092//1092 1088//1088 1100//1100
f 1081//1081 80//80 91//91
f 98//98 97//97 99//99
f 78//78 80//80 100//100
f 80//80 79//79 91//91
f 1085//1085 1084//1084 1086//1086
f 1087//1087 1092//1092 1085//1085
f 1085//1085 1086//1086 1087//1087
f 80//80 78//78 79//79
f 100//100 77//77 78//78
f 92//92 1081//1081 91//91
f 1083//1083 1081//1081 1086//1086
f 28//28 30//30 3//3
f 1123//1123 1125//1125 1120//1120
f 1100//1100 1089//1089 1122//1122
f 1088//1088 1089//1089 1100//1100
f 1083//1083 1086//1086 1084//1084
f 1081//1081 13//13 1086//1086
f 13//13 1081//1081 92//92
f 79//79 92//92 91//91
f 1100//1100 1122//1122 1121//1121
f 1121//1121 1122//1122 1123//1123
f 45//45 29//29 44//44
f 1124//1124 1118//1118 1119//1119
f 1087//1087 1090//1090 1088//1088
f 1090//1090 1087//1087 1086//1086
f 9//9 92//92 79//79
f 1123//1123 1113//1113 1125//1125
f 116//116 1118//1118 1124//1124
f 117//117 45//45 116//116
f 30//30 17//17 3//3
f 45//45 46//46 29//29
f 1124//1124 1119//1119 1125//1125
f 1113//1113 1123//1123 1122//1122
f 1090//1090 1086//1086 12//12
f 1086//1086 13//13 12//12
f 1089//1089 1088//1088 90//90
f 30//30 38//38 17//17
f 29//29 46//46 38//38
f 45//45 117//117 46//46
f 1124//1124 117//117 116//116
f 1125//1125 1126//1126 1124//1124
f 1088//1088 1090//1090 90//90
f 13//13 92//92 7//7
f 9//9 7//7 92//92
f 7//7 12//12 13//13
f 1089//1089 1091//1091 1122//1122
f 117//117 1124//1124 1126//1126
f 1127//1127 117//117 1113//1113
f 46//46 115//115 14//14
f 1113//1113 1126//1126 1125//1125
f 1091//1091 1113//1113 1122//1122
f 8//8 90//90 12//12
f 8//8 12//12 7//7
f 38//38 8//8 4//4
f 38//38 39//39 17//17
f 14//14 115//115 90//90
f 14//14 90//90 8//8
f 1127//1127 1113//1113 1091//1091
f 1091//1091 115//115 1127//1127
f 115//115 1091//1091 90//90
f 38//38 46//46 14//14
f 1091//1091 1089//1089 90//90
f 90//90 1090//1090 12//12
f 38//38 14//14 8//8
f 7//7 9//9 6//6
f 1126//1126 1113//1113 117//117
f 1127//1127 115//115 117//117
f 117//117 115//115 46//46
f 38//38 30//30 29//29
f 29//29 25//25 44//44
f 1107//1107 116//116 45//45
f 1118//1118 116//116 1107//1107
f 1085//1085 1099//1099 1084//1084
f 1083//1083 1082//1082 1081//1081
f 31//31 58//58 57//57
f 58//58 34//34 57//57
f 58//58 1106//1106 135//135
f 1116//1116 1106//1106 1108//1108
f 15//15 57//57 34//34
f 34//34 135//135 43//43
f 1115//1115 1108//1108 1110//1110
f 1108//1108 1115//1115 1114//1114
f 1294//1294 1296//1296 1094//1094
f 486//486 485//485 490//490
f 1094//1094 1295//1295 1294//1294
f 1333//1333 1305//1305 1328//1328
f 587//587 617//617 586//586
f 617//617 621//621 585//585
f 490//490 1327//1327 1391//1391
f 1299//1299 1308//1308 1298//1298
f 1295//1295 1298//1298 1307//1307
f 1304//1304 1328//1328 1303//1303
f 1327//1327 1305//1305 1333//1333
f 587//587 582//582 490//490
f 586//586 582//582 587//587
f 585//585 586//586 617//617
f 1294//1294 1306//1306 1304//1304
f 1128//1128 1112//1112 141//141
f 1135//1135 1131//1131 1130//1130
f 1319//1319 1320//1320 1132//1132
f 1344//1344 1321//1321 1320//1320
f 1321//1321 1344//1344 1345//1345
f 1326//1326 1304//1304 1330//1330
f 1391//1391 1333//1333 1390//1390
f 617//617 616//616 3736//3736
f 621//621 617//617 3736//3736
f 1390//1390 1333//1333 1326//1326
f 1304//1304 1306//1306 1330//1330
f 1295//1295 1307//1307 1329//1329
f 134//134 1110//1110 1108//1108
f 1404//1404 1403//1403 1345//1345
f 1403//1403 1338//1338 1339//1339
f 1330//1330 1335//1335 1393//1393
f 1396//1396 1420//1420 1397//1397
f 616//616 1419//1419 1426//1426
f 1420//1420 1419//1419 1397//1397
f 1130//1130 141//141 1129//1129
f 1317//1317 1135//1135 1134//1134
f 1134//1134 1348//1348 1318//1318
f 1318//1318 1348//1348 1325//1325
f 1344//1344 1408//1408 1404//1404
f 1344//1344 1346//1346 1408//1408
f 1134//1134 1318//1318 1317//1317
f 1418//1418 1396//1396 1390//1390
f 3740//3740 3739//3739 3786//3786
f 3786//3786 3789//3789 3785//3785
f 1396//1396 1418//1418 1425//1425
f 3739//3739 4944//4944 3786//3786
f 3786//3786 3790//3790 3789//3789
f 1426//1426 4898//4898 3739//3739
f 1426//1426 4893//4893 4898//4898
f 1420//1420 1425//1425 4893//4893
f 1393//1393 1400//1400 1418//1418
f 167//167 178//178 1129//1129
f 1347//1347 1348//1348 1133//1133
f 1412//1412 1414//1414 1341//1341
f 1407//1407 1341//1341 1414//1414
f 4921//4921 4959//4959 4914//4914
f 4914//4914 4957//4957 4916//4916
f 4965//4965 4941//4941 4964//4964
f 4925//4925 4934//4934 4924//4924
f 4939//4939 4928//4928 4930//4930
f 1415//1415 1417//1417 1408//1408
f 1341//1341 1348//1348 1347//1347
f 1133//1133 1134//1134 1129//1129
f 178//178 1133//1133 1129//1129
f 1347//1347 1340//1340 1341//1341
f 1407//1407 1416//1416 1415//1415
f 1415//1415 1416//1416 1417//1417
f 4914//4914 1439//1439 4915//4915
f 4930//4930 4929//4929 4932//4932
f 4931//4931 4932//4932 4929//4929
f 1442//1442 4931//4931 4929//4929
f 1442//1442 4923//4923 4931//4931
f 4936//4936 4939//4939 4941//4941
f 4925//4925 4939//4939 4934//4934
f 4925//4925 4928//4928 4939//4939
f 4923//4923 1443//1443 4933//4933
f 4933//4933 4940//4940 4932//4932
f 4941//4941 4930//4930 4932//4932
f 4917//4917 4940//4940 4933//4933
f 1443//1443 4917//4917 4933//4933
f 1443//1443 4923//4923 1442//1442
f 1443//1443 4914//4914 4913//4913
f 4939//4939 4930//4930 4941//4941
f 4932//4932 4940//4940 4941//4941
f 4913//4913 4917//4917 1443//1443
f 1443//1443 1439//1439 4914//4914
f 4916//4916 4913//4913 4914//4914
f 4918//4918 4913//4913 4916//4916
f 4963//4963 4942//4942 4918//4918
f 4963//4963 4964//4964 4942//4942
f 4941//4941 4942//4942 4964//4964
f 4941//4941 4940//4940 4942//4942
f 4940//4940 4917//4917 4942//4942
f 4918//4918 4917//4917 4913//4913
f 4918//4918 4942//4942 4917//4917
f 4934//4934 4939//4939 4936//4936
f 4931//4931 4923//4923 4933//4933
f 4931//4931 4933//4933 4932//4932
f 1410//1410 1439//1439 1438//1438
f 1439//1439 1410//1410 1417//1417
f 3790//3790 4944//4944 4948//4948
f 1422//1422 1400//1400 1399//1399
f 1423//1423 1400//1400 1422//1422
f 4948//4948 4944//4944 4897//4897
f 3857//3857 5038//5038 3863//3863
f 3863//3863 3889//3889 3856//3856
f 1422//1422 1430//1430 1423//1423
f 4948//4948 4897//4897 4943//4943
f 1432//1432 1401//1401 1394//1394
f 1445//1445 1451//1451 1447//1447
f 1432//1432 1433//1433 1401//1401
f 1427//1427 1421//1421 1424//1424
f 4895//4895 1429//1429 1428//1428
f 4900//4900 1429//1429 4895//4895
f 5036//5036 4943//4943 4951//4951
f 5037//5037 5036//5036 5045//5045
f 5046//5046 5037//5037 5065//5065
f 5072//5072 5571//5571 3894//3894
f 5571//5571 4432//4432 3894//3894
f 4432//4432 4436//4436 4430//4430
f 4430//4430 4436//4436 4435//4435
f 3894//3894 5073//5073 5072//5072
f 5072//5072 5073//5073 5065//5065
f 1427//1427 1428//1428 1421//1421
f 1427//1427 4899//4899 4895//4895
f 4950//4950 4951//4951 4947//4947
f 5070//5070 5571//5571 5072//5072
f 4444//4444 4468//4468 4435//4435
f 4443//4443 4435//4435 4468//4468
f 1445//1445 1450//1450 1409//1409
f 1435//1435 1432//1432 1431//1431
f 1432//1432 1435//1435 1433//1433
f 1427//1427 4894//4894 4899//4899
f 4949//4949 4950//4950 4946//4946
f 4445//4445 4436//4436 5570//5570
f 5571//5571 5569//5569 5570//5570
f 5571//5571 5070//5070 5569//5569
f 5045//5045 5044//5044 5064//5064
f 5040//5040 4951//4951 4950//4950
f 4895//4895 4899//4899 4946//4946
f 4444//4444 4445//4445 4471//4471
f 4946//4946 4899//4899 4945//4945
f 5044//5044 5040//5040 5047//5047
f 5071//5071 5064//5064 5053//5053
f 5071//5071 5074//5074 5070//5070
f 4907//4907 1436//1436 1434//1434
f 4894//4894 4912//4912 4945//4945
f 5074//5074 5071//5071 5077//5077
f 5052//5052 5068//5068 5053//5053
f 4469//4469 5578//5578 5589//5589
f 5051//5051 5039//5039 4953//4953
f 5052//5052 5051//5051 5068//5068
f 5585//5585 5576//5576 5572//5572
f 4911//4911 4952//4952 4908//4908
f 5048//5048 5050//5050 5041//5041
f 3913//3913 3911//3911 3912//3912
f 5583//5583 5082//5082 5582//5582
f 4907//4907 1434//1434 4905//4905
f 5060//5060 5048//5048 5049//5049
f 5582//5582 5082//5082 5089//5089
f 5582//5582 5089//5089 5090//5090
f 1448//1448 1447//1447 1446//1446
f 1447//1447 1448//1448 1449//1449
f 1450//1450 1449//1449 4904//4904
f 4904//4904 4903//4903 1450//1450
f 1434//1434 1450//1450 4903//4903
f 4902//4902 4904//4904 4901//4901
f 4910//4910 4909//4909 4902//4902
f 4935//4935 4938//4938 4955//4955
f 4966//4966 4935//4935 4955//4955
f 4966//4966 4956//4956 4911//4911
f 4916//4916 4957//4957 5056//5056
f 5055//5055 5056//5056 4957//4957
f 5054//5054 4959//4959 5058//5058
f 5078//5078 5058//5058 5081//5081
f 5087//5087 5088//5088 5089//5089
f 5587//5587 5588//5588 5088//5088
f 5056//5056 4968//4968 4916//4916
f 4935//4935 4966//4966 4911//4911
f 4909//4909 4903//4903 4902//4902
f 4901//4901 4904//4904 1448//1448
f 4902//4902 4903//4903 4904//4904
f 4968//4968 5056//5056 5049//5049
f 4955//4955 4938//4938 4909//4909
f 4968//4968 4966//4966 4963//4963
f 5088//5088 5085//5085 5086//5086
f 5088//5088 5086//5086 5587//5587
f 5587//5587 5086//5086 5591//5591
f 4554//4554 4553//4553 4545//4545
f 4547//4547 4554//4554 4545//4545
f 4954//4954 4910//4910 4937//4937
f 4967//4967 4965//4965 4954//4954
f 5058//5058 4959//4959 4960//4960
f 5057//5057 5063//5063 5061//5061
f 5590//5590 4547//4547 5591//5591
f 4555//4555 4553//4553 4558//4558
f 166//166 175//175 178//178
f 1441//1441 1414//1414 1411//1411
f 5100//5100 5104//5104 5102//5102
f 5592//5592 5593//5593 5104//5104
f 5685//5685 5682//5682 5689//5689
f 5685//5685 5689//5689 5686//5686
f 5687//5687 5681//5681 5686//5686
f 5686//5686 5680//5680 5685//5685
f 5685//5685 5680//5680 5607//5607
f 5607//5607 5683//5683 5685//5685
f 5604//5604 5595//5595 5596//5596
f 1347//1347 177//177 529//529
f 177//177 178//178 175//175
f 1414//1414 1412//1412 1411//1411
f 1441//1441 1444//1444 1414//1414
f 1441//1441 1480//1480 1444//1444
f 4961//4961 4921//4921 4958//4958
f 4962//4962 5062//5062 5059//5059
f 5062//5062 5092//5092 5100//5100
f 5104//5104 5593//5593 5102//5102
f 5593//5593 5592//5592 5596//5596
f 5102//5102 5080//5080 5100//5100
f 5062//5062 5100//5100 5080//5080
f 4920//4920 4958//4958 4921//4921
f 4961//4961 4960//4960 4921//4921
f 5080//5080 5063//5063 5062//5062
f 5595//5595 5593//5593 5596//5596
f 5594//5594 5683//5683 5607//5607
f 5080//5080 5102//5102 5101//5101
f 4961//4961 5059//5059 4960//4960
f 1480//1480 4920//4920 1444//1444
f 5059//5059 4961//4961 4962//4962
f 5605//5605 5683//5683 5594//5594
f 5685//5685 5683//5683 5682//5682
f 5062//5062 5063//5063 5057//5057
f 5681//5681 5680//5680 5686//5686
f 5690//5690 5692//5692 5693//5693
f 5596//5596 5600//5600 5608//5608
f 4962//4962 4919//4919 4969//4969
f 1480//1480 4969//4969 4919//4919
f 1340//1340 529//529 708//708
f 755//755 731//731 756//756
f 563//563 548//548 547//547
f 221//221 547//547 548//548
f 221//221 217//217 218//218
f 216//216 219//219 218//218
f 216//216 220//220 219//219
f 314//314 220//220 308//308
f 1197//1197 1194//1194 1193//1193
f 1197//1197 1170//1170 1206//1206
f 1206//1206 1170//1170 237//237
f 1205//1205 1206//1206 1207//1207
f 1210//1210 1205//1205 1208//1208
f 1566//1566 1580//1580 1578//1578
f 1583//1583 1584//1584 1580//1580
f 1645//1645 1651//1651 1650//1650
f 5158//5158 1689//1689 5155//5155
f 5159//5159 5227//5227 5228//5228
f 5163//5163 5228//5228 5231//5231
f 5231//5231 5328//5328 5253//5253
f 5334//5334 5349//5349 5350//5350
f 5833//5833 5834//5834 5347//5347
f 5835//5835 5831//5831 5837//5837
f 5837//5837 5877//5877 5835//5835
f 5835//5835 5877//5877 5878//5878
f 5879//5879 5880//5880 5881//5881
f 4396//4396 4404//4404 4815//4815
f 4391//4391 4379//4379 4392//4392
f 4322//4322 4383//4383 4321//4321
f 4322//4322 4321//4321 4317//4317
f 4322//4322 4317//4317 4323//4323
f 4317//4317 4324//4324 4323//4323
f 4324//4324 4327//4327 4328//4328
f 4327//4327 4733//4733 4745//4745
f 4733//4733 4763//4763 4765//4765
f 4763//4763 4766//4766 4765//4765
f 4768//4768 4765//4765 4766//4766
f 4620//4620 4613//4613 4627//4627
f 4613//4613 4614//4614 4627//4627
f 4617//4617 4627//4627 4614//4614
f 4617//4617 4614//4614 4608//4608
f 4617//4617 4608//4608 4609//4609
f 4558//4558 4608//4608 4607//4607
f 4555//4555 4558//4558 4607//4607
f 5103//5103 5091//5091 5101//5101
f 5101//5101 5091//5091 5080//5080
f 5057//5057 4960//4960 5059//5059
f 4915//4915 1444//1444 4920//4920
f 4920//4920 4921//4921 4915//4915
f 5059//5059 5062//5062 5057//5057
f 5604//5604 5605//5605 5595//5595
f 5681//5681 4608//4608 4558//4558
f 5681//5681 4558//4558 4553//4553
f 5680//5680 5681//5681 4553//4553
f 5607//5607 5680//5680 5606//5606
f 5605//5605 5594//5594 5590//5590
f 5593//5593 5103//5103 5102//5102
f 1444//1444 1416//1416 1414//1414
f 5101//5101 5102//5102 5103//5103
f 5593//5593 5595//5595 5103//5103
f 5590//5590 5595//5595 5605//5605
f 4554//4554 5594//5594 5607//5607
f 4554//4554 5607//5607 5606//5606
f 5606//5606 5680//5680 4553//4553
f 5689//5689 5690//5690 5691//5691
f 5690//5690 5693//5693 5695//5695
f 5592//5592 5600//5600 5596//5596
f 5093//5093 5094//5094 5105//5105
f 5094//5094 5093//5093 4985//4985
f 4985//4985 5093//5093 4984//4984
f 4984//4984 4962//4962 4969//4969
f 557//557 708//708 529//529
f 707//707 557//557 556//556
f 723//723 716//716 717//717
f 717//717 722//722 723//723
f 712//712 711//711 558//558
f 546//546 547//547 221//221
f 222//222 219//219 220//220
f 315//315 220//220 314//314
f 317//317 220//220 315//315
f 1194//1194 1196//1196 314//314
f 1209//1209 1197//1197 1206//1206
f 1209//1209 1206//1206 1205//1205
f 1205//1205 1210//1210 1209//1209
f 1215//1215 1210//1210 1211//1211
f 1566//1566 1573//1573 1560//1560
f 1578//1578 1573//1573 1566//1566
f 1651//1651 1654//1654 1689//1689
f 5334//5334 5269//5269 5333//5333
f 5269//5269 5334//5334 5350//5350
f 5348//5348 5834//5834 5831//5831
f 5836//5836 5835//5835 5878//5878
f 5832//5832 5878//5878 5879//5879
f 5881//5881 4804//4804 5879//5879
f 5881//5881 4833//4833 4804//4804
f 5844//5844 4832//4832 4833//4833
f 4832//4832 4826//4826 4819//4819
f 4815//4815 4819//4819 4826//4826
f 4815//4815 4826//4826 4396//4396
f 4832//4832 5843//5843 4826//4826
f 5348//5348 5347//5347 5834//5834
f 5342//5342 5347//5347 5348//5348
f 5342//5342 5354//5354 5347//5347
f 5354//5354 5342//5342 5349//5349
f 5342//5342 5351//5351 5349//5349
f 5351//5351 5350//5350 5349//5349
f 5231//5231 5253//5253 5163//5163
f 1648//1648 1654//1654 1651//1651
f 1644//1644 1584//1584 1583//1583
f 1558//1558 1554//1554 1560//1560
f 1553//1553 1215//1215 1211//1211
f 4831//4831 4832//4832 4819//4819
f 4833//4833 4831//4831 4820//4820
f 4820//4820 4801//4801 4802//4802
f 4394//4394 4802//4802 4801//4801
f 4379//4379 4383//4383 4392//4392
f 4383//4383 4322//4322 4384//4384
f 4328//4328 4327//4327 4745//4745
f 4733//4733 4746//4746 4745//4745
f 4887//4887 4768//4768 4618//4618
f 4887//4887 4618//4618 4620//4620
f 4620//4620 4622//4622 4887//4887
f 4620//4620 4627//4627 4622//4622
f 5595//5595 5590//5590 5103//5103
f 1416//1416 1444//1444 1417//1417
f 5608//5608 5612//5612 5611//5611
f 5592//5592 5108//5108 5109//5109
f 529//529 533//533 557//557
f 317//317 222//222 220//220
f 1195//1195 317//317 315//315
f 1196//1196 1195//1195 315//315
f 315//315 314//314 1196//1196
f 1644//1644 1647//1647 1584//1584
f 1650//1650 1644//1644 1645//1645
f 5156//5156 1651//1651 1689//1689
f 5159//5159 5158//5158 5155//5155
f 5835//5835 5836//5836 5831//5831
f 5832//5832 5879//5879 4804//4804
f 4831//4831 4833//4833 4832//4832
f 4802//4802 4394//4394 4395//4395
f 4394//4394 4391//4391 4395//4395
f 4392//4392 4395//4395 4391//4391
f 4392//4392 4383//4383 4384//4384
f 4323//4323 4384//4384 4322//4322
f 4324//4324 4328//4328 4323//4323
f 4328//4328 4745//4745 4746//4746
f 4765//4765 4746//4746 4733//4733
f 4633//4633 4622//4622 4627//4627
f 4629//4629 4628//4628 4627//4627
f 4617//4617 4629//4629 4627//4627
f 4617//4617 4609//4609 5696//5696
f 4608//4608 5681//5681 4609//4609
f 5687//5687 4609//4609 5681//5681
f 5697//5697 5689//5689 5691//5691
f 5695//5695 5691//5691 5690//5690
f 5695//5695 5693//5693 5705//5705
f 5705//5705 5693//5693 5694//5694
f 5693//5693 5692//5692 5694//5694
f 5615//5615 5694//5694 5692//5692
f 5613//5613 5615//5615 5692//5692
f 5613//5613 5611//5611 5614//5614
f 5611//5611 5612//5612 5614//5614
f 5609//5609 5612//5612 5608//5608
f 5608//5608 5600//5600 5609//5609
f 5098//5098 5105//5105 5094//5094
f 1480//1480 4970//4970 4969//4969
f 1440//1440 1480//1480 1441//1441
f 1413//1413 1455//1455 1440//1440
f 556//556 557//557 533//533
f 707//707 724//724 709//709
f 724//724 707//707 716//716
f 725//725 723//723 722//722
f 722//722 749//749 753//753
f 754//754 753//753 755//755
f 755//755 756//756 757//757
f 1198//1198 1196//1196 1194//1194
f 1198//1198 1194//1194 1197//1197
f 1209//1209 1210//1210 1213//1213
f 1553//1553 1558//1558 1559//1559
f 1584//1584 1639//1639 1578//1578
f 5159//5159 5162//5162 5158//5158
f 5159//5159 5163//5163 5162//5162
f 5350//5350 5351//5351 5270//5270
f 5344//5344 5341//5341 5829//5829
f 5829//5829 5836//5836 5830//5830
f 5830//5830 5836//5836 5832//5832
f 5836//5836 5829//5829 5831//5831
f 5831//5831 5829//5829 5348//5348
f 5343//5343 5342//5342 5341//5341
f 5254//5254 5333//5333 5269//5269
f 5333//5333 5254//5254 5253//5253
f 1650//1650 1651//1651 5154//5154
f 1653//1653 1644//1644 1650//1650
f 1559//1559 1215//1215 1553//1553
f 1558//1558 1553//1553 1554//1554
f 1578//1578 1580//1580 1584//1584
f 5342//5342 5829//5829 5341//5341
f 5348//5348 5829//5829 5342//5342
f 4833//4833 4820//4820 4804//4804
f 4820//4820 4802//4802 4804//4804
f 4323//4323 5259//5259 4384//4384
f 4746//4746 4765//4765 4750//4750
f 4617//4617 5696//5696 4629//4629
f 5686//5686 5698//5698 5687//5687
f 5697//5697 5686//5686 5689//5689
f 5609//5609 5600//5600 5601//5601
f 4984//4984 4969//4969 4974//4974
f 1472//1472 1480//1480 1440//1440
f 716//716 723//723 726//726
f 757//757 754//754 755//755
f 563//563 547//547 561//561
f 221//221 223//223 546//546
f 223//223 221//221 218//218
f 1215//1215 1549//1549 1213//1213
f 1578//1578 1579//1579 1573//1573
f 1650//1650 5154//5154 1653//1653
f 1651//1651 5156//5156 5154//5154
f 5156//5156 5157//5157 5160//5160
f 5163//5163 5253//5253 5251//5251
f 5343//5343 5341//5341 5344//5344
f 5829//5829 5337//5337 5344//5344
f 4395//4395 4804//4804 4802//4802
f 5258//5258 4323//4323 4328//4328
f 4750//4750 4765//4765 4768//4768
f 4887//4887 4622//4622 5699//5699
f 4633//4633 4627//4627 4628//4628
f 5694//5694 5706//5706 5705//5705
f 5701//5701 5706//5706 5694//5694
f 5614//5614 5615//5615 5613//5613
f 5592//5592 5597//5597 5600//5600
f 5094//5094 4985//4985 5095//5095
f 4974//4974 4969//4969 4971//4971
f 1470//1470 1440//1440 1455//1455
f 724//724 716//716 726//726
f 1371//1371 712//712 558//558
f 558//558 561//561 1371//1371
f 561//561 565//565 1354//1354
f 1199//1199 1195//1195 1196//1196
f 1209//1209 1198//1198 1197//1197
f 1213//1213 1198//1198 1209//1209
f 1559//1559 1549//1549 1215//1215
f 1560//1560 1573//1573 1574//1574
f 1639//1639 1584//1584 1643//1643
f 1643//1643 1584//1584 1647//1647
f 5157//5157 5158//5158 5162//5162
f 5162//5162 5163//5163 5250//5250
f 5254//5254 5251//5251 5253//5253
f 5350//5350 5270//5270 5269//5269
f 5345//5345 5346//5346 5343//5343
f 5343//5343 5344//5344 5345//5345
f 5832//5832 4804//4804 4395//4395
f 5336//5336 4392//4392 4384//4384
f 5258//5258 5259//5259 4323//4323
f 4746//4746 5763//5763 4328//4328
f 4746//4746 4750//4750 5766//5766
f 4768//4768 5913//5913 4750//4750
f 4892//4892 5913//5913 4768//4768
f 4768//4768 4887//4887 4892//4892
f 4892//4892 4887//4887 5699//5699
f 4622//4622 4633//4633 5699//5699
f 5698//5698 5686//5686 5697//5697
f 5109//5109 5597//5597 5592//5592
f 5105//5105 5109//5109 5108//5108
f 5096//5096 5098//5098 5094//5094
f 5096//5096 5094//5094 5095//5095
f 1480//1480 1478//1478 4970//4970
f 1478//1478 1480//1480 1472//1472
f 707//707 709//709 557//557
f 725//725 726//726 723//723
f 1456//1456 756//756 731//731
f 1371//1371 561//561 1354//1354
f 547//547 546//546 1349//1349
f 218//218 219//219 1136//1136
f 1196//1196 1198//1198 1199//1199
f 1213//1213 1549//1549 1219//1219
f 1574//1574 1558//1558 1560//1560
f 5154//5154 5193//5193 1653//1653
f 5154//5154 5156//5156 5160//5160
f 5162//5162 5161//5161 5157//5157
f 5250//5250 5163//5163 5251//5251
f 5270//5270 5351//5351 5346//5346
f 5351//5351 5343//5343 5346//5346
f 5337//5337 5339//5339 5344//5344
f 5829//5829 5830//5830 5337//5337
f 4395//4395 5830//5830 5832//5832
f 4395//4395 5337//5337 5830//5830
f 5337//5337 4395//4395 4392//4392
f 4392//4392 5336//5336 5337//5337
f 5336//5336 4384//4384 5338//5338
f 5259//5259 5338//5338 4384//4384
f 5763//5763 5258//5258 4328//4328
f 5763//5763 4746//4746 5759//5759
f 5760//5760 5759//5759 4746//4746
f 4746//4746 5766//5766 5760//5760
f 4892//4892 5699//5699 5919//5919
f 5700//5700 5919//5919 5699//5699
f 5705//5705 5736//5736 5695//5695
f 5616//5616 5615//5615 5614//5614
f 5614//5614 5612//5612 5610//5610
f 5597//5597 5602//5602 5601//5601
f 5601//5601 5600//5600 5597//5597
f 4986//4986 5095//5095 4985//4985
f 4984//4984 4974//4974 4975//4975
f 4971//4971 4969//4969 4970//4970
f 708//708 557//557 709//709
f 561//561 1349//1349 565//565
f 547//547 1349//1349 561//561
f 1153//1153 546//546 223//223
f 223//223 218//218 1138//1138
f 218//218 1136//1136 1138//1138
f 1136//1136 219//219 222//222
f 1137//1137 1136//1136 222//222
f 1213//1213 1199//1199 1198//1198
f 1213//1213 1214//1214 1201//1201
f 1214//1214 1213//1213 1219//1219
f 1219//1219 1218//1218 1214//1214
f 1549//1549 1559//1559 1555//1555
f 1579//1579 1574//1574 1573//1573
f 1640//1640 1579//1579 1578//1578
f 1647//1647 1644//1644 1680//1680
f 1644//1644 1653//1653 1680//1680
f 1653//1653 5191//5191 1680//1680
f 5160//5160 5193//5193 5154//5154
f 5160//5160 5157//5157 5161//5161
f 5251//5251 5254//5254 5255//5255
f 5344//5344 5263//5263 5345//5345
f 5339//5339 5263//5263 5344//5344
f 5259//5259 5258//5258 5260//5260
f 5258//5258 5763//5763 5260//5260
f 4750//4750 5916//5916 5766//5766
f 5916//5916 4750//4750 5913//5913
f 5913//5913 4892//4892 5914//5914
f 5699//5699 5723//5723 5700//5700
f 5723//5723 5699//5699 4633//4633
f 4628//4628 5723//5723 4633//4633
f 4628//4628 4629//4629 5717//5717
f 5717//5717 4629//4629 5696//5696
f 5691//5691 5695//5695 5719//5719
f 5701//5701 5694//5694 5657//5657
f 5657//5657 5694//5694 5615//5615
f 5615//5615 5616//5616 5647//5647
f 5610//5610 5616//5616 5614//5614
f 5612//5612 5609//5609 5610//5610
f 5610//5610 5609//5609 5602//5602
f 5601//5601 5602//5602 5609//5609
f 4971//4971 4970//4970 1478//1478
f 709//709 1406//1406 708//708
f 731//731 711//711 1456//1456
f 1153//1153 1349//1349 546//546
f 317//317 1137//1137 222//222
f 317//317 1195//1195 1192//1192
f 1199//1199 1213//1213 1201//1201
f 1638//1638 1579//1579 1640//1640
f 5271//5271 5255//5255 5254//5254
f 5254//5254 5269//5269 5271//5271
f 5336//5336 5339//5339 5337//5337
f 5336//5336 5338//5338 5339//5339
f 5260//5260 5763//5763 5764//5764
f 5772//5772 5760//5760 5766//5766
f 5914//5914 5916//5916 5913//5913
f 5920//5920 5914//5914 4892//4892
f 4892//4892 5919//5919 5920//5920
f 5700//5700 5920//5920 5919//5919
f 4628//4628 5724//5724 5723//5723
f 5724//5724 4628//4628 5717//5717
f 5717//5717 5696//5696 5718//5718
f 5687//5687 5696//5696 4609//4609
f 5719//5719 5697//5697 5691//5691
f 5647//5647 5657//5657 5615//5615
f 4984//4984 4976//4976 4985//4985
f 1472//1472 1440//1440 1470//1470
f 726//726 1470//1470 1455//1455
f 1413//1413 1406//1406 709//709
f 726//726 1455//1455 724//724
f 754//754 725//725 722//722
f 722//722 753//753 754//754
f 1195//1195 1200//1200 1192//1192
f 1199//1199 1200//1200 1195//1195
f 5193//5193 5194//5194 1653//1653
f 5160//5160 5219//5219 5193//5193
f 5161//5161 5219//5219 5160//5160
f 5162//5162 5249//5249 5161//5161
f 5255//5255 5256//5256 5251//5251
f 5272//5272 5270//5270 5261//5261
f 5270//5270 5346//5346 5261//5261
f 5346//5346 5345//5345 5264//5264
f 5263//5263 5339//5339 5340//5340
f 5263//5263 5264//5264 5345//5345
f 5272//5272 5271//5271 5270//5270
f 5271//5271 5269//5269 5270//5270
f 5251//5251 5256//5256 5250//5250
f 5194//5194 5191//5191 1653//1653
f 5191//5191 5192//5192 1680//1680
f 1671//1671 1647//1647 1680//1680
f 1647//1647 1662//1662 1643//1643
f 1640//1640 1578//1578 1639//1639
f 5340//5340 5338//5338 5259//5259
f 5260//5260 5340//5340 5259//5259
f 5764//5764 5265//5265 5260//5260
f 5759//5759 5764//5764 5763//5763
f 5916//5916 5772//5772 5766//5766
f 5723//5723 5725//5725 5700//5700
f 5724//5724 5717//5717 5726//5726
f 5718//5718 5726//5726 5717//5717
f 5696//5696 5687//5687 5718//5718
f 5698//5698 5718//5718 5687//5687
f 5736//5736 5705//5705 5706//5706
f 5610//5610 5645//5645 5616//5616
f 5602//5602 5622//5622 5610//5610
f 5602//5602 5597//5597 5598//5598
f 5597//5597 5109//5109 5598//5598
f 5105//5105 5110//5110 5109//5109
f 5098//5098 5110//5110 5105//5105
f 4985//4985 4976//4976 4986//4986
f 4984//4984 4975//4975 4976//4976
f 724//724 1413//1413 709//709
f 724//724 1455//1455 1413//1413
f 1371//1371 1374//1374 712//712
f 1350//1350 565//565 1349//1349
f 1137//1137 317//317 1192//1192
f 1199//1199 1202//1202 1200//1200
f 1199//1199 1201//1201 1202//1202
f 1219//1219 1550//1550 1218//1218
f 1555//1555 1219//1219 1549//1549
f 1559//1559 1558//1558 1555//1555
f 1570//1570 1555//1555 1558//1558
f 1639//1639 1643//1643 1662//1662
f 5193//5193 5217//5217 5194//5194
f 5250//5250 5249//5249 5162//5162
f 5257//5257 5249//5249 5250//5250
f 5256//5256 5257//5257 5250//5250
f 5271//5271 5273//5273 5255//5255
f 5272//5272 5267//5267 5271//5271
f 5760//5760 5772//5772 5773//5773
f 5772//5772 5916//5916 5774//5774
f 5916//5916 5914//5914 5774//5774
f 5914//5914 5920//5920 5921//5921
f 5920//5920 5700//5700 5728//5728
f 5725//5725 5728//5728 5700//5700
f 5727//5727 5725//5725 5723//5723
f 5723//5723 5724//5724 5727//5727
f 5726//5726 5718//5718 5720//5720
f 5719//5719 5695//5695 5736//5736
f 5707//5707 5701//5701 5702//5702
f 5647//5647 5616//5616 5646//5646
f 5616//5616 5619//5619 5646//5646
f 5645//5645 5610//5610 5622//5622
f 5622//5622 5602//5602 5603//5603
f 5598//5598 5603//5603 5602//5602
f 5598//5598 5109//5109 5110//5110
f 4987//4987 5095//5095 4986//4986
f 1372//1372 1371//1371 1354//1354
f 1350//1350 1354//1354 565//565
f 1154//1154 1349//1349 1153//1153
f 1154//1154 1153//1153 223//223
f 223//223 1138//1138 1142//1142
f 1136//1136 1139//1139 1138//1138
f 1139//1139 1136//1136 1137//1137
f 1214//1214 1218//1218 1220//1220
f 1558//1558 1574//1574 1570//1570
f 1639//1639 1663//1663 1640//1640
f 1662//1662 1672//1672 1639//1639
f 1647//1647 1673//1673 1662//1662
f 1671//1671 1680//1680 5174//5174
f 5217//5217 5193//5193 5220//5220
f 5193//5193 5219//5219 5220//5220
f 5219//5219 5161//5161 5248//5248
f 5161//5161 5249//5249 5248//5248
f 5261//5261 5262//5262 5272//5272
f 5261//5261 5346//5346 5264//5264
f 5340//5340 5260//5260 5263//5263
f 5265//5265 5263//5263 5260//5260
f 5773//5773 5759//5759 5760//5760
f 5773//5773 5772//5772 5774//5774
f 5921//5921 5774//5774 5914//5914
f 5921//5921 5920//5920 5728//5728
f 5706//5706 5701//5701 5707//5707
f 5702//5702 5701//5701 5657//5657
f 5657//5657 5658//5658 5702//5702
f 5646//5646 5657//5657 5647//5647
f 5616//5616 5645//5645 5619//5619
f 5111//5111 5598//5598 5110//5110
f 5110//5110 5098//5098 5106//5106
f 5099//5099 5106//5106 5098//5098
f 5096//5096 5099//5099 5098//5098
f 5097//5097 5099//5099 5096//5096
f 4972//4972 4975//4975 4974//4974
f 4974//4974 4971//4971 4972//4972
f 4971//4971 1478//1478 1479//1479
f 754//754 1471//1471 725//725
f 711//711 712//712 1456//1456
f 1374//1374 1453//1453 712//712
f 1371//1371 1372//1372 1373//1373
f 1154//1154 1350//1350 1349//1349
f 1154//1154 223//223 1142//1142
f 1192//1192 1141//1141 1137//1137
f 1203//1203 1202//1202 1201//1201
f 1201//1201 1214//1214 1203//1203
f 1550//1550 1219//1219 1555//1555
f 1641//1641 1574//1574 1579//1579
f 1672//1672 1662//1662 1673//1673
f 1673//1673 1647//1647 1671//1671
f 5174//5174 1680//1680 5192//5192
f 5192//5192 5191//5191 5195//5195
f 5191//5191 5194//5194 5195//5195
f 5195//5195 5194//5194 5217//5217
f 5257//5257 5256//5256 5255//5255
f 5267//5267 5272//5272 5262//5262
f 5263//5263 5265//5265 5264//5264
f 5265//5265 5764//5764 5266//5266
f 5765//5765 5266//5266 5764//5764
f 5767//5767 5761//5761 5759//5759
f 5759//5759 5773//5773 5767//5767
f 5773//5773 5774//5774 5775//5775
f 5724//5724 5726//5726 5727//5727
f 5729//5729 5726//5726 5720//5720
f 5721//5721 5720//5720 5718//5718
f 5721//5721 5718//5718 5698//5698
f 5698//5698 5697//5697 5721//5721
f 5707//5707 5702//5702 5708//5708
f 5657//5657 5646//5646 5658//5658
f 5622//5622 5618//5618 5645//5645
f 5603//5603 5598//5598 5599//5599
f 5111//5111 5599//5599 5598//5598
f 4972//4972 4976//4976 4975//4975
f 757//757 756//756 1456//1456
f 1142//1142 1152//1152 1154//1154
f 1142//1142 1138//1138 1140//1140
f 1138//1138 1139//1139 1140//1140
f 1141//1141 1192//1192 1200//1200
f 1220//1220 1203//1203 1214//1214
f 1574//1574 1575//1575 1570//1570
f 1579//1579 1659//1659 1641//1641
f 1638//1638 1659//1659 1579//1579
f 5252//5252 5249//5249 5257//5257
f 5273//5273 5275//5275 5255//5255
f 5279//5279 5273//5273 5271//5271
f 5279//5279 5271//5271 5267//5267
f 5264//5264 5265//5265 5262//5262
f 5774//5774 5921//5921 5922//5922
f 5923//5923 5922//5922 5921//5921
f 5728//5728 5727//5727 5730//5730
f 5727//5727 5728//5728 5725//5725
f 5726//5726 5729//5729 5727//5727
f 5741//5741 5708//5708 5702//5702
f 5618//5618 5622//5622 5617//5617
f 5622//5622 5603//5603 5617//5617
f 5097//5097 5096//5096 5095//5095
f 4982//4982 4987//4987 4986//4986
f 1470//1470 726//726 725//725
f 1472//1472 1470//1470 725//725
f 754//754 757//757 1471//1471
f 712//712 1457//1457 1456//1456
f 1372//1372 1354//1354 1355//1355
f 1354//1354 1350//1350 1351//1351
f 1139//1139 1137//1137 1141//1141
f 1141//1141 1200//1200 1144//1144
f 1146//1146 1144//1144 1200//1200
f 1203//1203 1220//1220 1217//1217
f 1220//1220 1218//1218 1221//1221
f 1221//1221 1218//1218 1550//1550
f 1571//1571 1550//1550 1555//1555
f 1574//1574 1641//1641 1575//1575
f 1663//1663 1639//1639 1672//1672
f 5192//5192 5196//5196 5174//5174
f 5196//5196 5192//5192 5195//5195
f 5195//5195 5206//5206 5196//5196
f 5195//5195 5217//5217 5206//5206
f 5206//5206 5217//5217 5218//5218
f 5218//5218 5217//5217 5220//5220
f 5257//5257 5255//5255 5275//5275
f 5264//5264 5262//5262 5261//5261
f 5262//5262 5265//5265 5266//5266
f 5765//5765 5764//5764 5759//5759
f 5773//5773 5776//5776 5767//5767
f 5773//5773 5775//5775 5776//5776
f 5775//5775 5774//5774 5917//5917
f 5921//5921 5730//5730 5923//5923
f 5730//5730 5921//5921 5728//5728
f 5719//5719 5721//5721 5697//5697
f 5719//5719 5736//5736 5737//5737
f 5736//5736 5706//5706 5737//5737
f 5707//5707 5708//5708 5709//5709
f 5645//5645 5618//5618 5619//5619
f 4986//4986 4973//4973 4982//4982
f 4971//4971 1479//1479 4972//4972
f 1457//1457 712//712 1453//1453
f 1373//1373 1374//1374 1371//1371
f 1351//1351 1355//1355 1354//1354
f 1154//1154 1151//1151 1350//1350
f 1154//1154 1152//1152 1151//1151
f 1140//1140 1139//1139 1143//1143
f 1141//1141 1144//1144 1139//1139
f 1200//1200 1202//1202 1146//1146
f 1217//1217 1204//1204 1203//1203
f 1640//1640 1663//1663 1664//1664
f 5249//5249 5299//5299 5248//5248
f 5761//5761 5765//5765 5759//5759
f 5917//5917 5777//5777 5775//5775
f 5774//5774 5922//5922 5917//5917
f 5923//5923 5924//5924 5922//5922
f 5727//5727 5731//5731 5730//5730
f 5731//5731 5727//5727 5729//5729
f 5722//5722 5732//5732 5729//5729
f 5722//5722 5729//5729 5720//5720
f 5722//5722 5720//5720 5721//5721
f 5721//5721 5719//5719 5722//5722
f 5706//5706 5707//5707 5738//5738
f 5707//5707 5709//5709 5738//5738
f 5617//5617 5599//5599 5127//5127
f 5617//5617 5603//5603 5599//5599
f 5110//5110 5106//5106 5107//5107
f 5106//5106 5099//5099 5107//5107
f 4987//4987 4982//4982 4983//4983
f 4973//4973 4986//4986 4976//4976
f 1478//1478 1472//1472 1473//1473
f 1471//1471 1472//1472 725//725
f 1456//1456 1457//1457 757//757
f 1375//1375 1374//1374 1373//1373
f 1142//1142 1140//1140 1145//1145
f 1204//1204 1202//1202 1203//1203
f 1220//1220 1222//1222 1217//1217
f 1222//1222 1220//1220 1221//1221
f 1642//1642 1575//1575 1641//1641
f 1641//1641 1659//1659 1642//1642
f 5174//5174 5205//5205 1671//1671
f 5196//5196 5205//5205 5174//5174
f 5299//5299 5249//5249 5252//5252
f 5257//5257 5268//5268 5252//5252
f 5266//5266 5267//5267 5262//5262
f 5761//5761 5767//5767 5796//5796
f 5796//5796 5767//5767 5776//5776
f 5924//5924 5923//5923 5730//5730
f 5733//5733 5924//5924 5730//5730
f 5730//5730 5731//5731 5733//5733
f 5731//5731 5729//5729 5732//5732
f 5719//5719 5737//5737 5722//5722
f 5737//5737 5706//5706 5738//5738
f 5742//5742 5741//5741 5702//5702
f 5742//5742 5702//5702 5658//5658
f 5646//5646 5659//5659 5658//5658
f 5648//5648 5646//5646 5619//5619
f 5127//5127 5618//5618 5617//5617
f 5127//5127 5599//5599 5126//5126
f 5126//5126 5599//5599 5111//5111
f 4988//4988 5097//5097 5095//5095
f 4987//4987 4988//4988 5095//5095
f 1479//1479 1478//1478 1473//1473
f 1453//1453 1458//1458 1457//1457
f 1152//1152 1142//1142 1145//1145
f 1143//1143 1145//1145 1140//1140
f 1157//1157 1146//1146 1202//1202
f 1551//1551 1221//1221 1550//1550
f 1571//1571 1556//1556 1550//1550
f 5218//5218 5220//5220 5211//5211
f 5220//5220 5219//5219 5300//5300
f 5300//5300 5219//5219 5248//5248
f 5267//5267 5274//5274 5279//5279
f 5765//5765 5267//5267 5266//5266
f 5765//5765 5761//5761 5762//5762
f 5775//5775 5777//5777 5776//5776
f 5777//5777 5917//5917 5918//5918
f 5917//5917 5922//5922 5918//5918
f 5743//5743 5744//5744 5708//5708
f 5741//5741 5743//5743 5708//5708
f 5659//5659 5742//5742 5658//5658
f 5646//5646 5660//5660 5659//5659
f 5619//5619 5620//5620 5648//5648
f 5111//5111 5125//5125 5126//5126
f 5110//5110 5125//5125 5111//5111
f 4972//4972 1482//1482 4976//4976
f 1479//1479 1481//1481 4972//4972
f 1473//1473 1471//1471 757//757
f 1457//1457 1473//1473 757//757
f 1350//1350 1151//1151 1352//1352
f 1144//1144 1143//1143 1139//1139
f 1146//1146 1147//1147 1144//1144
f 1202//1202 1204//1204 1157//1157
f 1221//1221 1224//1224 1222//1222
f 1550//1550 1556//1556 1551//1551
f 1636//1636 1570//1570 1575//1575
f 1673//1673 1671//1671 5205//5205
f 5211//5211 5196//5196 5206//5206
f 5211//5211 5206//5206 5218//5218
f 5283//5283 5220//5220 5300//5300
f 5300//5300 5248//5248 5299//5299
f 5273//5273 5274//5274 5275//5275
f 5761//5761 5768//5768 5762//5762
f 5761//5761 5796//5796 5768//5768
f 5796//5796 5776//5776 5778//5778
f 5777//5777 5778//5778 5776//5776
f 5922//5922 5924//5924 5925//5925
f 5733//5733 5925//5925 5924//5924
f 5734//5734 5733//5733 5731//5731
f 5734//5734 5731//5731 5732//5732
f 5709//5709 5712//5712 5738//5738
f 5709//5709 5708//5708 5713//5713
f 5713//5713 5708//5708 5744//5744
f 5648//5648 5660//5660 5646//5646
f 1482//1482 4972//4972 1481//1481
f 1472//1472 1471//1471 1473//1473
f 1473//1473 1457//1457 1474//1474
f 1374//1374 1454//1454 1453//1453
f 1454//1454 1374//1374 1375//1375
f 1355//1355 1351//1351 1356//1356
f 1351//1351 1350//1350 1352//1352
f 1145//1145 1151//1151 1152//1152
f 1146//1146 1157//1157 1147//1147
f 1204//1204 1217//1217 1216//1216
f 1223//1223 1216//1216 1217//1217
f 1217//1217 1222//1222 1223//1223
f 1576//1576 1571//1571 1555//1555
f 1575//1575 1642//1642 1636//1636
f 1664//1664 1659//1659 1638//1638
f 1638//1638 1640//1640 1664//1664
f 1665//1665 1663//1663 1672//1672
f 1665//1665 1672//1672 1673//1673
f 1673//1673 5175//5175 1665//1665
f 5211//5211 5220//5220 5283//5283
f 5300//5300 5292//5292 5283//5283
f 5299//5299 5293//5293 5300//5300
f 5252//5252 5268//5268 5299//5299
f 5274//5274 5273//5273 5279//5279
f 5267//5267 5762//5762 5274//5274
f 5765//5765 5762//5762 5267//5267
f 5796//5796 5778//5778 5784//5784
f 5779//5779 5777//5777 5918//5918
f 5918//5918 5922//5922 5925//5925
f 5925//5925 5733//5733 5735//5735
f 5722//5722 5737//5737 5732//5732
f 5744//5744 5743//5743 5745//5745
f 5741//5741 5742//5742 5662//5662
f 5662//5662 5742//5742 5659//5659
f 5660//5660 5662//5662 5659//5659
f 5127//5127 5619//5619 5618//5618
f 5099//5099 5015//5015 5107//5107
f 4988//4988 4987//4987 4983//4983
f 4982//4982 4973//4973 1483//1483
f 4976//4976 1482//1482 4973//4973
f 1479//1479 1473//1473 1475//1475
f 1461//1461 1454//1454 1375//1375
f 1216//1216 1157//1157 1204//1204
f 1221//1221 1551//1551 1224//1224
f 1576//1576 1555//1555 1570//1570
f 1665//1665 1664//1664 1663//1663
f 5207//5207 5175//5175 1673//1673
f 1673//1673 5205//5205 5207//5207
f 5205//5205 5196//5196 5212//5212
f 5196//5196 5211//5211 5212//5212
f 5284//5284 5212//5212 5211//5211
f 5283//5283 5284//5284 5211//5211
f 5292//5292 5284//5284 5283//5283
f 5292//5292 5300//5300 5293//5293
f 5293//5293 5299//5299 5309//5309
f 5309//5309 5299//5299 5268//5268
f 5275//5275 5276//5276 5257//5257
f 5784//5784 5768//5768 5796//5796
f 5734//5734 5735//5735 5733//5733
f 5732//5732 5739//5739 5734//5734
f 5739//5739 5732//5732 5737//5737
f 5738//5738 5739//5739 5737//5737
f 5745//5745 5746//5746 5744//5744
f 5743//5743 5741//5741 5747//5747
f 5662//5662 5747//5747 5741//5741
f 5620//5620 5619//5619 5127//5127
f 5107//5107 5125//5125 5110//5110
f 5097//5097 5015//5015 5099//5099
f 4988//4988 5015//5015 5097//5097
f 4978//4978 4983//4983 4982//4982
f 1479//1479 1475//1475 1481//1481
f 1453//1453 1454//1454 1459//1459
f 1461//1461 1375//1375 1377//1377
f 1377//1377 1375//1375 1376//1376
f 1157//1157 1216//1216 1158//1158
f 1222//1222 1224//1224 1225//1225
f 1225//1225 1223//1223 1222//1222
f 1659//1659 1636//1636 1642//1642
f 5205//5205 5212//5212 5207//5207
f 5284//5284 5213//5213 5212//5212
f 5277//5277 5309//5309 5268//5268
f 5268//5268 5278//5278 5277//5277
f 5276//5276 5278//5278 5268//5268
f 5268//5268 5257//5257 5276//5276
f 5784//5784 5778//5778 5783//5783
f 5777//5777 5779//5779 5778//5778
f 5915//5915 5779//5779 5918//5918
f 5918//5918 5925//5925 5915//5915
f 5713//5713 5744//5744 5746//5746
f 5747//5747 5745//5745 5743//5743
f 5662//5662 5660//5660 5661//5661
f 5649//5649 5661//5661 5660//5660
f 5648//5648 5649//5649 5660//5660
f 5649//5649 5648//5648 5620//5620
f 5126//5126 5125//5125 5127//5127
f 1473//1473 1474//1474 1475//1475
f 1476//1476 1474//1474 1457//1457
f 1460//1460 1459//1459 1454//1454
f 1454//1454 1461//1461 1460//1460
f 1148//1148 1151//1151 1145//1145
f 1145//1145 1143//1143 1148//1148
f 1143//1143 1144//1144 1147//1147
f 1160//1160 1158//1158 1216//1216
f 1216//1216 1223//1223 1160//1160
f 1551//1551 1557//1557 1224//1224
f 1571//1571 1577//1577 1556//1556
f 1577//1577 1571//1571 1637//1637
f 1576//1576 1637//1637 1571//1571
f 1636//1636 1656//1656 1570//1570
f 1664//1664 1636//1636 1659//1659
f 5207//5207 5199//5199 5175//5175
f 5207//5207 5212//5212 5213//5213
f 5213//5213 5284//5284 5285//5285
f 5284//5284 5294//5294 5285//5285
f 5295//5295 5294//5294 5284//5284
f 5284//5284 5292//5292 5295//5295
f 5292//5292 5293//5293 5295//5295
f 5310//5310 5295//5295 5293//5293
f 5293//5293 5309//5309 5310//5310
f 5310//5310 5309//5309 5277//5277
f 5762//5762 5768//5768 5274//5274
f 5794//5794 5783//5783 5778//5778
f 5778//5778 5779//5779 5794//5794
f 5925//5925 5735//5735 5926//5926
f 5740//5740 5734//5734 5739//5739
f 5709//5709 5714//5714 5712//5712
f 5714//5714 5709//5709 5713//5713
f 5662//5662 5748//5748 5747//5747
f 5662//5662 5661//5661 5748//5748
f 5649//5649 5620//5620 5637//5637
f 5620//5620 5623//5623 5637//5637
f 5620//5620 5621//5621 5623//5623
f 5620//5620 5127//5127 5621//5621
f 5127//5127 5125//5125 5128//5128
f 4988//4988 4980//4980 5015//5015
f 1475//1475 1474//1474 1477//1477
f 1458//1458 1453//1453 1459//1459
f 1372//1372 1375//1375 1373//1373
f 1351//1351 1352//1352 1356//1356
f 1147//1147 1149//1149 1143//1143
f 1157//1157 1149//1149 1147//1147
f 1149//1149 1157//1157 1158//1158
f 1577//1577 1572//1572 1556//1556
f 1576//1576 1570//1570 1656//1656
f 5164//5164 1665//1665 5175//5175
f 5199//5199 5207//5207 5286//5286
f 5207//5207 5213//5213 5286//5286
f 5286//5286 5213//5213 5285//5285
f 5310//5310 5311//5311 5295//5295
f 5277//5277 5311//5311 5310//5310
f 5278//5278 5800//5800 5277//5277
f 5278//5278 5276//5276 5754//5754
f 5768//5768 5770//5770 5274//5274
f 5768//5768 5784//5784 5770//5770
f 5715//5715 5739//5739 5738//5738
f 5746//5746 5751//5751 5713//5713
f 5747//5747 5748//5748 5749//5749
f 5663//5663 5661//5661 5649//5649
f 5663//5663 5649//5649 5637//5637
f 5125//5125 5107//5107 5020//5020
f 5016//5016 5020//5020 5107//5107
f 5107//5107 5015//5015 5016//5016
f 1474//1474 1476//1476 1477//1477
f 1458//1458 1459//1459 1457//1457
f 1460//1460 1464//1464 1459//1459
f 1461//1461 1465//1465 1460//1460
f 1372//1372 1355//1355 1356//1356
f 1352//1352 1151//1151 1156//1156
f 1156//1156 1151//1151 1155//1155
f 1148//1148 1155//1155 1151//1151
f 1149//1149 1158//1158 1159//1159
f 1160//1160 1159//1159 1158//1158
f 1224//1224 1552//1552 1225//1225
f 1551//1551 1556//1556 1557//1557
f 1572//1572 1557//1557 1556//1556
f 1576//1576 1656//1656 1637//1637
f 1656//1656 1636//1636 1661//1661
f 1636//1636 1664//1664 1665//1665
f 5199//5199 5164//5164 5175//5175
f 5287//5287 5285//5285 5294//5294
f 5800//5800 5311//5311 5277//5277
f 5753//5753 5800//5800 5278//5278
f 5276//5276 5275//5275 5769//5769
f 5274//5274 5769//5769 5275//5275
f 5274//5274 5770//5770 5771//5771
f 5794//5794 5779//5779 5915//5915
f 5915//5915 5925//5925 5926//5926
f 5712//5712 5715//5715 5738//5738
f 5713//5713 5703//5703 5714//5714
f 5751//5751 5752//5752 5713//5713
f 5664//5664 5748//5748 5661//5661
f 5621//5621 5127//5127 5131//5131
f 5128//5128 5131//5131 5127//5127
f 5125//5125 5020//5020 5112//5112
f 5015//5015 4980//4980 4994//4994
f 1475//1475 1482//1482 1481//1481
f 1482//1482 1475//1475 1477//1477
f 1476//1476 1457//1457 1459//1459
f 1460//1460 1465//1465 1466//1466
f 1461//1461 1462//1462 1465//1465
f 1461//1461 1377//1377 1462//1462
f 1372//1372 1356//1356 1375//1375
f 1149//1149 1148//1148 1143//1143
f 1161//1161 1160//1160 1223//1223
f 1223//1223 1162//1162 1161//1161
f 1225//1225 1162//1162 1223//1223
f 1224//1224 1557//1557 1552//1552
f 1637//1637 1655//1655 1577//1577
f 1572//1572 1577//1577 1655//1655
f 1637//1637 1658//1658 1657//1657
f 1658//1658 1637//1637 1656//1656
f 5208//5208 5199//5199 5286//5286
f 5286//5286 5285//5285 5287//5287
f 5287//5287 5294//5294 5296//5296
f 5294//5294 5312//5312 5296//5296
f 5295//5295 5312//5312 5294//5294
f 5312//5312 5295//5295 5311//5311
f 5753//5753 5278//5278 5754//5754
f 5754//5754 5276//5276 5769//5769
f 5771//5771 5769//5769 5274//5274
f 5785//5785 5770//5770 5784//5784
f 5785//5785 5784//5784 5783//5783
f 5794//5794 5785//5785 5783//5783
f 5915//5915 5926//5926 5927//5927
f 5734//5734 5710//5710 5735//5735
f 5748//5748 5664//5664 5749//5749
f 5663//5663 5637//5637 5630//5630
f 5629//5629 5630//5630 5637//5637
f 5637//5637 5623//5623 5629//5629
f 5623//5623 5621//5621 5131//5131
f 4988//4988 4983//4983 4980//4980
f 1356//1356 1376//1376 1375//1375
f 1655//1655 1557//1557 1572//1572
f 1657//1657 1655//1655 1637//1637
f 1665//1665 1661//1661 1636//1636
f 5200//5200 5199//5199 5208//5208
f 5754//5754 5769//5769 5757//5757
f 5771//5771 5770//5770 5785//5785
f 5785//5785 5794//5794 5786//5786
f 5710//5710 5926//5926 5735//5735
f 5739//5739 5715//5715 5740//5740
f 5666//5666 5703//5703 5713//5713
f 5666//5666 5713//5713 5752//5752
f 5745//5745 5751//5751 5746//5746
f 5131//5131 5629//5629 5623//5623
f 5015//5015 4994//4994 4992//4992
f 4973//4973 1477//1477 1483//1483
f 1482//1482 1477//1477 4973//4973
f 1459//1459 1464//1464 1484//1484
f 1462//1462 1377//1377 1381//1381
f 1377//1377 1376//1376 1381//1381
f 1353//1353 1356//1356 1352//1352
f 1150//1150 1148//1148 1149//1149
f 1159//1159 1150//1150 1149//1149
f 1161//1161 1163//1163 1160//1160
f 1225//1225 1552//1552 1162//1162
f 1557//1557 1385//1385 1552//1552
f 1552//1552 1385//1385 1365//1365
f 1161//1161 1361//1361 1169//1169
f 1557//1557 1389//1389 1385//1385
f 1162//1162 1365//1365 1360//1360
f 1361//1361 1161//1161 1162//1162
f 1163//1163 1161//1161 1169//1169
f 1367//1367 1360//1360 1365//1365
f 1655//1655 1502//1502 1557//1557
f 1655//1655 1657//1657 1502//1502
f 1658//1658 1656//1656 1660//1660
f 1661//1661 1666//1666 1660//1660
f 1661//1661 1665//1665 1666//1666
f 1667//1667 1666//1666 1665//1665
f 5165//5165 5164//5164 5199//5199
f 5208//5208 5286//5286 5287//5287
f 5800//5800 5801//5801 5311//5311
f 5800//5800 5753//5753 5755//5755
f 5753//5753 5754//5754 5756//5756
f 5756//5756 5754//5754 5757//5757
f 5757//5757 5769//5769 5758//5758
f 5771//5771 5785//5785 5758//5758
f 5786//5786 5794//5794 5795//5795
f 5915//5915 5927//5927 5794//5794
f 5740//5740 5710//5710 5734//5734
f 5715//5715 5712//5712 5716//5716
f 5716//5716 5712//5712 5714//5714
f 5750//5750 5751//5751 5745//5745
f 5750//5750 5745//5745 5747//5747
f 5747//5747 5749//5749 5750//5750
f 5678//5678 5749//5749 5664//5664
f 5629//5629 5131//5131 5132//5132
f 5128//5128 5129//5129 5131//5131
f 5016//5016 5015//5015 5014//5014
f 4980//4980 4983//4983 4979//4979
f 1483//1483 4978//4978 4982//4982
f 1476//1476 1459//1459 1490//1490
f 1460//1460 1466//1466 1464//1464
f 1381//1381 1376//1376 1362//1362
f 1376//1376 1356//1356 1362//1362
f 1159//1159 1160//1160 1163//1163
f 1552//1552 1365//1365 1162//1162
f 1360//1360 1366//1366 1361//1361
f 5289//5289 5287//5287 5296//5296
f 5321//5321 5312//5312 5311//5311
f 5769//5769 5771//5771 5758//5758
f 5785//5785 5786//5786 5758//5758
f 5715//5715 5716//5716 5711//5711
f 5703//5703 5716//5716 5714//5714
f 5752//5752 5665//5665 5666//5666
f 5751//5751 5668//5668 5752//5752
f 5638//5638 5664//5664 5661//5661
f 5661//5661 5663//5663 5638//5638
f 5131//5131 5129//5129 5132//5132
f 5128//5128 5125//5125 5129//5129
f 5112//5112 5129//5129 5125//5125
f 5014//5014 5015//5015 4992//4992
f 4992//4992 5013//5013 5014//5014
f 1490//1490 4978//4978 1483//1483
f 1476//1476 1483//1483 1477//1477
f 1476//1476 1490//1490 1483//1483
f 1463//1463 1465//1465 1462//1462
f 1381//1381 1382//1382 1462//1462
f 1356//1356 1353//1353 1362//1362
f 1352//1352 1156//1156 1353//1353
f 1165//1165 1148//1148 1150//1150
f 1159//1159 1163//1163 1166//1166
f 1166//1166 1163//1163 1164//1164
f 1166//1166 1150//1150 1159//1159
f 1166//1166 1164//1164 1167//1167
f 1167//1167 1164//1164 1169//1169
f 1367//1367 1366//1366 1360//1360
f 1385//1385 1367//1367 1365//1365
f 1385//1385 1389//1389 1388//1388
f 1517//1517 1657//1657 1658//1658
f 1665//1665 5164//5164 1667//1667
f 5312//5312 5321//5321 5797//5797
f 5801//5801 5321//5321 5311//5311
f 5755//5755 5753//5753 5756//5756
f 5789//5789 5795//5795 5794//5794
f 5794//5794 5928//5928 5789//5789
f 5928//5928 5794//5794 5927//5927
f 5926//5926 5710//5710 5927//5927
f 5710//5710 5740//5740 5715//5715
f 5711//5711 5710//5710 5715//5715
f 5669//5669 5668//5668 5751//5751
f 5679//5679 5750//5750 5749//5749
f 5749//5749 5678//5678 5679//5679
f 5663//5663 5632//5632 5638//5638
f 5632//5632 5663//5663 5630//5630
f 5629//5629 5631//5631 5630//5630
f 5631//5631 5629//5629 5132//5132
f 5132//5132 5140//5140 5631//5631
f 5132//5132 5133//5133 5140//5140
f 5130//5130 5133//5133 5132//5132
f 5129//5129 5130//5130 5132//5132
f 5115//5115 5130//5130 5129//5129
f 5112//5112 5115//5115 5129//5129
f 5112//5112 5020//5020 5021//5021
f 1506//1506 1507//1507 4989//4989
f 1486//1486 1507//1507 1506//1506
f 1488//1488 1486//1486 1485//1485
f 1464//1464 1466//1466 1491//1491
f 1484//1484 4977//4977 1459//1459
f 1490//1490 1459//1459 4977//4977
f 1487//1487 1465//1465 1485//1485
f 1506//1506 4989//4989 4993//4993
f 4981//4981 1506//1506 4993//4993
f 4994//4994 4981//4981 4992//4992
f 4977//4977 4978//4978 1490//1490
f 4977//4977 4983//4983 4978//4978
f 4983//4983 4977//4977 4979//4979
f 4981//4981 4994//4994 4980//4980
f 4977//4977 1484//1484 4979//4979
f 1491//1491 1484//1484 1464//1464
f 1466//1466 1465//1465 1491//1491
f 1491//1491 1465//1465 1487//1487
f 4980//4980 4979//4979 1484//1484
f 1484//1484 1491//1491 4980//4980
f 1487//1487 1485//1485 1506//1506
f 1506//1506 1485//1485 1486//1486
f 4981//4981 4980//4980 1491//1491
f 4981//4981 1491//1491 1487//1487
f 4981//4981 1487//1487 1506//1506
f 4993//4993 4992//4992 4981//4981
f 1462//1462 1382//1382 1463//1463
f 1357//1357 1362//1362 1353//1353
f 1165//1165 1155//1155 1148//1148
f 1503//1503 1502//1502 1657//1657
f 1517//1517 1503//1503 1657//1657
f 5165//5165 5199//5199 5200//5200
f 5665//5665 5668//5668 5654//5654
f 5751//5751 5750//5750 5669//5669
f 5112//5112 5021//5021 5115//5115
f 5013//5013 4992//4992 4993//4993
f 1507//1507 4990//4990 4989//4989
f 1485//1485 1465//1465 1463//1463
f 1382//1382 1381//1381 1378//1378
f 1381//1381 1362//1362 1378//1378
f 1357//1357 1353//1353 1156//1156
f 1165//1165 1166//1166 1167//1167
f 1366//1366 1368//1368 1361//1361
f 1493//1493 1389//1389 1502//1502
f 5287//5287 5290//5290 5208//5208
f 5287//5287 5289//5289 5290//5290
f 5312//5312 5797//5797 5313//5313
f 5652//5652 5651//5651 5650//5650
f 5652//5652 5665//5665 5624//5624
f 5664//5664 5638//5638 5678//5678
f 5133//5133 5130//5130 5116//5116
f 5114//5114 5116//5116 5130//5130
f 5115//5115 5114//5114 5130//5130
f 5014//5014 5020//5020 5016//5016
f 4995//4995 4993//4993 4989//4989
f 1382//1382 1467//1467 1463//1463
f 1156//1156 1155//1155 1168//1168
f 1155//1155 1165//1165 1168//1168
f 1150//1150 1166//1166 1165//1165
f 1385//1385 1388//1388 1367//1367
f 1389//1389 1493//1493 1388//1388
f 5165//5165 1667//1667 5164//5164
f 5652//5652 5624//5624 5651//5651
f 5665//5665 5653//5653 5624//5624
f 5653//5653 5665//5665 5654//5654
f 5750//5750 5670//5670 5669//5669
f 5679//5679 5670//5670 5750//5750
f 5670//5670 5679//5679 5672//5672
f 5679//5679 5678//5678 5671//5671
f 5134//5134 5140//5140 5133//5133
f 5114//5114 5115//5115 5113//5113
f 5115//5115 5021//5021 5113//5113
f 5017//5017 5021//5021 5020//5020
f 5014//5014 5017//5017 5020//5020
f 5013//5013 4993//4993 4995//4995
f 1485//1485 1489//1489 1488//1488
f 1382//1382 1378//1378 1383//1383
f 1378//1378 1362//1362 1358//1358
f 1362//1362 1357//1357 1358//1358
f 1165//1165 1359//1359 1168//1168
f 1359//1359 1165//1165 1167//1167
f 1169//1169 1361//1361 1368//1368
f 1368//1368 1366//1366 1369//1369
f 1367//1367 1386//1386 1366//1366
f 1502//1502 1503//1503 1493//1493
f 5313//5313 5289//5289 5296//5296
f 5296//5296 5312//5312 5313//5313
f 5313//5313 5797//5797 5314//5314
f 5797//5797 5798//5798 5314//5314
f 5798//5798 5651//5651 5624//5624
f 5671//5671 5672//5672 5679//5679
f 5640//5640 5671//5671 5678//5678
f 5638//5638 5640//5640 5678//5678
f 5630//5630 5141//5141 5632//5632
f 5141//5141 5630//5630 5631//5631
f 5631//5631 5140//5140 5141//5141
f 5134//5134 5133//5133 5121//5121
f 5121//5121 5133//5133 5116//5116
f 5113//5113 5022//5022 5114//5114
f 5014//5014 5013//5013 4995//4995
f 4989//4989 4990//4990 4995//4995
f 1463//1463 1489//1489 1485//1485
f 1167//1167 1169//1169 1370//1370
f 1366//1366 1386//1386 1369//1369
f 1494//1494 1493//1493 1503//1503
f 1660//1660 1666//1666 5166//5166
f 5201//5201 5200//5200 5208//5208
f 5280//5280 5208//5208 5290//5290
f 5116//5116 5118//5118 5121//5121
f 5117//5117 5118//5118 5116//5116
f 5114//5114 5117//5117 5116//5116
f 5022//5022 5113//5113 5017//5017
f 5017//5017 5113//5113 5021//5021
f 5014//5014 5018//5018 5017//5017
f 4995//4995 5018//5018 5014//5014
f 1492//1492 1488//1488 1489//1489
f 1467//1467 1489//1489 1463//1463
f 1363//1363 1383//1383 1378//1378
f 1378//1378 1358//1358 1363//1363
f 1168//1168 1358//1358 1357//1357
f 1357//1357 1156//1156 1168//1168
f 1370//1370 1359//1359 1167//1167
f 1370//1370 1169//1169 1368//1368
f 1658//1658 1660//1660 1524//1524
f 5166//5166 1524//1524 1660//1660
f 1666//1666 1667//1667 5166//5166
f 1667//1667 5165//5165 5166//5166
f 5289//5289 5313//5313 5314//5314
f 5625//5625 5798//5798 5624//5624
f 5624//5624 5653//5653 5625//5625
f 5640//5640 5641//5641 5671//5671
f 5638//5638 5632//5632 5633//5633
f 5141//5141 5140//5140 5134//5134
f 5122//5122 5134//5134 5121//5121
f 5118//5118 5122//5122 5121//5121
f 5117//5117 5114//5114 5032//5032
f 5114//5114 5022//5022 5032//5032
f 5023//5023 5022//5022 5017//5017
f 1508//1508 4990//4990 1507//1507
f 1509//1509 1508//1508 1507//1507
f 1509//1509 1507//1507 1486//1486
f 1489//1489 1467//1467 1469//1469
f 1383//1383 1468//1468 1382//1382
f 1168//1168 1359//1359 1358//1358
f 1517//1517 1658//1658 1524//1524
f 5290//5290 5289//5289 5305//5305
f 5625//5625 5653//5653 5626//5626
f 5668//5668 5673//5673 5654//5654
f 5669//5669 5673//5673 5668//5668
f 5639//5639 5640//5640 5638//5638
f 5633//5633 5639//5639 5638//5638
f 5134//5134 5135//5135 5141//5141
f 5134//5134 5122//5122 5135//5135
f 5024//5024 5032//5032 5022//5022
f 5023//5023 5017//5017 5019//5019
f 5019//5019 5017//5017 5018//5018
f 5018//5018 4995//4995 4991//4991
f 4991//4991 4995//4995 4990//4990
f 1508//1508 4991//4991 4990//4990
f 1486//1486 1488//1488 1509//1509
f 1469//1469 1492//1492 1489//1489
f 1467//1467 1382//1382 1468//1468
f 1383//1383 1363//1363 1379//1379
f 1495//1495 1367//1367 1388//1388
f 1493//1493 1496//1496 1388//1388
f 1493//1493 1494//1494 1496//1496
f 5167//5167 1524//1524 5166//5166
f 5798//5798 5625//5625 5314//5314
f 5626//5626 5315//5315 5625//5625
f 5627//5627 5626//5626 5653//5653
f 5627//5627 5653//5653 5654//5654
f 5655//5655 5654//5654 5673//5673
f 5670//5670 5673//5673 5669//5669
f 5633//5633 5632//5632 5141//5141
f 5141//5141 5142//5142 5633//5633
f 5122//5122 5118//5118 5119//5119
f 5022//5022 5023//5023 5024//5024
f 5018//5018 4996//4996 5019//5019
f 4991//4991 4996//4996 5018//5018
f 1508//1508 1510//1510 4991//4991
f 1510//1510 1508//1508 1509//1509
f 1523//1523 1510//1510 1509//1509
f 1511//1511 1509//1509 1488//1488
f 1492//1492 1511//1511 1488//1488
f 1467//1467 1468//1468 1469//1469
f 1386//1386 1387//1387 1369//1369
f 1367//1367 1495//1495 1386//1386
f 5166//5166 5165//5165 5167//5167
f 5208//5208 5280//5280 5201//5201
f 5314//5314 5625//5625 5315//5315
f 5654//5654 5655//5655 5627//5627
f 5141//5141 5135//5135 5142//5142
f 5123//5123 5122//5122 5119//5119
f 5119//5119 5118//5118 5031//5031
f 5118//5118 5117//5117 5031//5031
f 5117//5117 5032//5032 5031//5031
f 5024//5024 5025//5025 5032//5032
f 5023//5023 5019//5019 4996//4996
f 1533//1533 4991//4991 1510//1510
f 1523//1523 1509//1509 1511//1511
f 1359//1359 1363//1363 1358//1358
f 1364//1364 1359//1359 1370//1370
f 1369//1369 1380//1380 1368//1368
f 1517//1517 1518//1518 1503//1503
f 1524//1524 5167//5167 1518//1518
f 5289//5289 5314//5314 5305//5305
f 5626//5626 5305//5305 5315//5315
f 5672//5672 5673//5673 5670//5670
f 5135//5135 5122//5122 5123//5123
f 5123//5123 5119//5119 5034//5034
f 5031//5031 5032//5032 5025//5025
f 5003//5003 5024//5024 5023//5023
f 5023//5023 4996//4996 5003//5003
f 4996//4996 4991//4991 1533//1533
f 1497//1497 1511//1511 1492//1492
f 1364//1364 1363//1363 1359//1359
f 1370//1370 1368//1368 1380//1380
f 1494//1494 1504//1504 1496//1496
f 1503//1503 1519//1519 1494//1494
f 1519//1519 1503//1503 1518//1518
f 1518//1518 1517//1517 1524//1524
f 5168//5168 5167//5167 5165//5165
f 5280//5280 5290//5290 5305//5305
f 5316//5316 5305//5305 5626//5626
f 5316//5316 5626//5626 5628//5628
f 5626//5626 5627//5627 5628//5628
f 5143//5143 5633//5633 5142//5142
f 5119//5119 5031//5031 5034//5034
f 5025//5025 5033//5033 5031//5031
f 5003//5003 4996//4996 4997//4997
f 4996//4996 1533//1533 4997//4997
f 1523//1523 1511//1511 1512//1512
f 1497//1497 1512//1512 1511//1511
f 1364//1364 1379//1379 1363//1363
f 1388//1388 1496//1496 1495//1495
f 1494//1494 1519//1519 1504//1504
f 5168//5168 1525//1525 1518//1518
f 5167//5167 5168//5168 1518//1518
f 5200//5200 5168//5168 5165//5165
f 5280//5280 5305//5305 5306//5306
f 5314//5314 5315//5315 5305//5305
f 5316//5316 5307//5307 5305//5305
f 5656//5656 5628//5628 5627//5627
f 5627//5627 5655//5655 5656//5656
f 5142//5142 5137//5137 5143//5143
f 5137//5137 5142//5142 5135//5135
f 5120//5120 5123//5123 5034//5034
f 5033//5033 5034//5034 5031//5031
f 5024//5024 5004//5004 5025//5025
f 5024//5024 5003//5003 5004//5004
f 1533//1533 1510//1510 1534//1534
f 1534//1534 1510//1510 1523//1523
f 1512//1512 1497//1497 1500//1500
f 1497//1497 1469//1469 1468//1468
f 1384//1384 1383//1383 1379//1379
f 1364//1364 1370//1370 1380//1380
f 1369//1369 1387//1387 1380//1380
f 1519//1519 1520//1520 1504//1504
f 1520//1520 1526//1526 1521//1521
f 1520//1520 1525//1525 1526//1526
f 5170//5170 5168//5168 5201//5201
f 5202//5202 5170//5170 5201//5201
f 5200//5200 5201//5201 5168//5168
f 5201//5201 5280//5280 5209//5209
f 5281//5281 5209//5209 5280//5280
f 5306//5306 5281//5281 5280//5280
f 5305//5305 5307//5307 5306//5306
f 5674//5674 5655//5655 5673//5673
f 5671//5671 5641//5641 5672//5672
f 5143//5143 5639//5639 5633//5633
f 5135//5135 5136//5136 5137//5137
f 5135//5135 5123//5123 5136//5136
f 5034//5034 5035//5035 5120//5120
f 5027//5027 5034//5034 5033//5033
f 5026//5026 5027//5027 5033//5033
f 5033//5033 5025//5025 5026//5026
f 5004//5004 5026//5026 5025//5025
f 4998//4998 5003//5003 4997//4997
f 4997//4997 1533//1533 4998//4998
f 1469//1469 1497//1497 1492//1492
f 1383//1383 1384//1384 1468//1468
f 1496//1496 1504//1504 1505//1505
f 1504//1504 1521//1521 1505//1505
f 1521//1521 1504//1504 1520//1520
f 5168//5168 5169//5169 1525//1525
f 5656//5656 5655//5655 5675//5675
f 5674//5674 5675//5675 5655//5655
f 5673//5673 5676//5676 5674//5674
f 5673//5673 5677//5677 5676//5676
f 5672//5672 5677//5677 5673//5673
f 5641//5641 5677//5677 5672//5672
f 5639//5639 5641//5641 5640//5640
f 5123//5123 5124//5124 5136//5136
f 5035//5035 5034//5034 5027//5027
f 5006//5006 5026//5026 5004//5004
f 5005//5005 5006//5006 5004//5004
f 5005//5005 5004//5004 5003//5003
f 4998//4998 1537//1537 5003//5003
f 4998//4998 1533//1533 1535//1535
f 1535//1535 1533//1533 1534//1534
f 1528//1528 1534//1534 1523//1523
f 1528//1528 1523//1523 1512//1512
f 1513//1513 1512//1512 1500//1500
f 1495//1495 1387//1387 1386//1386
f 5169//5169 1668//1668 1525//1525
f 5168//5168 5170//5170 5169//5169
f 5202//5202 5201//5201 5209//5209
f 5316//5316 5628//5628 5803//5803
f 5639//5639 5143//5143 5634//5634
f 5123//5123 5120//5120 5124//5124
f 5026//5026 5028//5028 5027//5027
f 5005//5005 5003//5003 1537//1537
f 1535//1535 1537//1537 4998//4998
f 1513//1513 1500//1500 1498//1498
f 1497//1497 1498//1498 1500//1500
f 1379//1379 1364//1364 1384//1384
f 1527//1527 1526//1526 1525//1525
f 1525//1525 1668//1668 1527//1527
f 5641//5641 5639//5639 5634//5634
f 5143//5143 5137//5137 5634//5634
f 5029//5029 5035//5035 5028//5028
f 5035//5035 5027//5027 5028//5028
f 1534//1534 1536//1536 1535//1535
f 1536//1536 1534//1534 1528//1528
f 1528//1528 1512//1512 1513//1513
f 1468//1468 1384//1384 1497//1497
f 1380//1380 1384//1384 1364//1364
f 1384//1384 1380//1380 1387//1387
f 1496//1496 1505//1505 1501//1501
f 1522//1522 1521//1521 1526//1526
f 1522//1522 1526//1526 1527//1527
f 5169//5169 1670//1670 1668//1668
f 5172//5172 5170//5170 5202//5202
f 5317//5317 5307//5307 5316//5316
f 5139//5139 5634//5634 5137//5137
f 5138//5138 5136//5136 5124//5124
f 5147//5147 5124//5124 5120//5120
f 5147//5147 5120//5120 5035//5035
f 5035//5035 5029//5029 5147//5147
f 5028//5028 5026//5026 5008//5008
f 5008//5008 5026//5026 5007//5007
f 5026//5026 5006//5006 5007//5007
f 5007//5007 5006//5006 5005//5005
f 1537//1537 1535//1535 1536//1536
f 1513//1513 1498//1498 1514//1514
f 1499//1499 1387//1387 1495//1495
f 1495//1495 1496//1496 1499//1499
f 1496//1496 1501//1501 1499//1499
f 1522//1522 1505//1505 1521//1521
f 1668//1668 1669//1669 1527//1527
f 5139//5139 5136//5136 5138//5138
f 5029//5029 5145//5145 5147//5147
f 5008//5008 5029//5029 5028//5028
f 4999//4999 5007//5007 5005//5005
f 5005//5005 1537//1537 4999//4999
f 1536//1536 1538//1538 1537//1537
f 1513//1513 1514//1514 1528//1528
f 1498//1498 1499//1499 1514//1514
f 1384//1384 1498//1498 1497//1497
f 1387//1387 1499//1499 1384//1384
f 1522//1522 1501//1501 1505//1505
f 1542//1542 1522//1522 1527//1527
f 5170//5170 5171//5171 5169//5169
f 5171//5171 5170//5170 5172//5172
f 5675//5675 5674//5674 5825//5825
f 5676//5676 5825//5825 5674//5674
f 5677//5677 5641//5641 5642//5642
f 5124//5124 5147//5147 5149//5149
f 5008//5008 5030//5030 5029//5029
f 4999//4999 5000//5000 5007//5007
f 1538//1538 4999//4999 1537//1537
f 1536//1536 1528//1528 1529//1529
f 1529//1529 1528//1528 1514//1514
f 1515//1515 1514//1514 1499//1499
f 1498//1498 1384//1384 1499//1499
f 1522//1522 1516//1516 1501//1501
f 1669//1669 1668//1668 1675//1675
f 5642//5642 5641//5641 5643//5643
f 5137//5137 5136//5136 5139//5139
f 5145//5145 5029//5029 5030//5030
f 5030//5030 5008//5008 5009//5009
f 5008//5008 5007//5007 5000//5000
f 1529//1529 1538//1538 1536//1536
f 1499//1499 1516//1516 1515//1515
f 1542//1542 1532//1532 1522//1522
f 1670//1670 1675//1675 1668//1668
f 1670//1670 5169//5169 5171//5171
f 5656//5656 5803//5803 5628//5628
f 5643//5643 5641//5641 5634//5634
f 5149//5149 5138//5138 5124//5124
f 5010//5010 5008//5008 5000//5000
f 5000//5000 4999//4999 1540//1540
f 4999//4999 1538//1538 1540//1540
f 1516//1516 1499//1499 1501//1501
f 1532//1532 1516//1516 1522//1522
f 5209//5209 5210//5210 5202//5202
f 5210//5210 5209//5209 5281//5281
f 5210//5210 5281//5281 5282//5282
f 5675//5675 5826//5826 5656//5656
f 5144//5144 5635//5635 5634//5634
f 5634//5634 5139//5139 5144//5144
f 5009//5009 5008//5008 5010//5010
f 5000//5000 1540//1540 1541//1541
f 1539//1539 1538//1538 1529//1529
f 1514//1514 1515//1515 1529//1529
f 1532//1532 1542//1542 1674//1674
f 1674//1674 1543//1543 1532//1532
f 5202//5202 5210//5210 5203//5203
f 5318//5318 5307//5307 5317//5317
f 5803//5803 5656//5656 5814//5814
f 5826//5826 5814//5814 5656//5656
f 5644//5644 5642//5642 5643//5643
f 5643//5643 5634//5634 5635//5635
f 5145//5145 5149//5149 5147//5147
f 5000//5000 5001//5001 5010//5010
f 1540//1540 1538//1538 1539//1539
f 1539//1539 1529//1529 1530//1530
f 1515//1515 1530//1530 1529//1529
f 1543//1543 1531//1531 1532//1532
f 1543//1543 1674//1674 1678//1678
f 1674//1674 1676//1676 1678//1678
f 1669//1669 1675//1675 1677//1677
f 5172//5172 5202//5202 5173//5173
f 5282//5282 5281//5281 5308//5308
f 5306//5306 5308//5308 5281//5281
f 5799//5799 5316//5316 5803//5803
f 5138//5138 5144//5144 5139//5139
f 5010//5010 5011//5011 5009//5009
f 5001//5001 5000//5000 1541//1541
f 1515//1515 1516//1516 1531//1531
f 1531//1531 1516//1516 1532//1532
f 1531//1531 1543//1543 1544//1544
f 1546//1546 1544//1544 1543//1543
f 5173//5173 5171//5171 5172//5172
f 5307//5307 5308//5308 5306//5306
f 5318//5318 5319//5319 5307//5307
f 5011//5011 5030//5030 5009//5009
f 5010//5010 5002//5002 5011//5011
f 1540//1540 1547//1547 1541//1541
f 1540//1540 1539//1539 1530//1530
f 1545//1545 1531//1531 1544//1544
f 1543//1543 1678//1678 1546//1546
f 5171//5171 5186//5186 1670//1670
f 5173//5173 5202//5202 5203//5203
f 5317//5317 5316//5316 5799//5799
f 5807//5807 5803//5803 5814//5814
f 5826//5826 5675//5675 5825//5825
f 5644//5644 5643//5643 5636//5636
f 5635//5635 5636//5636 5643//5643
f 5144//5144 5138//5138 5151//5151
f 5138//5138 5149//5149 5151//5151
f 5145//5145 5150//5150 5149//5149
f 5145//5145 5030//5030 5011//5011
f 5002//5002 5010//5010 5001//5001
f 5001//5001 1541//1541 1547//1547
f 1530//1530 1547//1547 1540//1540
f 1515//1515 1531//1531 1530//1530
f 1545//1545 1544//1544 1548//1548
f 1548//1548 1544//1544 1546//1546
f 1678//1678 5179//5179 5178//5178
f 5179//5179 1678//1678 1676//1676
f 5320//5320 5308//5308 5307//5307
f 5319//5319 5320//5320 5307//5307
f 5803//5803 5807//5807 5799//5799
f 5827//5827 5825//5825 5676//5676
f 5827//5827 5676//5676 5677//5677
f 5677//5677 5642//5642 5809//5809
f 5151//5151 5149//5149 5150//5150
f 5145//5145 5011//5011 5146//5146
f 1545//1545 1547//1547 1530//1530
f 1545//1545 1530//1530 1531//1531
f 1678//1678 5178//5178 1546//1546
f 5210//5210 5282//5282 5203//5203
f 5282//5282 5308//5308 5291//5291
f 5814//5814 5826//5826 5808//5808
f 5817//5817 5808//5808 5826//5826
f 5826//5826 5825//5825 5817//5817
f 5677//5677 5809//5809 5827//5827
f 5144//5144 5151//5151 5153//5153
f 5150//5150 5145//5145 5148//5148
f 5002//5002 5001//5001 1548//1548
f 1548//1548 5001//5001 1547//1547
f 1548//1548 1547//1547 1545//1545
f 5002//5002 1548//1548 1546//1546
f 1546//1546 5178//5178 5002//5002
f 5171//5171 5173//5173 5186//5186
f 5173//5173 5203//5203 5204//5204
f 5318//5318 5317//5317 5799//5799
f 5644//5644 5809//5809 5642//5642
f 5151//5151 5150//5150 5152//5152
f 5413//5413 5148//5148 5145//5145
f 5145//5145 5146//5146 5413//5413
f 5146//5146 5011//5011 5012//5012
f 5002//5002 5012//5012 5011//5011
f 1674//1674 5180//5180 1676//1676
f 1677//1677 1675//1675 5177//5177
f 5805//5805 5799//5799 5807//5807
f 5828//5828 5817//5817 5825//5825
f 5827//5827 5828//5828 5825//5825
f 5526//5526 5635//5635 5144//5144
f 5144//5144 5525//5525 5526//5526
f 5178//5178 5012//5012 5002//5002
f 1679//1679 1674//1674 1527//1527
f 1679//1679 1527//1527 1669//1669
f 5176//5176 1670//1670 5187//5187
f 5186//5186 5187//5187 1670//1670
f 5188//5188 5173//5173 5204//5204
f 5203//5203 5214//5214 5204//5204
f 5828//5828 5827//5827 5813//5813
f 5813//5813 5827//5827 5809//5809
f 5644//5644 5811//5811 5809//5809
f 5811//5811 5644//5644 5810//5810
f 5636//5636 5810//5810 5644//5644
f 5635//5635 5526//5526 5636//5636
f 1670//1670 5177//5177 1675//1675
f 5173//5173 5188//5188 5186//5186
f 5282//5282 5288//5288 5203//5203
f 5291//5291 5297//5297 5282//5282
f 5814//5814 5808//5808 5807//5807
f 5525//5525 5144//5144 5153//5153
f 5373//5373 5012//5012 5178//5178
f 5179//5179 1676//1676 5181//5181
f 1670//1670 5176//5176 5177//5177
f 5282//5282 5297//5297 5288//5288
f 5527//5527 5810//5810 5636//5636
f 5378//5378 5413//5413 5146//5146
f 5146//5146 5012//5012 5378//5378
f 5179//5179 5373//5373 5178//5178
f 5180//5180 5181//5181 1676//1676
f 5214//5214 5203//5203 5288//5288
f 5527//5527 5636//5636 5526//5526
f 5148//5148 5152//5152 5150//5150
f 5214//5214 5188//5188 5204//5204
f 5804//5804 5318//5318 5799//5799
f 5813//5813 5809//5809 5812//5812
f 5378//5378 5414//5414 5413//5413
f 5378//5378 5012//5012 5373//5373
f 5180//5180 1674//1674 1679//1679
f 5186//5186 5189//5189 5187//5187
f 5189//5189 5186//5186 5188//5188
f 5812//5812 5809//5809 5811//5811
f 5418//5418 5148//5148 5419//5419
f 5413//5413 5419//5419 5148//5148
f 5805//5805 5804//5804 5799//5799
f 5511//5511 5151//5151 5152//5152
f 1677//1677 5183//5183 1669//1669
f 5319//5319 5318//5318 5323//5323
f 5418//5418 5152//5152 5148//5148
f 5413//5413 5414//5414 5419//5419
f 5379//5379 5378//5378 5373//5373
f 5320//5320 5319//5319 5323//5323
f 5804//5804 5323//5323 5318//5318
f 5511//5511 5153//5153 5151//5151
f 5298//5298 5214//5214 5288//5288
f 5298//5298 5288//5288 5297//5297
f 5373//5373 5380//5380 5379//5379
f 5184//5184 5177//5177 5176//5176
f 5188//5188 5214//5214 5189//5189
f 5373//5373 5179//5179 5374//5374
f 5181//5181 5374//5374 5179//5179
f 5182//5182 5176//5176 5187//5187
f 5323//5323 5804//5804 5806//5806
f 5805//5805 5807//5807 5815//5815
f 5811//5811 5931//5931 5812//5812
f 5931//5931 5811//5811 5810//5810
f 5525//5525 5527//5527 5526//5526
f 5378//5378 5379//5379 5414//5414
f 5216//5216 5214//5214 5298//5298
f 5931//5931 5527//5527 5930//5930
f 5931//5931 5810//5810 5527//5527
f 5183//5183 1679//1679 1669//1669
f 5214//5214 5216//5216 5189//5189
f 5291//5291 5308//5308 5322//5322
f 5308//5308 5320//5320 5322//5322
f 5511//5511 5512//5512 5153//5153
f 5828//5828 5819//5819 5817//5817
f 5819//5819 5828//5828 5813//5813
f 5523//5523 5525//5525 5153//5153
f 1677//1677 5177//5177 5183//5183
f 5189//5189 5190//5190 5187//5187
f 5320//5320 5324//5324 5322//5322
f 5414//5414 5415//5415 5419//5419
f 5320//5320 5323//5323 5324//5324
f 5819//5819 5813//5813 5818//5818
f 5813//5813 5812//5812 5934//5934
f 5523//5523 5153//5153 5512//5512
f 5510//5510 5418//5418 5419//5419
f 5416//5416 5414//5414 5379//5379
f 5184//5184 5176//5176 5182//5182
f 5190//5190 5182//5182 5187//5187
f 5525//5525 5528//5528 5527//5527
f 5525//5525 5523//5523 5528//5528
f 5152//5152 5509//5509 5511//5511
f 5510//5510 5152//5152 5418//5418
f 5303//5303 5297//5297 5291//5291
f 5931//5931 5934//5934 5812//5812
f 5932//5932 5930//5930 5527//5527
f 5932//5932 5527//5527 5528//5528
f 5190//5190 5189//5189 5215//5215
f 5805//5805 5816//5816 5804//5804
f 5807//5807 5808//5808 5815//5815
f 5819//5819 5820//5820 5817//5817
f 5380//5380 5373//5373 5376//5376
f 5216//5216 5215//5215 5189//5189
f 5324//5324 5323//5323 5806//5806
f 5804//5804 5816//5816 5806//5806
f 5805//5805 5815//5815 5816//5816
f 5821//5821 5815//5815 5808//5808
f 5379//5379 5380//5380 5416//5416
f 5374//5374 5376//5376 5373//5373
f 5374//5374 5181//5181 5375//5375
f 5180//5180 5375//5375 5181//5181
f 5375//5375 5180//5180 1679//1679
f 5183//5183 5177//5177 5185//5185
f 5177//5177 5184//5184 5185//5185
f 5190//5190 5197//5197 5182//5182
f 5934//5934 5818//5818 5813//5813
f 5152//5152 5510//5510 5509//5509
f 5414//5414 5416//5416 5415//5415
f 5197//5197 5184//5184 5182//5182
f 5298//5298 5297//5297 5303//5303
f 5419//5419 5420//5420 5510//5510
f 5375//5375 1679//1679 5183//5183
f 5183//5183 5185//5185 5377//5377
f 5216//5216 5298//5298 5301//5301
f 5303//5303 5301//5301 5298//5298
f 5291//5291 5322//5322 5303//5303
f 5326//5326 5303//5303 5322//5322
f 5326//5326 5322//5322 5324//5324
f 5324//5324 5806//5806 5327//5327
f 5419//5419 5415//5415 5420//5420
f 5216//5216 5301//5301 5215//5215
f 5301//5301 5303//5303 5304//5304
f 5324//5324 5327//5327 5326//5326
f 5327//5327 5806//5806 5816//5816
f 5816//5816 5815//5815 5824//5824
f 5821//5821 5824//5824 5815//5815
f 5416//5416 5420//5420 5415//5415
f 5198//5198 5197//5197 5190//5190
f 5215//5215 5198//5198 5190//5190
f 5817//5817 5821//5821 5808//5808
f 5930//5930 5933//5933 5931//5931
f 5374//5374 5375//5375 5376//5376
f 5431//5431 5510//5510 5420//5420
f 5303//5303 5326//5326 5325//5325
f 5524//5524 5528//5528 5523//5523
f 5510//5510 5431//5431 5509//5509
f 5396//5396 5417//5417 5416//5416
f 5416//5416 5380//5380 5396//5396
f 5932//5932 5528//5528 5529//5529
f 5512//5512 5519//5519 5523//5523
f 5512//5512 5511//5511 5433//5433
f 5509//5509 5431//5431 5511//5511
f 5933//5933 5930//5930 5932//5932
f 5524//5524 5529//5529 5528//5528
f 5431//5431 5433//5433 5511//5511
f 5420//5420 5427//5427 5431//5431
f 5416//5416 5417//5417 5420//5420
f 5376//5376 5396//5396 5380//5380
f 5377//5377 5185//5185 5381//5381
f 5184//5184 5382//5382 5185//5185
f 5382//5382 5184//5184 5197//5197
f 5327//5327 5325//5325 5326//5326
f 5822//5822 5816//5816 5824//5824
f 5932//5932 5532//5532 5933//5933
f 5532//5532 5932//5932 5529//5529
f 5523//5523 5519//5519 5524//5524
f 5420//5420 5417//5417 5427//5427
f 5396//5396 5405//5405 5417//5417
f 5221//5221 5198//5198 5215//5215
f 5519//5519 5512//5512 5433//5433
f 5396//5396 5376//5376 5397//5397
f 5375//5375 5388//5388 5376//5376
f 5375//5375 5183//5183 5383//5383
f 5384//5384 5383//5383 5183//5183
f 5377//5377 5384//5384 5183//5183
f 5382//5382 5381//5381 5185//5185
f 5301//5301 5222//5222 5215//5215
f 5821//5821 5817//5817 5939//5939
f 5524//5524 5531//5531 5529//5529
f 5397//5397 5376//5376 5388//5388
f 5197//5197 5198//5198 5382//5382
f 5394//5394 5198//5198 5221//5221
f 5215//5215 5222//5222 5221//5221
f 5325//5325 5304//5304 5303//5303
f 5820//5820 5939//5939 5817//5817
f 5931//5931 5933//5933 5934//5934
f 5824//5824 5821//5821 5937//5937
f 5405//5405 5406//5406 5417//5417
f 5383//5383 5388//5388 5375//5375
f 5381//5381 5384//5384 5377//5377
f 5395//5395 5382//5382 5198//5198
f 5222//5222 5421//5421 5221//5221
f 5937//5937 5821//5821 5940//5940
f 5939//5939 5940//5940 5821//5821
f 5532//5532 5529//5529 5531//5531
f 5524//5524 5519//5519 5516//5516
f 5396//5396 5397//5397 5391//5391
f 5382//5382 5385//5385 5381//5381
f 5221//5221 5421//5421 5394//5394
f 5304//5304 5222//5222 5301//5301
f 5816//5816 5822//5822 5823//5823
f 5391//5391 5405//5405 5396//5396
f 5389//5389 5397//5397 5388//5388
f 5524//5524 5520//5520 5531//5531
f 5384//5384 5381//5381 5386//5386
f 5385//5385 5386//5386 5381//5381
f 5387//5387 5385//5385 5382//5382
f 5395//5395 5387//5387 5382//5382
f 5198//5198 5394//5394 5395//5395
f 5816//5816 5823//5823 5327//5327
f 5822//5822 5824//5824 5823//5823
f 5426//5426 5427//5427 5417//5417
f 5408//5408 5417//5417 5406//5406
f 5389//5389 5391//5391 5397//5397
f 5388//5388 5383//5383 5390//5390
f 5222//5222 5302//5302 5421//5421
f 5426//5426 5417//5417 5408//5408
f 5390//5390 5389//5389 5388//5388
f 5394//5394 5421//5421 5398//5398
f 5820//5820 5819//5819 5941//5941
f 5519//5519 5433//5433 5516//5516
f 5389//5389 1776//1776 5391//5391
f 5385//5385 5387//5387 5386//5386
f 5304//5304 5325//5325 5514//5514
f 5327//5327 5533//5533 5325//5325
f 5824//5824 5936//5936 5823//5823
f 5935//5935 5933//5933 5532//5532
f 5406//5406 5407//5407 5408//5408
f 5405//5405 5402//5402 5406//5406
f 5402//5402 5405//5405 5391//5391
f 5391//5391 1776//1776 5402//5402
f 5384//5384 5386//5386 5383//5383
f 5392//5392 5387//5387 5395//5395
f 5422//5422 5421//5421 5302//5302
f 5304//5304 5514//5514 5222//5222
f 5936//5936 5824//5824 5937//5937
f 5432//5432 5431//5431 5427//5427
f 1776//1776 5389//5389 1774//1774
f 5389//5389 5390//5390 1774//1774
f 5422//5422 5302//5302 5423//5423
f 5302//5302 5222//5222 5513//5513
f 5513//5513 5423//5423 5302//5302
f 5327//5327 5534//5534 5533//5533
f 5534//5534 5327//5327 5823//5823
f 5513//5513 5222//5222 5514//5514
f 5514//5514 5325//5325 5533//5533
f 5524//5524 5516//5516 5520//5520
f 5401//5401 5402//5402 1776//1776
f 1774//1774 5390//5390 1753//1753
f 5395//5395 5398//5398 5392//5392
f 5398//5398 5395//5395 5394//5394
f 5421//5421 5422//5422 5398//5398
f 5942//5942 5818//5818 5934//5934
f 5402//5402 5407//5407 5406//5406
f 1752//1752 1753//1753 5390//5390
f 5390//5390 5383//5383 1752//1752
f 5533//5533 5530//5530 5514//5514
f 5433//5433 5431//5431 5432//5432
f 5393//5393 5386//5386 5387//5387
f 5392//5392 5393//5393 5387//5387
f 5530//5530 5515//5515 5514//5514
f 5820//5820 5941//5941 5939//5939
f 5818//5818 5942//5942 5819//5819
f 5943//5943 5934//5934 5933//5933
f 5539//5539 5532//5532 5531//5531
f 5427//5427 5428//5428 5432//5432
f 1755//1755 5383//5383 5386//5386
f 5393//5393 5392//5392 5398//5398
f 5422//5422 5423//5423 5424//5424
f 5934//5934 5943//5943 5942//5942
f 5539//5539 5935//5935 5532//5532
f 1776//1776 1774//1774 1761//1761
f 1752//1752 1762//1762 1753//1753
f 1752//1752 5383//5383 1755//1755
f 5393//5393 5398//5398 1757//1757
f 5823//5823 5936//5936 5534//5534
f 5819//5819 5942//5942 5941//5941
f 5427//5427 5426//5426 5428//5428
f 5407//5407 5402//5402 1777//1777
f 1753//1753 1761//1761 1774//1774
f 5424//5424 5423//5423 5453//5453
f 5557//5557 5936//5936 5937//5937
f 5937//5937 5940//5940 5944//5944
f 5939//5939 5945//5945 5940//5940
f 5939//5939 5941//5941 5945//5945
f 5943//5943 5933//5933 5935//5935
f 5408//5408 5409//5409 5426//5426
f 5408//5408 5407//5407 5403//5403
f 1777//1777 5403//5403 5407//5407
f 1775//1775 5402//5402 5401//5401
f 5401//5401 1776//1776 1775//1775
f 5393//5393 1755//1755 5386//5386
f 5398//5398 5399//5399 1757//1757
f 5399//5399 5398//5398 5422//5422
f 5400//5400 5399//5399 5422//5422
f 5557//5557 5534//5534 5936//5936
f 5944//5944 5940//5940 5945//5945
f 5946//5946 5945//5945 5941//5941
f 5531//5531 5538//5538 5539//5539
f 1775//1775 1777//1777 5402//5402
f 1761//1761 1775//1775 1776//1776
f 1755//1755 1754//1754 1752//1752
f 5424//5424 5400//5400 5422//5422
f 5559//5559 5557//5557 5937//5937
f 5937//5937 5944//5944 5559//5559
f 5946//5946 5941//5941 5942//5942
f 5947//5947 5942//5942 5943//5943
f 5521//5521 5531//5531 5520//5520
f 5516//5516 5517//5517 5520//5520
f 5409//5409 5408//5408 5410//5410
f 1762//1762 1761//1761 1753//1753
f 5393//5393 1756//1756 1755//1755
f 5534//5534 5535//5535 5533//5533
f 5942//5942 5947//5947 5946//5946
f 5521//5521 5536//5536 5531//5531
f 5409//5409 5428//5428 5426//5426
f 5403//5403 5410//5410 5408//5408
f 1761//1761 1764//1764 1775//1775
f 1754//1754 1755//1755 1756//1756
f 5393//5393 1757//1757 1756//1756
f 5557//5557 5535//5535 5534//5534
f 5560//5560 5559//5559 5944//5944
f 5944//5944 5938//5938 5560//5560
f 5938//5938 5944//5944 5945//5945
f 5946//5946 5565//5565 5945//5945
f 5565//5565 5946//5946 5948//5948
f 5946//5946 5947//5947 5948//5948
f 5943//5943 5949//5949 5947//5947
f 5949//5949 5943//5943 5935//5935
f 5540//5540 5935//5935 5539//5539
f 5538//5538 5531//5531 5536//5536
f 5520//5520 5517//5517 5521//5521
f 1777//1777 1775//1775 1769//1769
f 5565//5565 5938//5938 5945//5945
f 5948//5948 5947//5947 5949//5949
f 5935//5935 5540//5540 5949//5949
f 5539//5539 5538//5538 5540//5540
f 5434//5434 5433//5433 5432//5432
f 1778//1778 5403//5403 1777//1777
f 1764//1764 1769//1769 1775//1775
f 5423//5423 5513//5513 5453//5453
f 5515//5515 5513//5513 5514//5514
f 5517//5517 5516//5516 5434//5434
f 1778//1778 1777//1777 1769//1769
f 1762//1762 1752//1752 1763//1763
f 1754//1754 1756//1756 1758//1758
f 5533//5533 5544//5544 5530//5530
f 5544//5544 5533//5533 5535//5535
f 5535//5535 5555//5555 5544//5544
f 5535//5535 5558//5558 5555//5555
f 5558//5558 5535//5535 5557//5557
f 5434//5434 5516//5516 5433//5433
f 5432//5432 5428//5428 5434//5434
f 5410//5410 5403//5403 5404//5404
f 1764//1764 1761//1761 1765//1765
f 1761//1761 1762//1762 1765//1765
f 1763//1763 1765//1765 1762//1762
f 1754//1754 1763//1763 1752//1752
f 1757//1757 1759//1759 1756//1756
f 1757//1757 1760//1760 1759//1759
f 1757//1757 1801//1801 1760//1760
f 1801//1801 1757//1757 5399//5399
f 5425//5425 5400//5400 5424//5424
f 5449//5449 5513//5513 5515//5515
f 5558//5558 5557//5557 5559//5559
f 1778//1778 1780//1780 5403//5403
f 1763//1763 1754//1754 1766//1766
f 1756//1756 1759//1759 1758//1758
f 5513//5513 5449//5449 5453//5453
f 5555//5555 5558//5558 5545//5545
f 5558//5558 5559//5559 5556//5556
f 5556//5556 5559//5559 5560//5560
f 5565//5565 5948//5948 5567//5567
f 5948//5948 5949//5949 5567//5567
f 5409//5409 5411//5411 5428//5428
f 5411//5411 5409//5409 5410//5410
f 1780//1780 5404//5404 5403//5403
f 1780//1780 1778//1778 1779//1779
f 1778//1778 1769//1769 1779//1779
f 1769//1769 1764//1764 1768//1768
f 1765//1765 1767//1767 1764//1764
f 5515//5515 5542//5542 5449//5449
f 5542//5542 5515//5515 5530//5530
f 5938//5938 5562//5562 5560//5560
f 5567//5567 5949//5949 5563//5563
f 5541//5541 5563//5563 5949//5949
f 5540//5540 5541//5541 5949//5949
f 1767//1767 1768//1768 1764//1764
f 5530//5530 5544//5544 5542//5542
f 5938//5938 5565//5565 5562//5562
f 1769//1769 1770//1770 1779//1779
f 1750//1750 1767//1767 1765//1765
f 1763//1763 1750//1750 1765//1765
f 1766//1766 1750//1750 1763//1763
f 5424//5424 5448//5448 5425//5425
f 5448//5448 5424//5424 5453//5453
f 5546//5546 5545//5545 5558//5558
f 5540//5540 5538//5538 5537//5537
f 5428//5428 5430//5430 5434//5434
f 5430//5430 5428//5428 5429//5429
f 5428//5428 5411//5411 5429//5429
f 5410//5410 5412//5412 5411//5411
f 5410//5410 5404//5404 5412//5412
f 1768//1768 1770//1770 1769//1769
f 1754//1754 1758//1758 1766//1766
f 5399//5399 5400//5400 1801//1801
f 5555//5555 5545//5545 5544//5544
f 5546//5546 5558//5558 5556//5556
f 5537//5537 5538//5538 5536//5536
f 1768//1768 1771//1771 1770//1770
f 1759//1759 1760//1760 1758//1758
f 5437//5437 1801//1801 5400//5400
f 5437//5437 5400//5400 5425//5425
f 5453//5453 5449//5449 5448//5448
f 5450//5450 5449//5449 5542//5542
f 5543//5543 5542//5542 5544//5544
f 5544//5544 5545//5545 5543//5543
f 5567//5567 5566//5566 5565//5565
f 5404//5404 1780//1780 1855//1855
f 1758//1758 1760//1760 1802//1802
f 1802//1802 1760//1760 1801//1801
f 1801//1801 5437//5437 1802//1802
f 5440//5440 5425//5425 5448//5448
f 5542//5542 5451//5451 5450//5450
f 5542//5542 5543//5543 5451//5451
f 5556//5556 5560//5560 5561//5561
f 5521//5521 5537//5537 5536//5536
f 5522//5522 5521//5521 5517//5517
f 5518//5518 5517//5517 5434//5434
f 5434//5434 5430//5430 5435//5435
f 1771//1771 1772//1772 1770//1770
f 1767//1767 1771//1771 1768//1768
f 5438//5438 5437//5437 5425//5425
f 5448//5448 5449//5449 5450//5450
f 5545//5545 5456//5456 5543//5543
f 5521//5521 5549//5549 5537//5537
f 5404//5404 1855//1855 5412//5412
f 1767//1767 1750//1750 1749//1749
f 1750//1750 1766//1766 1751//1751
f 1766//1766 1758//1758 1808//1808
f 5438//5438 5425//5425 5440//5440
f 5440//5440 5448//5448 5441//5441
f 5450//5450 5442//5442 5448//5448
f 5545//5545 5546//5546 5456//5456
f 5549//5549 5521//5521 5522//5522
f 5518//5518 5522//5522 5517//5517
f 1779//1779 1770//1770 1773//1773
f 1751//1751 1749//1749 1750//1750
f 1808//1808 1751//1751 1766//1766
f 1808//1808 1758//1758 1798//1798
f 1758//1758 1802//1802 1798//1798
f 1803//1803 1802//1802 5437//5437
f 5437//5437 5438//5438 1803//1803
f 1806//1806 5438//5438 5440//5440
f 5442//5442 5441//5441 5448//5448
f 5451//5451 5442//5442 5450//5450
f 5561//5561 5560//5560 5562//5562
f 5541//5541 5540//5540 5537//5537
f 5434//5434 5435//5435 5518//5518
f 1799//1799 1802//1802 1803//1803
f 5454//5454 5452//5452 5451//5451
f 5543//5543 5454//5454 5451//5451
f 5462//5462 5546//5546 5556//5556
f 5565//5565 5566//5566 5562//5562
f 5567//5567 5564//5564 5566//5566
f 5429//5429 5411//5411 5412//5412
f 1855//1855 5436//5436 5412//5412
f 1771//1771 1767//1767 1787//1787
f 1749//1749 1787//1787 1767//1767
f 1809//1809 1808//1808 1798//1798
f 1802//1802 1799//1799 1798//1798
f 5438//5438 1804//1804 1803//1803
f 1804//1804 5438//5438 1806//1806
f 5441//5441 1806//1806 5440//5440
f 1772//1772 1773//1773 1770//1770
f 1749//1749 1751//1751 1781//1781
f 1751//1751 1808//1808 1782//1782
f 5454//5454 5543//5543 5456//5456
f 5466//5466 5430//5430 5429//5429
f 1855//1855 1780//1780 1818//1818
f 1818//1818 1780//1780 1779//1779
f 1809//1809 1798//1798 1799//1799
f 1799//1799 1800//1800 1809//1809
f 1800//1800 1799//1799 1803//1803
f 5439//5439 1806//1806 5441//5441
f 5444//5444 5451//5451 5452//5452
f 5456//5456 5546//5546 5459//5459
f 5556//5556 5561//5561 5462//5462
f 5541//5541 5537//5537 5549//5549
f 5412//5412 5465//5465 5429//5429
f 1782//1782 1781//1781 1751//1751
f 1782//1782 1808//1808 1783//1783
f 1808//1808 1809//1809 1783//1783
f 5444//5444 5442//5442 5451//5451
f 5459//5459 5546//5546 5460//5460
f 5541//5541 5549//5549 5550//5550
f 5518//5518 5568//5568 5522//5522
f 5468//5468 5518//5518 5435//5435
f 5468//5468 5435//5435 5430//5430
f 5412//5412 5436//5436 5465//5465
f 1779//1779 1773//1773 1818//1818
f 1804//1804 1805//1805 1803//1803
f 5439//5439 5441//5441 5442//5442
f 5442//5442 5443//5443 5439//5439
f 5566//5566 5553//5553 5562//5562
f 1773//1773 1812//1812 1818//1818
f 1772//1772 1771//1771 1788//1788
f 1787//1787 1788//1788 1771//1771
f 1781//1781 1782//1782 1784//1784
f 1783//1783 1809//1809 1800//1800
f 1805//1805 1800//1800 1803//1803
f 5561//5561 5562//5562 5553//5553
f 5522//5522 5568//5568 5549//5549
f 5429//5429 5465//5465 5466//5466
f 1844//1844 1855//1855 1818//1818
f 1789//1789 1787//1787 1749//1749
f 1749//1749 1781//1781 1789//1789
f 1785//1785 1784//1784 1782//1782
f 1783//1783 1785//1785 1782//1782
f 5442//5442 5444//5444 5443//5443
f 5456//5456 5455//5455 5454//5454
f 5462//5462 5561//5561 5547//5547
f 5553//5553 5566//5566 5548//5548
f 5499//5499 5518//5518 5468//5468
f 1789//1789 1781//1781 1784//1784
f 1783//1783 1800//1800 1810//1810
f 1805//1805 1810//1810 1800//1800
f 1807//1807 1806//1806 5439//5439
f 5566//5566 5564//5564 5548//5548
f 5564//5564 5567//5567 5563//5563
f 5541//5541 5550//5550 5551//5551
f 5430//5430 5466//5466 5468//5468
f 1855//1855 1856//1856 5436//5436
f 1772//1772 1812//1812 1773//1773
f 1804//1804 1817//1817 1805//1805
f 1817//1817 1804//1804 1806//1806
f 1806//1806 1807//1807 1817//1817
f 5455//5455 5456//5456 5457//5457
f 5553//5553 5547//5547 5561//5561
f 5552//5552 5563//5563 5551//5551
f 5551//5551 5563//5563 5541//5541
f 5502//5502 5550//5550 5549//5549
f 5549//5549 5568//5568 5502//5502
f 1807//1807 5439//5439 5443//5443
f 5564//5564 5563//5563 5552//5552
f 5518//5518 5499//5499 5568//5568
f 1813//1813 1772//1772 1788//1788
f 1787//1787 1790//1790 1788//1788
f 1785//1785 1783//1783 1786//1786
f 5452//5452 5455//5455 5444//5444
f 5455//5455 5452//5452 5454//5454
f 5548//5548 5505//5505 5553//5553
f 5564//5564 5552//5552 5548//5548
f 1783//1783 1810//1810 1786//1786
f 1811//1811 1805//1805 1817//1817
f 1844//1844 1856//1856 1855//1855
f 1813//1813 1812//1812 1772//1772
f 5443//5443 1819//1819 1807//1807
f 5554//5554 5548//5548 5552//5552
f 5500//5500 5568//5568 5499//5499
f 5436//5436 1857//1857 5465//5465
f 1857//1857 5436//5436 1856//1856
f 1805//1805 1811//1811 1810//1810
f 5444//5444 5445//5445 5443//5443
f 5445//5445 5444//5444 5455//5455
f 5457//5457 5446//5446 5455//5455
f 5462//5462 5460//5460 5546//5546
f 5500//5500 5502//5502 5568//5568
f 1786//1786 1810//1810 1793//1793
f 1785//1785 1791//1791 1784//1784
f 5503//5503 5504//5504 5551//5551
f 1789//1789 1792//1792 1787//1787
f 1807//1807 1819//1819 1817//1817
f 5550//5550 5503//5503 5551//5551
f 5502//5502 5503//5503 5550//5550
f 5466//5466 5467//5467 5468//5468
f 5443//5443 1821//1821 1819//1819
f 1821//1821 5443//5443 5445//5445
f 5505//5505 5547//5547 5553//5553
f 1785//1785 1786//1786 1791//1791
f 1793//1793 1810//1810 1811//1811
f 1815//1815 1811//1811 1817//1817
f 5504//5504 5552//5552 5551//5551
f 5445//5445 5455//5455 5446//5446
f 5456//5456 5459//5459 5457//5457
f 5466//5466 5465//5465 1857//1857
f 1791//1791 1789//1789 1784//1784
f 1795//1795 1793//1793 1811//1811
f 1820//1820 1817//1817 1819//1819
f 1792//1792 1789//1789 1791//1791
f 1814//1814 1811//1811 1815//1815
f 5469//5469 5499//5499 5468//5468
f 1790//1790 1787//1787 1792//1792
f 1815//1815 1817//1817 1820//1820
f 1844//1844 1818//1818 1812//1812
f 1786//1786 1794//1794 1791//1791
f 1793//1793 1794//1794 1786//1786
f 1814//1814 1795//1795 1811//1811
f 1819//1819 1821//1821 1820//1820
f 5548//5548 5554//5554 5508//5508
f 5461//5461 5460//5460 5462//5462
f 5554//5554 5552//5552 5504//5504
f 5508//5508 5505//5505 5548//5548
f 5502//5502 5500//5500 5470//5470
f 1790//1790 1813//1813 1788//1788
f 5463//5463 5547//5547 5505//5505
f 5458//5458 5457//5457 5459//5459
f 5504//5504 5503//5503 5501//5501
f 5470//5470 5501//5501 5502//5502
f 5469//5469 5500//5500 5499//5499
f 1795//1795 1794//1794 1793//1793
f 5446//5446 5457//5457 5458//5458
f 5554//5554 5504//5504 5506//5506
f 5502//5502 5501//5501 5503//5503
f 5500//5500 5469//5469 5470//5470
f 5445//5445 5446//5446 1824//1824
f 1864//1864 1824//1824 5446//5446
f 5462//5462 5547//5547 5463//5463
f 5506//5506 5508//5508 5554//5554
f 5469//5469 5468//5468 5467//5467
f 1824//1824 1821//1821 5445//5445
f 5458//5458 5459//5459 5460//5460
f 5463//5463 5461//5461 5462//5462
f 5501//5501 5490//5490 5504//5504
f 1829//1829 1844//1844 1812//1812
f 1790//1790 1827//1827 1813//1813
f 5467//5467 5466//5466 1858//1858
f 1813//1813 1828//1828 1812//1812
f 5508//5508 5507//5507 5505//5505
f 5466//5466 1857//1857 1858//1858
f 1856//1856 1845//1845 1857//1857
f 1815//1815 1820//1820 1816//1816
f 5458//5458 5460//5460 5461//5461
f 1865//1865 5469//5469 5467//5467
f 1856//1856 1844//1844 1845//1845
f 1829//1829 1812//1812 1828//1828
f 1821//1821 1816//1816 1820//1820
f 5486//5486 5461//5461 5463//5463
f 5463//5463 5505//5505 5486//5486
f 5461//5461 5464//5464 5458//5458
f 5486//5486 5505//5505 5507//5507
f 1872//1872 5501//5501 5470//5470
f 1795//1795 1814//1814 1815//1815
f 5447//5447 5446//5446 5458//5458
f 5491//5491 5507//5507 5508//5508
f 5506//5506 5491//5491 5508//5508
f 5506//5506 5504//5504 5490//5490
f 5447//5447 1864//1864 5446//5446
f 1865//1865 5470//5470 5469//5469
f 5464//5464 5447//5447 5458//5458
f 5488//5488 5490//5490 5501//5501
f 5501//5501 1872//1872 5488//5488
f 5464//5464 5461//5461 5485//5485
f 1792//1792 1791//1791 1825//1825
f 1825//1825 1791//1791 1826//1826
f 5461//5461 5486//5486 5485//5485
f 1794//1794 1826//1826 1791//1791
f 1794//1794 1795//1795 1796//1796
f 1828//1828 1813//1813 1827//1827
f 1826//1826 1794//1794 1796//1796
f 1822//1822 1815//1815 1816//1816
f 1815//1815 1797//1797 1795//1795
f 1797//1797 1815//1815 1822//1822
f 5447//5447 1859//1859 1864//1864
f 5506//5506 5490//5490 5491//5491
f 1865//1865 1872//1872 5470//5470
f 1865//1865 5467//5467 1858//1858
f 1790//1790 1792//1792 1825//1825
f 1795//1795 1797//1797 1796//1796
f 1823//1823 1822//1822 1816//1816
f 1823//1823 1816//1816 1821//1821
f 1823//1823 1821//1821 1824//1824
f 5464//5464 5485//5485 5447//5447
f 1827//1827 1830//1830 1828//1828
f 5487//5487 5507//5507 5491//5491
f 5488//5488 1872//1872 5472//5472
f 1865//1865 1858//1858 1860//1860
f 1858//1858 1857//1857 1845//1845
f 1790//1790 1831//1831 1827//1827
f 5507//5507 5487//5487 5486//5486
f 5488//5488 5489//5489 5490//5490
f 1844//1844 1829//1829 1843//1843
f 1845//1845 1844//1844 1843//1843
f 1828//1828 1836//1836 1829//1829
f 1836//1836 1828//1828 1830//1830
f 1831//1831 1830//1830 1827//1827
f 1825//1825 1831//1831 1790//1790
f 5489//5489 5488//5488 5472//5472
f 1860//1860 1858//1858 1845//1845
f 1832//1832 1825//1825 1826//1826
f 5486//5486 5487//5487 5485//5485
f 1796//1796 1797//1797 1833//1833
f 1822//1822 1833//1833 1797//1797
f 5492//5492 5491//5491 5490//5490
f 1866//1866 1865//1865 1860//1860
f 1826//1826 1796//1796 1832//1832
f 1864//1864 1859//1859 1824//1824
f 5471//5471 5447//5447 5485//5485
f 5473//5473 5485//5485 5487//5487
f 5447//5447 5471//5471 1859//1859
f 5471//5471 5485//5485 5473//5473
f 5490//5490 5489//5489 5492//5492
f 1872//1872 1865//1865 1866//1866
f 1843//1843 1829//1829 1837//1837
f 1831//1831 1825//1825 1832//1832
f 5492//5492 5487//5487 5491//5491
f 1824//1824 1841//1841 1823//1823
f 1859//1859 1842//1842 1824//1824
f 1859//1859 5471//5471 1861//1861
f 1860//1860 1845//1845 1846//1846
f 1841//1841 1833//1833 1822//1822
f 1822//1822 1823//1823 1841//1841
f 1843//1843 1846//1846 1845//1845
f 1796//1796 1833//1833 1834//1834
f 1834//1834 1832//1832 1796//1796
f 1841//1841 1824//1824 1842//1842
f 1846//1846 1843//1843 1837//1837
f 1731//1731 1831//1831 1832//1832
f 1847//1847 1842//1842 1859//1859
f 1847//1847 1859//1859 1861//1861
f 5471//5471 5473//5473 5474//5474
f 5487//5487 5492//5492 5473//5473
f 1831//1831 1732//1732 1830//1830
f 1841//1841 1835//1835 1833//1833
f 5472//5472 5475//5475 5489//5489
f 1731//1731 1732//1732 1831//1831
f 1834//1834 1833//1833 1835//1835
f 1867//1867 1861//1861 5471//5471
f 5471//5471 5476//5476 1867//1867
f 5476//5476 5471//5471 5474//5474
f 5479//5479 5492//5492 5489//5489
f 1837//1837 1829//1829 1746//1746
f 1829//1829 1836//1836 1746//1746
f 1836//1836 1830//1830 1732//1732
f 1733//1733 1731//1731 1832//1832
f 5474//5474 5473//5473 5492//5492
f 5492//5492 5493//5493 5474//5474
f 1733//1733 1832//1832 1834//1834
f 1834//1834 1734//1734 1733//1733
f 1835//1835 1740//1740 1834//1834
f 1841//1841 1838//1838 1835//1835
f 1842//1842 1838//1838 1841//1841
f 1842//1842 1847//1847 1838//1838
f 5492//5492 5479//5479 5493//5493
f 5479//5479 5489//5489 5475//5475
f 1866//1866 1860//1860 1851//1851
f 1734//1734 1834//1834 1740//1740
f 1868//1868 1867//1867 5476//5476
f 1860//1860 1846//1846 1851//1851
f 5476//5476 5478//5478 1868//1868
f 5474//5474 5477//5477 5476//5476
f 1873//1873 1872//1872 1866//1866
f 5474//5474 5493//5493 5477//5477
f 1872//1872 1873//1873 5472//5472
f 1852//1852 1866//1866 1851//1851
f 1836//1836 1732//1732 1738//1738
f 1726//1726 1733//1733 1734//1734
f 1736//1736 1838//1838 1847//1847
f 1866//1866 1870//1870 1873//1873
f 1846//1846 1849//1849 1851//1851
f 1846//1846 1837//1837 1849//1849
f 1731//1731 1735//1735 1732//1732
f 1740//1740 1835//1835 1838//1838
f 1867//1867 1862//1862 1861//1861
f 5478//5478 5476//5476 5477//5477
f 5472//5472 1873//1873 1874//1874
f 1837//1837 1746//1746 1849//1849
f 1738//1738 1746//1746 1836//1836
f 1731//1731 1725//1725 1735//1735
f 1740//1740 1729//1729 1734//1734
f 5477//5477 5493//5493 5480//5480
f 1725//1725 1731//1731 1733//1733
f 1862//1862 1847//1847 1861//1861
f 1732//1732 1735//1735 1738//1738
f 1734//1734 1729//1729 1726//1726
f 1740//1740 1739//1739 1729//1729
f 1838//1838 1739//1739 1740//1740
f 1847//1847 1839//1839 1736//1736
f 1847//1847 1862//1862 1839//1839
f 5480//5480 5493//5493 5494//5494
f 5479//5479 5494//5494 5493//5493
f 1867//1867 1868//1868 1862//1862
f 5472//5472 5497//5497 5475//5475
f 1733//1733 1726//1726 1725//1725
f 1739//1739 1838//1838 1736//1736
f 5479//5479 5475//5475 5494//5494
f 1722//1722 1739//1739 1736//1736
f 5477//5477 5481//5481 5478//5478
f 1866//1866 1852//1852 1870//1870
f 1746//1746 1738//1738 1743//1743
f 1738//1738 1735//1735 1743//1743
f 1848//1848 1839//1839 1862//1862
f 1721//1721 1739//1739 1722//1722
f 5494//5494 5495//5495 5480//5480
f 5475//5475 5498//5498 5494//5494
f 1746//1746 1747//1747 1849//1849
f 1721//1721 1729//1729 1739//1739
f 5482//5482 5478//5478 5481//5481
f 5480//5480 5481//5481 5477//5477
f 1742//1742 1743//1743 1735//1735
f 1716//1716 1729//1729 1721//1721
f 1848//1848 1862//1862 1863//1863
f 1873//1873 1870//1870 1874//1874
f 1852//1852 1851//1851 1850//1850
f 1730//1730 1735//1735 1725//1725
f 1725//1725 1726//1726 1728//1728
f 1728//1728 1727//1727 1725//1725
f 1729//1729 1728//1728 1726//1726
f 1723//1723 1722//1722 1736//1736
f 1840//1840 1741//1741 1839//1839
f 1862//1862 1868//1868 1869//1869
f 5481//5481 5480//5480 5496//5496
f 5472//5472 1874//1874 5497//5497
f 1871//1871 1870//1870 1852//1852
f 1746//1746 1743//1743 1747//1747
f 1742//1742 1735//1735 1730//1730
f 1725//1725 1717//1717 1730//1730
f 1725//1725 1727//1727 1717//1717
f 1736//1736 1839//1839 1737//1737
f 1737//1737 1723//1723 1736//1736
f 1741//1741 1737//1737 1839//1839
f 1839//1839 1848//1848 1840//1840
f 1869//1869 1868//1868 5478//5478
f 5482//5482 1869//1869 5478//5478
f 5495//5495 5496//5496 5480//5480
f 1851//1851 1849//1849 1850//1850
f 1728//1728 1729//1729 1715//1715
f 1715//1715 1729//1729 1716//1716
f 1869//1869 1863//1863 1862//1862
f 5495//5495 5494//5494 5498//5498
f 1850//1850 1849//1849 1748//1748
f 1747//1747 1748//1748 1849//1849
f 1718//1718 1717//1717 1727//1727
f 1727//1727 1728//1728 1718//1718
f 1714//1714 1728//1728 1715//1715
f 1869//1869 5482//5482 5483//5483
f 5482//5482 5481//5481 5484//5484
f 1853//1853 1852//1852 1850//1850
f 1714//1714 1718//1718 1728//1728
f 1737//1737 1741//1741 3277//3277
f 3283//3283 3277//3277 1741//1741
f 3283//3283 1741//1741 1840//1840
f 5483//5483 5482//5482 5484//5484
f 1853//1853 1871//1871 1852//1852
f 1853//1853 1850//1850 1854//1854
f 1721//1721 1713//1713 1716//1716
f 1863//1863 3390//3390 1848//1848
f 1748//1748 1747//1747 1744//1744
f 1713//1713 1715//1715 1716//1716
f 1848//1848 3331//3331 1840//1840
f 3438//3438 1863//1863 1869//1869
f 1869//1869 5483//5483 3445//3445
f 5496//5496 5484//5484 5481//5481
f 1747//1747 1743//1743 1744//1744
f 1744//1744 1743//1743 1742//1742
f 1713//1713 1721//1721 1724//1724
f 1721//1721 1722//1722 1724//1724
f 1737//1737 3277//3277 1723//1723
f 1730//1730 1745//1745 1742//1742
f 1730//1730 1720//1720 1745//1745
f 1720//1720 1730//1730 1717//1717
f 1724//1724 1722//1722 1723//1723
f 1840//1840 3324//3324 3283//3283
f 3324//3324 1840//1840 3331//3331
f 1870//1870 1871//1871 1875//1875
f 3256//3256 1715//1715 1713//1713
f 3445//3445 3438//3438 1869//1869
f 5475//5475 5497//5497 5498//5498
f 1745//1745 1744//1744 1742//1742
f 1718//1718 1714//1714 3253//3253
f 3390//3390 1863//1863 3438//3438
f 5484//5484 5496//5496 5495//5495
f 1871//1871 1853//1853 3451//3451
f 1717//1717 1719//1719 1720//1720
f 3254//3254 3253//3253 1714//1714
f 1715//1715 3254//3254 1714//1714
f 3276//3276 1723//1723 3277//3277
f 5484//5484 6924//6924 5483//5483
f 6938//6938 5498//5498 5497//5497
f 3255//3255 1719//1719 1717//1717
f 1717//1717 1718//1718 3255//3255
f 1718//1718 3253//3253 3255//3255
f 3387//3387 1848//1848 3390//3390
f 6924//6924 3445//3445 5483//5483
f 5495//5495 6941//6941 5484//5484
f 6939//6939 5495//5495 5498//5498
f 1875//1875 1874//1874 1870//1870
f 3256//3256 1713//1713 1724//1724
f 3324//3324 3321//3321 3283//3283
f 1848//1848 3387//3387 3331//3331
f 3387//3387 3390//3390 3388//3388
f 6941//6941 6940//6940 5484//5484
f 5495//5495 6939//6939 6941//6941
f 1744//1744 1745//1745 3302//3302
f 3302//3302 3340//3340 1744//1744
f 3251//3251 1724//1724 1723//1723
f 3332//3332 3331//3331 3387//3387
f 6940//6940 6924//6924 5484//5484
f 6939//6939 5498//5498 6938//6938
f 1874//1874 1875//1875 3474//3474
f 1850//1850 3348//3348 1854//1854
f 1748//1748 3348//3348 1850//1850
f 3254//3254 1715//1715 3256//3256
f 1723//1723 3276//3276 3251//3251
f 3331//3331 3325//3325 3324//3324
f 1874//1874 3474//3474 5497//5497
f 3348//3348 3397//3397 1854//1854
f 3348//3348 1748//1748 1744//1744
f 1724//1724 3251//3251 3256//3256
f 3277//3277 3283//3283 3278//3278
f 3323//3323 3324//3324 3325//3325
f 1875//1875 1871//1871 3451//3451
f 3302//3302 1745//1745 1720//1720
f 1719//1719 3282//3282 1720//1720
f 3324//3324 3323//3323 3321//3321
f 3325//3325 3331//3331 3332//3332
f 3388//3388 3390//3390 3438//3438
f 1720//1720 3282//3282 3302//3302
f 3257//3257 1719//1719 3255//3255
f 2842//2842 3257//3257 3255//3255
f 3255//3255 3253//3253 2842//2842
f 3277//3277 3278//3278 3276//3276
f 3322//3322 3325//3325 3332//3332
f 1875//1875 3452//3452 3474//3474
f 1875//1875 3451//3451 3452//3452
f 3416//3416 1853//1853 1854//1854
f 3250//3250 3254//3254 3256//3256
f 3251//3251 3250//3250 3256//3256
f 3286//3286 3321//3321 3323//3323
f 3286//3286 3323//3323 3288//3288
f 3416//3416 3452//3452 3451//3451
f 3416//3416 3451//3451 1853//1853
f 3349//3349 3348//3348 1744//1744
f 1744//1744 3341//3341 3349//3349
f 3282//3282 1719//1719 3257//3257
f 3323//3323 3325//3325 3322//3322
f 3322//3322 3332//3332 3333//3333
f 3332//3332 3387//3387 3333//3333
f 3388//3388 3333//3333 3387//3387
f 3417//3417 3416//3416 1854//1854
f 3340//3340 3341//3341 1744//1744
f 3254//3254 2844//2844 3253//3253
f 3326//3326 3322//3322 3333//3333
f 3389//3389 3333//3333 3388//3388
f 3388//3388 3438//3438 3439//3439
f 3445//3445 3439//3439 3438//3438
f 6941//6941 6939//6939 6940//6940
f 3417//3417 1854//1854 3397//3397
f 3397//3397 3348//3348 3398//3398
f 3258//3258 3281//3281 3257//3257
f 2842//2842 3253//3253 2844//2844
f 3254//3254 3250//3250 2844//2844
f 3284//3284 3283//3283 3321//3321
f 3286//3286 3284//3284 3321//3321
f 3286//3286 3285//3285 3293//3293
f 3323//3323 3322//3322 3288//3288
f 3289//3289 3288//3288 3322//3322
f 3351//3351 3333//3333 3389//3389
f 6942//6942 5497//5497 3474//3474
f 3475//3475 3474//3474 3452//3452
f 3417//3417 3397//3397 3394//3394
f 3398//3398 3394//3394 3397//3397
f 3398//3398 3348//3348 3349//3349
f 3282//3282 3257//3257 3281//3281
f 3281//3281 3258//3258 3287//3287
f 3327//3327 3289//3289 3322//3322
f 3327//3327 3322//3322 3326//3326
f 3333//3333 3334//3334 3326//3326
f 3439//3439 3389//3389 3388//3388
f 3445//3445 6924//6924 6943//6943
f 6943//6943 6924//6924 6940//6940
f 3475//3475 3452//3452 3453//3453
f 3452//3452 3416//3416 3453//3453
f 3340//3340 3302//3302 3304//3304
f 3287//3287 3258//3258 3280//3280
f 3288//3288 3287//3287 3280//3280
f 3333//3333 3350//3350 3334//3334
f 3333//3333 3351//3351 3350//3350
f 3445//3445 3476//3476 3439//3439
f 6944//6944 6938//6938 5497//5497
f 3474//3474 3475//3475 6942//6942
f 3419//3419 3417//3417 3418//3418
f 3417//3417 3394//3394 3418//3418
f 3341//3341 3352//3352 3349//3349
f 3341//3341 3340//3340 3304//3304
f 3282//3282 3303//3303 3302//3302
f 3288//3288 3289//3289 3287//3287
f 3290//3290 3287//3287 3289//3289
f 3350//3350 3353//3353 3334//3334
f 3351//3351 3399//3399 3350//3350
f 3389//3389 3396//3396 3351//3351
f 6944//6944 6939//6939 6938//6938
f 6944//6944 5497//5497 6942//6942
f 3475//3475 3453//3453 3455//3455
f 3454//3454 3455//3455 3453//3453
f 3398//3398 3349//3349 3352//3352
f 3304//3304 3337//3337 3341//3341
f 3354//3354 3353//3353 3350//3350
f 3350//3350 3399//3399 3354//3354
f 3399//3399 3351//3351 3400//3400
f 3420//3420 3389//3389 3439//3439
f 3416//3416 3419//3419 3453//3453
f 3419//3419 3416//3416 3417//3417
f 3418//3418 3394//3394 3401//3401
f 3290//3290 3291//3291 3287//3287
f 3389//3389 3420//3420 3396//3396
f 3420//3420 3439//3439 3476//3476
f 3471//3471 3449//3449 3476//3476
f 3476//3476 3472//3472 3471//3471
f 3472//3472 3476//3476 3445//3445
f 6943//6943 6940//6940 6939//6939
f 6944//6944 6945//6945 6939//6939
f 3419//3419 3454//3454 3453//3453
f 3352//3352 3359//3359 3398//3398
f 3337//3337 3304//3304 3335//3335
f 3303//3303 3304//3304 3302//3302
f 3282//3282 3281//3281 3303//3303
f 3354//3354 3355//3355 3353//3353
f 3395//3395 3400//3400 3351//3351
f 3351//3351 3396//3396 3395//3395
f 3420//3420 3415//3415 3396//3396
f 3449//3449 3420//3420 3476//3476
f 6943//6943 6939//6939 6945//6945
f 3477//3477 3475//3475 3455//3455
f 3398//3398 3359//3359 3394//3394
f 3356//3356 3352//3352 3341//3341
f 3281//3281 3287//3287 3291//3291
f 3292//3292 3290//3290 3289//3289
f 3343//3343 3334//3334 3353//3353
f 3354//3354 3399//3399 3364//3364
f 3419//3419 3456//3456 3454//3454
f 3418//3418 3413//3413 3419//3419
f 3418//3418 3401//3401 3413//3413
f 3356//3356 3357//3357 3352//3352
f 3358//3358 3356//3356 3341//3341
f 3341//3341 3337//3337 3358//3358
f 3295//3295 3289//3289 3327//3327
f 3328//3328 3327//3327 3326//3326
f 3334//3334 3343//3343 3329//3329
f 3343//3343 3353//3353 3362//3362
f 3362//3362 3353//3353 3355//3355
f 3458//3458 3450//3450 3457//3457
f 3455//3455 3459//3459 3477//3477
f 3455//3455 3454//3454 3459//3459
f 3357//3357 3359//3359 3352//3352
f 3337//3337 3338//3338 3358//3358
f 3339//3339 3338//3338 3335//3335
f 3303//3303 3305//3305 3304//3304
f 3306//3306 3303//3303 3281//3281
f 3327//3327 3328//3328 3295//3295
f 3297//3297 3291//3291 3290//3290
f 3291//3291 3306//3306 3281//3281
f 3334//3334 3329//3329 3326//3326
f 3328//3328 3326//3326 3329//3329
f 3304//3304 3305//3305 3335//3335
f 3297//3297 3290//3290 3292//3292
f 3305//3305 3303//3303 3306//3306
f 3344//3344 3342//3342 3336//3336
f 3339//3339 3344//3344 3336//3336
f 3329//3329 3343//3343 3345//3345
f 3305//3305 3306//3306 3307//3307
f 3339//3339 3335//3335 3344//3344
f 3306//3306 3291//3291 3297//3297
f 3289//3289 3295//3295 3292//3292
f 3342//3342 3346//3346 3343//3343
f 3305//3305 3308//3308 3335//3335
f 3335//3335 3308//3308 3344//3344
f 3344//3344 3346//3346 3342//3342
f 3344//3344 3308//3308 3347//3347
f 3345//3345 3330//3330 3329//3329
f 3347//3347 3346//3346 3344//3344
f 3308//3308 3313//3313 3347//3347
f 3305//3305 3309//3309 3308//3308
f 3309//3309 3305//3305 3307//3307
f 3295//3295 3296//3296 3292//3292
f 3295//3295 3328//3328 3314//3314
f 3330//3330 3314//3314 3328//3328
f 3329//3329 3330//3330 3328//3328
f 3346//3346 3345//3345 3343//3343
f 3309//3309 3310//3310 3308//3308
f 3307//3307 3311//3311 3309//3309
f 3312//3312 3306//3306 3297//3297
f 3314//3314 3296//3296 3295//3295
f 3313//3313 3308//3308 3310//3310
f 3312//3312 3311//3311 3307//3307
f 3307//3307 3306//3306 3312//3312
f 3292//3292 3298//3298 3297//3297
f 3298//3298 3292//3292 3296//3296
f 3309//3309 3311//3311 3310//3310
f 3300//3300 3312//3312 3297//3297
f 3296//3296 3299//3299 3298//3298
f 3297//3297 3298//3298 3300//3300
f 3314//3314 3330//3330 3345//3345
f 3298//3298 3299//3299 3300//3300
f 3384//3384 3314//3314 3345//3345
f 3299//3299 3315//3315 3300//3300
f 3296//3296 3316//3316 3299//3299
f 3316//3316 3296//3296 3314//3314
f 3346//3346 3384//3384 3345//3345
f 3312//3312 3300//3300 3311//3311
f 3316//3316 3314//3314 3384//3384
f 3299//3299 3316//3316 3315//3315
f 3384//3384 3346//3346 3320//3320
f 3347//3347 3320//3320 3346//3346
f 3313//3313 3310//3310 3318//3318
f 3311//3311 3318//3318 3310//3310
f 3315//3315 3319//3319 3311//3311
f 3315//3315 3311//3311 3300//3300
f 3317//3317 3315//3315 3316//3316
f 3316//3316 3384//3384 3320//3320
f 3313//3313 3318//3318 3347//3347
f 3311//3311 3319//3319 3318//3318
f 3347//3347 3318//3318 3320//3320
f 3316//3316 3320//3320 3317//3317
f 3318//3318 3317//3317 3320//3320
f 3319//3319 3315//3315 3317//3317
f 3319//3319 3317//3317 3318//3318
f 3355//3355 3363//3363 3362//3362
f 3395//3395 3402//3402 3403//3403
f 3358//3358 3338//3338 3360//3360
f 3339//3339 3360//3360 3338//3338
f 3336//3336 3360//3360 3339//3339
f 3360//3360 3361//3361 3358//3358
f 3358//3358 3361//3361 3356//3356
f 3360//3360 3362//3362 3361//3361
f 3355//3355 3364//3364 3363//3363
f 3364//3364 3399//3399 3367//3367
f 3365//3365 3362//3362 3363//3363
f 3403//3403 3402//3402 3404//3404
f 3394//3394 3406//3406 3393//3393
f 3356//3356 3366//3366 3357//3357
f 3362//3362 3365//3365 3361//3361
f 3395//3395 3403//3403 3400//3400
f 3393//3393 3405//3405 3402//3402
f 3399//3399 3400//3400 3367//3367
f 3361//3361 3366//3366 3356//3356
f 3407//3407 3393//3393 3406//3406
f 3361//3361 3365//3365 3366//3366
f 3367//3367 3400//3400 3403//3403
f 3359//3359 3406//3406 3394//3394
f 3404//3404 3402//3402 3405//3405
f 3405//3405 3393//3393 3407//3407
f 3368//3368 3359//3359 3357//3357
f 3366//3366 3369//3369 3357//3357
f 3406//3406 3359//3359 3368//3368
f 3368//3368 3357//3357 3369//3369
f 3369//3369 3371//3371 3368//3368
f 3369//3369 3366//3366 3370//3370
f 3369//3369 3370//3370 3372//3372
f 3370//3370 3366//3366 3373//3373
f 3365//3365 3373//3373 3366//3366
f 3403//3403 3408//3408 3367//3367
f 3407//3407 3406//3406 3371//3371
f 3371//3371 3406//3406 3368//3368
f 3371//3371 3369//3369 3372//3372
f 3367//3367 3374//3374 3364//3364
f 3364//3364 3375//3375 3363//3363
f 3367//3367 3408//3408 3374//3374
f 3376//3376 3371//3371 3372//3372
f 3403//3403 3410//3410 3408//3408
f 3404//3404 3410//3410 3403//3403
f 3377//3377 3365//3365 3363//3363
f 3377//3377 3363//3363 3375//3375
f 3364//3364 3374//3374 3375//3375
f 3378//3378 3375//3375 3374//3374
f 3405//3405 3411//3411 3404//3404
f 3409//3409 3407//3407 3371//3371
f 3374//3374 3408//3408 3432//3432
f 3407//3407 3411//3411 3405//3405
f 3377//3377 3375//3375 3378//3378
f 3382//3382 3378//3378 3374//3374
f 3432//3432 3382//3382 3374//3374
f 3410//3410 3432//3432 3408//3408
f 3410//3410 3404//3404 3411//3411
f 3407//3407 3409//3409 3411//3411
f 3386//3386 3373//3373 3365//3365
f 3386//3386 3365//3365 3377//3377
f 3381//3381 3377//3377 3378//3378
f 3409//3409 3371//3371 3376//3376
f 3373//3373 3372//3372 3370//3370
f 3381//3381 3378//3378 3382//3382
f 3377//3377 3381//3381 3386//3386
f 3410//3410 3433//3433 3432//3432
f 3410//3410 3411//3411 3436//3436
f 3436//3436 3433//3433 3410//3410
f 3411//3411 3409//3409 3436//3436
f 3376//3376 3436//3436 3409//3409
f 3376//3376 3372//3372 3385//3385
f 3372//3372 3373//3373 3385//3385
f 3386//3386 3385//3385 3373//3373
f 3381//3381 3382//3382 3380//3380
f 3433//3433 3380//3380 3382//3382
f 3382//3382 3432//3432 3433//3433
f 3437//3437 3436//3436 3376//3376
f 3385//3385 3437//3437 3376//3376
f 3379//3379 3386//3386 3381//3381
f 3436//3436 3383//3383 3433//3433
f 3386//3386 3379//3379 3385//3385
f 3383//3383 3379//3379 3380//3380
f 3433//3433 3383//3383 3380//3380
f 3379//3379 3381//3381 3380//3380
f 3383//3383 3436//3436 3437//3437
f 3379//3379 3437//3437 3385//3385
f 3437//3437 3379//3379 3383//3383
f 3402//3402 3401//3401 3393//3393
f 3402//3402 3412//3412 3414//3414
f 3461//3461 3420//3420 3449//3449
f 3458//3458 3457//3457 3478//3478
f 6946//6946 3472//3472 3445//3445
f 3477//3477 3459//3459 3479//3479
f 3479//3479 3473//3473 3477//3477
f 3414//3414 3413//3413 3401//3401
f 3401//3401 3394//3394 3393//3393
f 3414//3414 3401//3401 3402//3402
f 3449//3449 3450//3450 3461//3461
f 3478//3478 3457//3457 3471//3471
f 6947//6947 6942//6942 3475//3475
f 3473//3473 3478//3478 3477//3477
f 3479//3479 3459//3459 3473//3473
f 3414//3414 3412//3412 3423//3423
f 3471//3471 3480//3480 3478//3478
f 6943//6943 6948//6948 3445//3445
f 6944//6944 6942//6942 6947//6947
f 3477//3477 3481//3481 3475//3475
f 3480//3480 3482//3482 3478//3478
f 3472//3472 6946//6946 3483//3483
f 6946//6946 3445//3445 6948//6948
f 6947//6947 3475//3475 6949//6949
f 3477//3477 3478//3478 3482//3482
f 3483//3483 3480//3480 3471//3471
f 3483//3483 3471//3471 3472//3472
f 6936//6936 6945//6945 6944//6944
f 6944//6944 6950//6950 6936//6936
f 6950//6950 6944//6944 6947//6947
f 6945//6945 6948//6948 6943//6943
f 3481//3481 6949//6949 3475//3475
f 6947//6947 6949//6949 6950//6950
f 3481//3481 3477//3477 3484//3484
f 3484//3484 3477//3477 3482//3482
f 6936//6936 6948//6948 6945//6945
f 6949//6949 3481//3481 3484//3484
f 3484//3484 6951//6951 6949//6949
f 3480//3480 3447//3447 3482//3482
f 6946//6946 3446//3446 3483//3483
f 6949//6949 6952//6952 6950//6950
f 6952//6952 6949//6949 6951//6951
f 6951//6951 3484//3484 3485//3485
f 6936//6936 6950//6950 6953//6953
f 6952//6952 6953//6953 6950//6950
f 3480//3480 3483//3483 3446//3446
f 3482//3482 3485//3485 3484//3484
f 6952//6952 6951//6951 6953//6953
f 3485//3485 3482//3482 3447//3447
f 6930//6930 6946//6946 6948//6948
f 3446//3446 6946//6946 6930//6930
f 3486//3486 6953//6953 6951//6951
f 3486//3486 6951//6951 3485//3485
f 3485//3485 3447//3447 3487//3487
f 3480//3480 3446//3446 3447//3447
f 6948//6948 6932//6932 6930//6930
f 6936//6936 6953//6953 6937//6937
f 6948//6948 6935//6935 6932//6932
f 6935//6935 6948//6948 6936//6936
f 6937//6937 6935//6935 6936//6936
f 3485//3485 3487//3487 3486//3486
f 6930//6930 6931//6931 3446//3446
f 3447//3447 3446//3446 6933//6933
f 3486//3486 6934//6934 6953//6953
f 6927//6927 6953//6953 6934//6934
f 3487//3487 3447//3447 6933//6933
f 6931//6931 6933//6933 3446//3446
f 6927//6927 6937//6937 6953//6953
f 3487//3487 6934//6934 3486//3486
f 6925//6925 6931//6931 6930//6930
f 6925//6925 6930//6930 6932//6932
f 6937//6937 6927//6927 6935//6935
f 6925//6925 6932//6932 6926//6926
f 6935//6935 6926//6926 6932//6932
f 6933//6933 6928//6928 3487//3487
f 6928//6928 6933//6933 6931//6931
f 6931//6931 6925//6925 6928//6928
f 6927//6927 6926//6926 6935//6935
f 6929//6929 6927//6927 6934//6934
f 3487//3487 6929//6929 6934//6934
f 3487//3487 6928//6928 6929//6929
f 6926//6926 6928//6928 6925//6925
f 6929//6929 6926//6926 6927//6927
f 3460//3460 3450//3450 3458//3458
f 3419//3419 3413//3413 3421//3421
f 3421//3421 3426//3426 3419//3419
f 3424//3424 3421//3421 3413//3413
f 3422//3422 3412//3412 3415//3415
f 3461//3461 3425//3425 3420//3420
f 3460//3460 3458//3458 3465//3465
f 3454//3454 3465//3465 3458//3458
f 3425//3425 3422//3422 3415//3415
f 3420//3420 3425//3425 3415//3415
f 3460//3460 3461//3461 3450//3450
f 3456//3456 3419//3419 3426//3426
f 3414//3414 3424//3424 3413//3413
f 3422//3422 3423//3423 3412//3412
f 3463//3463 3461//3461 3460//3460
f 3456//3456 3464//3464 3454//3454
f 3464//3464 3456//3456 3426//3426
f 3424//3424 3426//3426 3421//3421
f 3465//3465 3488//3488 3460//3460
f 3464//3464 3426//3426 3462//3462
f 3465//3465 3454//3454 3464//3464
f 3462//3462 3426//3426 3466//3466
f 3424//3424 3466//3466 3426//3426
f 3414//3414 3423//3423 3424//3424
f 3425//3425 3461//3461 3463//3463
f 3467//3467 3464//3464 3462//3462
f 3423//3423 3427//3427 3424//3424
f 3464//3464 3467//3467 3465//3465
f 3466//3466 3467//3467 3462//3462
f 3427//3427 3428//3428 3424//3424
f 3463//3463 3460//3460 3488//3488
f 3468//3468 3465//3465 3467//3467
f 3424//3424 3428//3428 3466//3466
f 3469//3469 3466//3466 3428//3428
f 3465//3465 3468//3468 3488//3488
f 3466//3466 3469//3469 3467//3467
f 3422//3422 3430//3430 3423//3423
f 3469//3469 3428//3428 3429//3429
f 3430//3430 3427//3427 3423//3423
f 3422//3422 3425//3425 3391//3391
f 3488//3488 3448//3448 3463//3463
f 3428//3428 3427//3427 3431//3431
f 3430//3430 3422//3422 3391//3391
f 3425//3425 3392//3392 3391//3391
f 3425//3425 3463//3463 3440//3440
f 3468//3468 3467//3467 3470//3470
f 3469//3469 3470//3470 3467//3467
f 3392//3392 3425//3425 3440//3440
f 3441//3441 3440//3440 3463//3463
f 3429//3429 3428//3428 3431//3431
f 3463//3463 3448//3448 3441//3441
f 3498//3498 3470//3470 3469//3469
f 3429//3429 3498//3498 3469//3469
f 3430//3430 3431//3431 3427//3427
f 3492//3492 3498//3498 3429//3429
f 3429//3429 3431//3431 3492//3492
f 3431//3431 3430//3430 3434//3434
f 3493//3493 3488//3488 3468//3468
f 3493//3493 3468//3468 3470//3470
f 3441//3441 3442//3442 3440//3440
f 3430//3430 3391//3391 3434//3434
f 3391//3391 3392//3392 3443//3443
f 3392//3392 3440//3440 3443//3443
f 3442//3442 3443//3443 3440//3440
f 3441//3441 3448//3448 3444//3444
f 3488//3488 3493//3493 3496//3496
f 3441//3441 3444//3444 3442//3442
f 3492//3492 3493//3493 3470//3470
f 3470//3470 3498//3498 3492//3492
f 3434//3434 3391//3391 3435//3435
f 3444//3444 3448//3448 3496//3496
f 3488//3488 3496//3496 3448//3448
f 3435//3435 3391//3391 3443//3443
f 3431//3431 3434//3434 3492//3492
f 3491//3491 3443//3443 3442//3442
f 3442//3442 3444//3444 3491//3491
f 3444//3444 3496//3496 3497//3497
f 3494//3494 3496//3496 3493//3493
f 3494//3494 3493//3493 3492//3492
f 3434//3434 3490//3490 3492//3492
f 3489//3489 3434//3434 3435//3435
f 3443//3443 3491//3491 3435//3435
f 3494//3494 3497//3497 3496//3496
f 3492//3492 3490//3490 3494//3494
f 3434//3434 3489//3489 3490//3490
f 3435//3435 3491//3491 3489//3489
f 3495//3495 3444//3444 3497//3497
f 3495//3495 3497//3497 3494//3494
f 3444//3444 3495//3495 3491//3491
f 3491//3491 3495//3495 3489//3489
f 3490//3490 3489//3489 3494//3494
f 3494//3494 3489//3489 3495//3495
f 3454//3454 3458//3458 3459//3459
f 3459//3459 3458//3458 3473//3473
f 3354//3354 3364//3364 3355//3355
f 3449//3449 3457//3457 3450//3450
f 3471//3471 3457//3457 3449//3449
f 3396//3396 3415//3415 3412//3412
f 3412//3412 3402//3402 3396//3396
f 3396//3396 3402//3402 3395//3395
f 3286//3286 3288//3288 3280//3280
f 3259//3259 3280//3280 3258//3258
f 3257//3257 3259//3259 3258//3258
f 3284//3284 3278//3278 3283//3283
f 3286//3286 3293//3293 3284//3284
f 3286//3286 3259//3259 3285//3285
f 3259//3259 3286//3286 3280//3280
f 3259//3259 3267//3267 3285//3285
f 3259//3259 3261//3261 3267//3267
f 3260//3260 3257//3257 2842//2842
f 3278//3278 3284//3284 3294//3294
f 3267//3267 3261//3261 3262//3262
f 3261//3261 3259//3259 3257//3257
f 3261//3261 3257//3257 3260//3260
f 3251//3251 3276//3276 3252//3252
f 3276//3276 3278//3278 3294//3294
f 3279//3279 3276//3276 3294//3294
f 3294//3294 3284//3284 3293//3293
f 3268//3268 3285//3285 3267//3267
f 3251//3251 3263//3263 3250//3250
f 3251//3251 3252//3252 3263//3263
f 3279//3279 3252//3252 3276//3276
f 3301//3301 3293//3293 3285//3285
f 3285//3285 3268//3268 3301//3301
f 3250//3250 3263//3263 2844//2844
f 3301//3301 3294//3294 3293//3293
f 3262//3262 3268//3268 3267//3267
f 2843//2843 3260//3260 2842//2842
f 3263//3263 2845//2845 2844//2844
f 3294//3294 3301//3301 3279//3279
f 3260//3260 2843//2843 3269//3269
f 2843//2843 2842//2842 2845//2845
f 2845//2845 2842//2842 2844//2844
f 3252//3252 3279//3279 3266//3266
f 3261//3261 3270//3270 3262//3262
f 3270//3270 3261//3261 3260//3260
f 3270//3270 3260//3260 3269//3269
f 3279//3279 3301//3301 3266//3266
f 3301//3301 3271//3271 3266//3266
f 3301//3301 3268//3268 3271//3271
f 3271//3271 3268//3268 3262//3262
f 3269//3269 2843//2843 2846//2846
f 3264//3264 3262//3262 3270//3270
f 2843//2843 2845//2845 2846//2846
f 3265//3265 3263//3263 3252//3252
f 3252//3252 3266//3266 3265//3265
f 3271//3271 3262//3262 3272//3272
f 3262//3262 3264//3264 3272//3272
f 3264//3264 3270//3270 3269//3269
f 3263//3263 3273//3273 2845//2845
f 3274//3274 3266//3266 3271//3271
f 3272//3272 3274//3274 3271//3271
f 2846//2846 2845//2845 3273//3273
f 3265//3265 3273//3273 3263//3263
f 3264//3264 3274//3274 3272//3272
f 3264//3264 3269//3269 3275//3275
f 3269//3269 2846//2846 3275//3275
f 3266//3266 3274//3274 3265//3265
f 3274//3274 3264//3264 3275//3275
f 3273//3273 3265//3265 3274//3274
f 2846//2846 3273//3273 3275//3275
f 3273//3273 3274//3274 3275//3275
f 1674//1674 1542//1542 1527//1527
f 1518//1518 1525//1525 1520//1520
f 5752//5752 5668//5668 5665//5665
f 5652//5652 5650//5650 5666//5666
f 5802//5802 5651//5651 5798//5798
f 5797//5797 5802//5802 5798//5798
f 5786//5786 5757//5757 5758//5758
f 5786//5786 5787//5787 5757//5757
f 5787//5787 5786//5786 5795//5795
f 5703//5703 5704//5704 5716//5716
f 5667//5667 5704//5704 5703//5703
f 5667//5667 5703//5703 5666//5666
f 5666//5666 5665//5665 5652//5652
f 5650//5650 5651//5651 5802//5802
f 5797//5797 5321//5321 5802//5802
f 5755//5755 5756//5756 5780//5780
f 5789//5789 5787//5787 5795//5795
f 5927//5927 5710//5710 5711//5711
f 5667//5667 5666//5666 5650//5650
f 5802//5802 5321//5321 5781//5781
f 5800//5800 5781//5781 5801//5801
f 5755//5755 5781//5781 5800//5800
f 5780//5780 5756//5756 5788//5788
f 5787//5787 5788//5788 5757//5757
f 5757//5757 5788//5788 5756//5756
f 5787//5787 5789//5789 5788//5788
f 5711//5711 5929//5929 5927//5927
f 5929//5929 5711//5711 5716//5716
f 5929//5929 5716//5716 5704//5704
f 5927//5927 5929//5929 5928//5928
f 5802//5802 5782//5782 5650//5650
f 5781//5781 5755//5755 5780//5780
f 5789//5789 5790//5790 5788//5788
f 5790//5790 5789//5789 5928//5928
f 5928//5928 5929//5929 5792//5792
f 5929//5929 5704//5704 5792//5792
f 5704//5704 5667//5667 5793//5793
f 5667//5667 5650//5650 5793//5793
f 5782//5782 5793//5793 5650//5650
f 5781//5781 5782//5782 5802//5802
f 5790//5790 5780//5780 5788//5788
f 5792//5792 5704//5704 5791//5791
f 5704//5704 5793//5793 5791//5791
f 5790//5790 5792//5792 5791//5791
f 5782//5782 5781//5781 5780//5780
f 5790//5790 5791//5791 5780//5780
f 5793//5793 5782//5782 5791//5791
f 5782//5782 5780//5780 5791//5791
f 5792//5792 5790//5790 5928//5928
f 5321//5321 5801//5801 5781//5781
f 1502//1502 1389//1389 1557//1557
f 1361//1361 1162//1162 1360//1360
f 1164//1164 1163//1163 1169//1169
f 5338//5338 5340//5340 5339//5339
f 5878//5878 5832//5832 5836//5836
f 5343//5343 5351//5351 5342//5342
f 5159//5159 5228//5228 5163//5163
f 1689//1689 5158//5158 5157//5157
f 1689//1689 5157//5157 5156//5156
f 1194//1194 314//314 1193//1193
f 5091//5091 5103//5103 5590//5590
f 4554//4554 4547//4547 5594//5594
f 5057//5057 5058//5058 4960//4960
f 1480//1480 4919//4919 4920//4920
f 5100//5100 5093//5093 5104//5104
f 7289//7289 7295//7295 7294//7294
f 7442//7442 7446//7446 7445//7445
f 7324//7324 7382//7382 7326//7326
f 7438//7438 7489//7489 7448//7448
f 7319//7319 7322//7322 7321//7321
f 7314//7314 7313//7313 7311//7311
f 7423//7423 7313//7313 7314//7314
f 7386//7386 7380//7380 7475//7475
f 7306//7306 7301//7301 7304//7304
f 7317//7317 7379//7379 7323//7323
f 7435//7435 7441//7441 7443//7443
f 7367//7367 7300//7300 7303//7303
f 7293//7293 7307//7307 7298//7298
f 7431//7431 7433//7433 7429//7429
f 7430//7430 7437//7437 7431//7431
f 7481//7481 7387//7387 7480//7480
f 7298//7298 7319//7319 7318//7318
f 7426//7426 7428//7428 7316//7316
f 7443//7443 7477//7477 7476//7476
f 7477//7477 7443//7443 7486//7486
f 7439//7439 7441//7441 7428//7428
f 7308//7308 7299//7299 7298//7298
f 7391//7391 7381//7381 7374//7374
f 7290//7290 7291//7291 7304//7304
f 7448//7448 7447//7447 7433//7433
f 7448//7448 7446//7446 7447//7447
f 7289//7289 7293//7293 7298//7298
f 7298//7298 7307//7307 7308//7308
f 7375//7375 7383//7383 7382//7382
f 7372//7372 7374//7374 7309//7309
f 7324//7324 7309//7309 7375//7375
f 7479//7479 7489//7489 7438//7438
f 7436//7436 7478//7478 7438//7438
f 7436//7436 7438//7438 7437//7437
f 7321//7321 7431//7431 7429//7429
f 7322//7322 7325//7325 7430//7430
f 7387//7387 7388//7388 7386//7386
f 7385//7385 7384//7384 7377//7377
f 7369//7369 7378//7378 7377//7377
f 7490//7490 7485//7485 7483//7483
f 7432//7432 7427//7427 7429//7429
f 7319//7319 7429//7429 7314//7314
f 7424//7424 7423//7423 7427//7427
f 7426//7426 7312//7312 7424//7424
f 7435//7435 7434//7434 7425//7425
f 7379//7379 7380//7380 7323//7323
f 7306//7306 7371//7371 7366//7366
f 7488//7488 7487//7487 7486//7486
f 7489//7489 7446//7446 7448//7448
f 7439//7439 7440//7440 7442//7442
f 7289//7289 7294//7294 7291//7291
f 7365//7365 7370//7370 7368//7368
f 7366//7366 7369//7369 7365//7365
f 7367//7367 7308//7308 7307//7307
f 7308//7308 7367//7367 7372//7372
f 7377//7377 7374//7374 7370//7370
f 7475//7475 7477//7477 7480//7480
f 7322//7322 7319//7319 7320//7320
f 7389//7389 7384//7384 7385//7385
f 7316//7316 7310//7310 7312//7312
f 7316//7316 7315//7315 7310//7310
f 7305//7305 7317//7317 7323//7323
f 7292//7292 7303//7303 7300//7300
f 7436//7436 7326//7326 7382//7382
f 7391//7391 7478//7478 7383//7383
f 7386//7386 7376//7376 7380//7380
f 7377//7377 7370//7370 7369//7369
f 7385//7385 7388//7388 7389//7389
f 7481//7481 7389//7389 7388//7388
f 7386//7386 7475//7475 7387//7387
f 7392//7392 7478//7478 7391//7391
f 7485//7485 7389//7389 7482//7482
f 7314//7314 7311//7311 7318//7318
f 7379//7379 7317//7317 7434//7434
f 7486//7486 7445//7445 7446//7446
f 7440//7440 7439//7439 7427//7427
f 7442//7442 7445//7445 7439//7439
f 7301//7301 7302//7302 7290//7290
f 7292//7292 7302//7302 7303//7303
f 7368//7368 7367//7367 7303//7303
f 7308//7308 7372//7372 7309//7309
f 7299//7299 7320//7320 7298//7298
f 7294//7294 7296//7296 7291//7291
f 7291//7291 7296//7296 7310//7310
f 7291//7291 7310//7310 7297//7297
f 7448//7448 7433//7433 7431//7431
f 7374//7374 7381//7381 7375//7375
f 7478//7478 7479//7479 7438//7438
f 7484//7484 7479//7479 7478//7478
f 7369//7369 7376//7376 7378//7378
f 7485//7485 7490//7490 7484//7484
f 7319//7319 7298//7298 7320//7320
f 7432//7432 7429//7429 7433//7433
f 7428//7428 7425//7425 7316//7316
f 7476//7476 7477//7477 7475//7475
f 7366//7366 7371//7371 7369//7369
f 7369//7369 7371//7371 7376//7376
f 7479//7479 7484//7484 7490//7490
f 7479//7479 7490//7490 7488//7488
f 7439//7439 7428//7428 7426//7426
f 7372//7372 7373//7373 7374//7374
f 7324//7324 7299//7299 7309//7309
f 7299//7299 7308//7308 7309//7309
f 7326//7326 7325//7325 7324//7324
f 7324//7324 7325//7325 7299//7299
f 7325//7325 7320//7320 7299//7299
f 7322//7322 7320//7320 7325//7325
f 7377//7377 7390//7390 7374//7374
f 7384//7384 7392//7392 7390//7390
f 7389//7389 7392//7392 7384//7384
f 7384//7384 7390//7390 7377//7377
f 7390//7390 7391//7391 7374//7374
f 7392//7392 7391//7391 7390//7390
f 7311//7311 7294//7294 7295//7295
f 7296//7296 7294//7294 7311//7311
f 7311//7311 7313//7313 7296//7296
f 7310//7310 7296//7296 7312//7312
f 7312//7312 7296//7296 7313//7313
f 7316//7316 7317//7317 7315//7315
f 7297//7297 7310//7310 7315//7315
f 7305//7305 7315//7315 7317//7317
f 7297//7297 7315//7315 7305//7305
f 7304//7304 7291//7291 7297//7297
f 7305//7305 7306//7306 7304//7304
f 7305//7305 7304//7304 7297//7297
f 7442//7442 7440//7440 7447//7447
f 7447//7447 7446//7446 7442//7442
f 7440//7440 7432//7432 7433//7433
f 7447//7447 7440//7440 7433//7433
f 7289//7289 7292//7292 7293//7293
f 7295//7295 7289//7289 7298//7298
f 7307//7307 7300//7300 7367//7367
f 7307//7307 7293//7293 7300//7300
f 7292//7292 7300//7300 7293//7293
f 7391//7391 7383//7383 7381//7381
f 7383//7383 7375//7375 7381//7381
f 7324//7324 7375//7375 7382//7382
f 7375//7375 7309//7309 7374//7374
f 7382//7382 7478//7478 7436//7436
f 7383//7383 7478//7478 7382//7382
f 7322//7322 7430//7430 7321//7321
f 7431//7431 7321//7321 7430//7430
f 7326//7326 7436//7436 7437//7437
f 7437//7437 7430//7430 7326//7326
f 7430//7430 7325//7325 7326//7326
f 7448//7448 7431//7431 7438//7438
f 7437//7437 7438//7438 7431//7431
f 7376//7376 7386//7386 7378//7378
f 7388//7388 7385//7385 7378//7378
f 7378//7378 7386//7386 7388//7388
f 7377//7377 7378//7378 7385//7385
f 7481//7481 7480//7480 7477//7477
f 7477//7477 7483//7483 7481//7481
f 7481//7481 7388//7388 7387//7387
f 7482//7482 7389//7389 7483//7483
f 7481//7481 7483//7483 7389//7389
f 7480//7480 7387//7387 7475//7475
f 7485//7485 7484//7484 7392//7392
f 7484//7484 7478//7478 7392//7392
f 7392//7392 7389//7389 7485//7485
f 7485//7485 7482//7482 7483//7483
f 7311//7311 7295//7295 7318//7318
f 7314//7314 7318//7318 7319//7319
f 7298//7298 7318//7318 7295//7295
f 7432//7432 7440//7440 7427//7427
f 7427//7427 7314//7314 7429//7429
f 7314//7314 7427//7427 7423//7423
f 7429//7429 7319//7319 7321//7321
f 7312//7312 7426//7426 7316//7316
f 7313//7313 7423//7423 7424//7424
f 7312//7312 7313//7313 7424//7424
f 7426//7426 7427//7427 7439//7439
f 7424//7424 7427//7427 7426//7426
f 7441//7441 7435//7435 7428//7428
f 7428//7428 7435//7435 7425//7425
f 7317//7317 7425//7425 7434//7434
f 7316//7316 7425//7425 7317//7317
f 7434//7434 7476//7476 7379//7379
f 7475//7475 7379//7379 7476//7476
f 7380//7380 7379//7379 7475//7475
f 7435//7435 7443//7443 7476//7476
f 7434//7434 7435//7435 7476//7476
f 7306//7306 7323//7323 7371//7371
f 7305//7305 7323//7323 7306//7306
f 7323//7323 7380//7380 7371//7371
f 7380//7380 7376//7376 7371//7371
f 7483//7483 7487//7487 7490//7490
f 7490//7490 7487//7487 7488//7488
f 7486//7486 7446//7446 7488//7488
f 7488//7488 7489//7489 7479//7479
f 7446//7446 7489//7489 7488//7488
f 7443//7443 7444//7444 7486//7486
f 7444//7444 7445//7445 7486//7486
f 7486//7486 7487//7487 7477//7477
f 7477//7477 7487//7487 7483//7483
f 7439//7439 7444//7444 7441//7441
f 7444//7444 7439//7439 7445//7445
f 7443//7443 7441//7441 7444//7444
f 7290//7290 7304//7304 7301//7301
f 7290//7290 7302//7302 7292//7292
f 7290//7290 7289//7289 7291//7291
f 7289//7289 7290//7290 7292//7292
f 7370//7370 7365//7365 7369//7369
f 7302//7302 7365//7365 7303//7303
f 7365//7365 7368//7368 7303//7303
f 7366//7366 7301//7301 7306//7306
f 7366//7366 7365//7365 7301//7301
f 7302//7302 7301//7301 7365//7365
f 7367//7367 7373//7373 7372//7372
f 7368//7368 7373//7373 7367//7367
f 7373//7373 7370//7370 7374//7374
f 7368//7368 7370//7370 7373//7373
f 7406//7406 7395//7395 7399//7399
f 7358//7358 7357//7357 7356//7356
f 7411//7411 7412//7412 7416//7416
f 7340//7340 7343//7343 7393//7393
f 7416//7416 7412//7412 7497//7497
f 7421//7421 7419//7419 7501//7501
f 7354//7354 7349//7349 7333//7333
f 7333//7333 7350//7350 7354//7354
f 7493//7493 7460//7460 7466//7466
f 7470//7470 7473//7473 7506//7506
f 7468//7468 7473//7473 7470//7470
f 7402//7402 7396//7396 7397//7397
f 7349//7349 7359//7359 7332//7332
f 7398//7398 7411//7411 7399//7399
f 7467//7467 7466//7466 7454//7454
f 7459//7459 7454//7454 7466//7466
f 7402//7402 7409//7409 7404//7404
f 7496//7496 7501//7501 7502//7502
f 7452//7452 7350//7350 7450//7450
f 7403//7403 7347//7347 7405//7405
f 7505//7505 7504//7504 7493//7493
f 7394//7394 7393//7393 7395//7395
f 7360//7360 7359//7359 7354//7354
f 7397//7397 7415//7415 7408//7408
f 7334//7334 7335//7335 7328//7328
f 7355//7355 7336//7336 7335//7335
f 7468//7468 7470//7470 7464//7464
f 7464//7464 7453//7453 7468//7468
f 7343//7343 7410//7410 7398//7398
f 7411//7411 7398//7398 7412//7412
f 7412//7412 7410//7410 7491//7491
f 7491//7491 7460//7460 7492//7492
f 7460//7460 7413//7413 7459//7459
f 7419//7419 7420//7420 7422//7422
f 7409//7409 7420//7420 7419//7419
f 7419//7419 7405//7405 7409//7409
f 7420//7420 7408//7408 7415//7415
f 7502//7502 7498//7498 7500//7500
f 7416//7416 7418//7418 7407//7407
f 7497//7497 7499//7499 7418//7418
f 7499//7499 7500//7500 7498//7498
f 7330//7330 7328//7328 7336//7336
f 7358//7358 7456//7456 7357//7357
f 7461//7461 7358//7358 7363//7363
f 7456//7456 7358//7358 7462//7462
f 7494//7494 7501//7501 7496//7496
f 7501//7501 7494//7494 7421//7421
f 7462//7462 7494//7494 7463//7463
f 7403//7403 7362//7362 7348//7348
f 7469//7469 7505//7505 7493//7493
f 7465//7465 7471//7471 7468//7468
f 7474//7474 7473//7473 7472//7472
f 7329//7329 7344//7344 7334//7334
f 7401//7401 7345//7345 7402//7402
f 7345//7345 7400//7400 7344//7344
f 7401//7401 7400//7400 7345//7345
f 7345//7345 7394//7394 7396//7396
f 7406//7406 7407//7407 7395//7395
f 7337//7337 7335//7335 7334//7334
f 7449//7449 7452//7452 7454//7454
f 7493//7493 7504//7504 7492//7492
f 7503//7503 7495//7495 7496//7496
f 7471//7471 7457//7457 7456//7456
f 7408//7408 7402//7402 7397//7397
f 7416//7416 7406//7406 7411//7411
f 7337//7337 7358//7358 7356//7356
f 7363//7363 7362//7362 7364//7364
f 7347//7347 7348//7348 7346//7346
f 7341//7341 7342//7342 7338//7338
f 7343//7343 7361//7361 7410//7410
f 7361//7361 7413//7413 7410//7410
f 7343//7343 7398//7398 7393//7393
f 7350//7350 7449//7449 7354//7354
f 7413//7413 7360//7360 7459//7459
f 7361//7361 7360//7360 7413//7413
f 7405//7405 7419//7419 7421//7421
f 7417//7417 7420//7420 7415//7415
f 7417//7417 7498//7498 7502//7502
f 7501//7501 7419//7419 7422//7422
f 7418//7418 7498//7498 7417//7417
f 7330//7330 7352//7352 7351//7351
f 7352//7352 7353//7353 7351//7351
f 7353//7353 7352//7352 7455//7455
f 7455//7455 7352//7352 7355//7355
f 7463//7463 7458//7458 7462//7462
f 7363//7363 7364//7364 7461//7461
f 7461//7461 7364//7364 7462//7462
f 7364//7364 7362//7362 7403//7403
f 7421//7421 7414//7414 7405//7405
f 7500//7500 7504//7504 7503//7503
f 7506//7506 7505//7505 7470//7470
f 7465//7465 7453//7453 7457//7457
f 7458//7458 7463//7463 7472//7472
f 7342//7342 7344//7344 7338//7338
f 7327//7327 7329//7329 7328//7328
f 7346//7346 7400//7400 7347//7347
f 7341//7341 7340//7340 7393//7393
f 7341//7341 7394//7394 7342//7342
f 7349//7349 7331//7331 7333//7333
f 7331//7331 7349//7349 7332//7332
f 7395//7395 7407//7407 7397//7397
f 7355//7355 7335//7335 7356//7356
f 7335//7335 7337//7337 7356//7356
f 7348//7348 7337//7337 7334//7334
f 7346//7346 7348//7348 7334//7334
f 7452//7452 7464//7464 7454//7454
f 7467//7467 7454//7454 7464//7464
f 7331//7331 7332//7332 7327//7327
f 7332//7332 7339//7339 7327//7327
f 7399//7399 7411//7411 7406//7406
f 7449//7449 7454//7454 7459//7459
f 7409//7409 7405//7405 7404//7404
f 7496//7496 7502//7502 7503//7503
f 7492//7492 7499//7499 7497//7497
f 7333//7333 7331//7331 7327//7327
f 7452//7452 7449//7449 7350//7350
f 7456//7456 7462//7462 7458//7458
f 7496//7496 7495//7495 7494//7494
f 7404//7404 7405//7405 7347//7347
f 7504//7504 7499//7499 7492//7492
f 7495//7495 7503//7503 7474//7474
f 7471//7471 7465//7465 7457//7457
f 7456//7456 7458//7458 7471//7471
f 7334//7334 7344//7344 7346//7346
f 7401//7401 7402//7402 7404//7404
f 7404//7404 7347//7347 7401//7401
f 7399//7399 7395//7395 7393//7393
f 7332//7332 7359//7359 7343//7343
f 7343//7343 7340//7340 7332//7332
f 7360//7360 7361//7361 7359//7359
f 7361//7361 7343//7343 7359//7359
f 7354//7354 7359//7359 7349//7349
f 7407//7407 7415//7415 7397//7397
f 7415//7415 7418//7418 7417//7417
f 7418//7418 7415//7415 7407//7407
f 7416//7416 7407//7407 7406//7406
f 7328//7328 7335//7335 7336//7336
f 7336//7336 7352//7352 7330//7330
f 7336//7336 7355//7355 7352//7352
f 7356//7356 7357//7357 7355//7355
f 7363//7363 7358//7358 7337//7337
f 7362//7362 7337//7337 7348//7348
f 7362//7362 7363//7363 7337//7337
f 7467//7467 7469//7469 7466//7466
f 7464//7464 7469//7469 7467//7467
f 7469//7469 7464//7464 7470//7470
f 7453//7453 7464//7464 7452//7452
f 7327//7327 7338//7338 7329//7329
f 7327//7327 7339//7339 7338//7338
f 7339//7339 7341//7341 7338//7338
f 7339//7339 7332//7332 7340//7340
f 7339//7339 7340//7340 7341//7341
f 7410//7410 7412//7412 7398//7398
f 7399//7399 7393//7393 7398//7398
f 7493//7493 7492//7492 7460//7460
f 7413//7413 7491//7491 7410//7410
f 7491//7491 7413//7413 7460//7460
f 7412//7412 7491//7491 7497//7497
f 7492//7492 7497//7497 7491//7491
f 7360//7360 7354//7354 7449//7449
f 7360//7360 7449//7449 7459//7459
f 7460//7460 7459//7459 7466//7466
f 7408//7408 7420//7420 7409//7409
f 7408//7408 7409//7409 7402//7402
f 7500//7500 7503//7503 7502//7502
f 7422//7422 7417//7417 7502//7502
f 7422//7422 7420//7420 7417//7417
f 7422//7422 7502//7502 7501//7501
f 7418//7418 7416//7416 7497//7497
f 7499//7499 7498//7498 7418//7418
f 7333//7333 7351//7351 7350//7350
f 7351//7351 7333//7333 7330//7330
f 7330//7330 7333//7333 7327//7327
f 7328//7328 7330//7330 7327//7327
f 7451//7451 7450//7450 7353//7353
f 7453//7453 7450//7450 7451//7451
f 7450//7450 7453//7453 7452//7452
f 7353//7353 7450//7450 7350//7350
f 7353//7353 7350//7350 7351//7351
f 7456//7456 7455//7455 7357//7357
f 7451//7451 7353//7353 7455//7455
f 7455//7455 7355//7355 7357//7357
f 7451//7451 7455//7455 7457//7457
f 7456//7456 7457//7457 7455//7455
f 7457//7457 7453//7453 7451//7451
f 7358//7358 7461//7461 7462//7462
f 7414//7414 7421//7421 7494//7494
f 7462//7462 7364//7364 7494//7494
f 7364//7364 7414//7414 7494//7494
f 7494//7494 7495//7495 7463//7463
f 7348//7348 7347//7347 7403//7403
f 7364//7364 7403//7403 7414//7414
f 7405//7405 7414//7414 7403//7403
f 7503//7503 7504//7504 7506//7506
f 7500//7500 7499//7499 7504//7504
f 7505//7505 7469//7469 7470//7470
f 7506//7506 7504//7504 7505//7505
f 7466//7466 7469//7469 7493//7493
f 7495//7495 7472//7472 7463//7463
f 7474//7474 7472//7472 7495//7495
f 7473//7473 7474//7474 7506//7506
f 7506//7506 7474//7474 7503//7503
f 7468//7468 7453//7453 7465//7465
f 7473//7473 7468//7468 7471//7471
f 7472//7472 7471//7471 7458//7458
f 7472//7472 7473//7473 7471//7471
f 7329//7329 7338//7338 7344//7344
f 7328//7328 7329//7329 7334//7334
f 7396//7396 7402//7402 7345//7345
f 7345//7345 7344//7344 7342//7342
f 7342//7342 7394//7394 7345//7345
f 7401//7401 7347//7347 7400//7400
f 7344//7344 7400//7400 7346//7346
f 7394//7394 7341//7341 7393//7393
f 7396//7396 7395//7395 7397//7397
f 7395//7395 7396//7396 7394//7394
